dataset,model,curve,h_lo,h_hi,value,ci_lo,ci_hi,n_examples
taco,B0,dense,1,8,0.8061877320079864,0.7567550026128299,0.8610022524422968,364
taco,B0,dense,9,16,1.3374427111517475,1.2519911545712625,1.4327103787879092,364
taco,B0,dense,17,32,1.798204067245044,1.6796048786824633,1.9178693514639613,364
taco,B0,dense,33,48,1.9715936577080615,1.830114317452534,2.106010606780914,364
taco,B0,dense,49,63,1.9770917026660382,1.8414069197616305,2.111900517681056,364
taco,B0,part,1,8,0.13747710966924717,0.1249441112998676,0.14890079466604905,364
taco,B0,part,9,16,0.16225961914060863,0.14757138233707082,0.17660250667395688,364
taco,B0,part,17,32,0.19757326470514003,0.18047057955596144,0.21294496407650815,364
taco,B0,part,33,48,0.2077896110815825,0.18883130567834283,0.22553097698795946,364
taco,B0,part,49,63,0.2047924344929365,0.18599776181540084,0.22444068388947297,364
taco,B0,amount,1,8,0.2686724853940157,0.2542105466758328,0.28595871846915916,364
taco,B0,amount,9,16,0.3609344336572986,0.33867398246993197,0.3852117208149223,364
taco,B0,amount,17,32,0.45909846320704834,0.4320299212878223,0.48364296022201886,364
taco,B0,amount,33,48,0.5166205656003133,0.48800608146607977,0.5428020347191264,364
taco,B0,amount,49,63,0.5317764268526227,0.5039592113635517,0.5584599131439453,364
taco,B0,centroid,1,8,0.24697192753149888,0.22020578132058635,0.2726102428186008,363
taco,B0,centroid,9,16,0.2654395973484887,0.24272365737855836,0.28951242343745337,349
taco,B0,centroid,17,32,0.2745664600095982,0.25201300635258495,0.29530178238606886,362
taco,B0,centroid,33,48,0.2383923034716566,0.2167960003969155,0.25930649411649054,364
taco,B0,centroid,49,63,0.2371508036592945,0.21711520396159537,0.25694606197333164,364
taco,B0,normal,1,8,46.10855940086653,43.19048238774405,48.65371752753181,363
taco,B0,normal,9,16,51.910539226616265,49.43529236137246,54.29233003128614,349
taco,B0,normal,17,32,53.3698440320443,51.37283995713504,55.26950952576101,362
taco,B0,normal,33,48,51.75693109990145,49.76574386721179,53.59080878678526,364
taco,B0,normal,49,63,52.517537300807994,50.52693930896047,54.50950018154734,364
taco,B0,wrench,1,8,0.5303677001783991,0.4966459164412108,0.5604478125342798,364
taco,B0,wrench,9,16,0.5260551532088861,0.4945888864649267,0.5568486635804074,350
taco,B0,wrench,17,32,0.5309874070159738,0.5032903833179335,0.5556294070709197,362
taco,B0,wrench,33,48,0.4543941991791049,0.42958462350362886,0.4787809818590991,364
taco,B0,wrench,49,63,0.4344064269000435,0.41213209792106054,0.45740824697405347,364
taco,B1,dense,1,8,1.1460665571400999,1.0787097610129475,1.2283443940398306,364
taco,B1,dense,9,16,1.46003304889354,1.3660699213249594,1.5689187770991344,364
taco,B1,dense,17,32,1.7952021718982116,1.6790812785358253,1.9152072026826104,364
taco,B1,dense,33,48,1.9212014032425462,1.782382528389974,2.0652362251666134,364
taco,B1,dense,49,63,1.919417866521375,1.7843594746062952,2.08548815572477,364
taco,B1,part,1,8,0.15842491249134252,0.14542324935436213,0.17051899713803303,364
taco,B1,part,9,16,0.16907051690741554,0.15368078576653044,0.18435813109456814,364
taco,B1,part,17,32,0.18621222950405553,0.17171698399818197,0.2012112220121003,364
taco,B1,part,33,48,0.1836366800407132,0.1659082612028206,0.20038885624241667,364
taco,B1,part,49,63,0.1746337038884451,0.15782016209356511,0.19114728771516978,364
taco,B1,amount,1,8,0.26555493185279067,0.24904690663813844,0.28285535526494765,364
taco,B1,amount,9,16,0.3659389182142619,0.34274293571364256,0.3918423567718434,364
taco,B1,amount,17,32,0.46103319653471714,0.4344868382950449,0.4856304994237258,364
taco,B1,amount,33,48,0.5120937361437597,0.48421243685034127,0.5370768090846681,364
taco,B1,amount,49,63,0.5282449795226584,0.4983858996999229,0.5564516807385625,364
taco,B1,centroid,1,8,0.29270060285506205,0.2645553703757043,0.31641209752140553,363
taco,B1,centroid,9,16,0.27605738905751365,0.254400710566547,0.2996006503072592,349
taco,B1,centroid,17,32,0.25260732955221976,0.23278477477639345,0.2721119307903755,362
taco,B1,centroid,33,48,0.212850307546152,0.1950832515769491,0.2309883042412742,364
taco,B1,centroid,49,63,0.2116634604628556,0.1963721575304951,0.22922360665915262,364
taco,B1,normal,1,8,50.5210922696338,47.68592868173239,52.964337020349504,363
taco,B1,normal,9,16,53.04987805207454,50.619821764644485,55.386907059486624,349
taco,B1,normal,17,32,51.299025109816405,49.34203117847909,53.226559841335245,362
taco,B1,normal,33,48,49.33011191204789,47.45337588020245,51.11957110016853,364
taco,B1,normal,49,63,50.31036514755648,48.41845274571747,52.32512072195319,364
taco,B1,wrench,1,8,0.5808775641484414,0.5517711554796619,0.608360060043182,364
taco,B1,wrench,9,16,0.5396761679667663,0.5089195594270169,0.569560292302737,350
taco,B1,wrench,17,32,0.5031544042745817,0.47914772290618357,0.5283256432556137,362
taco,B1,wrench,33,48,0.4285153986099137,0.40657803724373254,0.451337346756771,364
taco,B1,wrench,49,63,0.4007007087633006,0.38075517083408794,0.42120400744345865,364
taco,B2,dense,1,8,1.1409794637961517,1.0752195239114029,1.2220097750393302,364
taco,B2,dense,9,16,1.4604163874160745,1.367129984707225,1.567450627874013,364
taco,B2,dense,17,32,1.7852601460692892,1.6639828679555,1.9052515885701224,364
taco,B2,dense,33,48,1.9119905116341005,1.7699076748491627,2.0531992230909912,364
taco,B2,dense,49,63,1.9219462515315513,1.7782281049117044,2.082490967598521,364
taco,B2,part,1,8,0.16019917995883867,0.14687042523589114,0.17290052450386606,364
taco,B2,part,9,16,0.1706730810219197,0.15470572689036854,0.18645651097174673,364
taco,B2,part,17,32,0.186154994975448,0.17161335060653862,0.2001250117717821,364
taco,B2,part,33,48,0.18343635950145404,0.16561913686257304,0.19941153627849198,364
taco,B2,part,49,63,0.17408425324074514,0.15717184461504224,0.19045986295879277,364
taco,B2,amount,1,8,0.2650392505559836,0.24826586825876368,0.28281054072448075,364
taco,B2,amount,9,16,0.3653864301705143,0.3420082004085139,0.39064525107999737,364
taco,B2,amount,17,32,0.4603132454852,0.4331447004771957,0.48495650695440345,364
taco,B2,amount,33,48,0.5120212827373557,0.4847218363433938,0.5370787489886772,364
taco,B2,amount,49,63,0.5294911469813885,0.49995073739775886,0.5583678692524123,364
taco,B2,centroid,1,8,0.2963818213418404,0.26697857209884635,0.32087670221531833,363
taco,B2,centroid,9,16,0.2818514408888822,0.2583364902068197,0.30654683458884746,349
taco,B2,centroid,17,32,0.25373869245955144,0.23399934865675895,0.27266217255436465,362
taco,B2,centroid,33,48,0.21566883074858628,0.19759141459949936,0.23321056845695193,364
taco,B2,centroid,49,63,0.21261766366158624,0.19616618230588545,0.22967634124280834,364
taco,B2,normal,1,8,50.78940222040063,47.92378806877237,53.30473133090615,363
taco,B2,normal,9,16,53.769004613341735,51.29257863012334,56.0642266940631,349
taco,B2,normal,17,32,51.44194360326898,49.51025322729782,53.35664911306132,362
taco,B2,normal,33,48,49.56019005216582,47.747522157246934,51.36820879738352,364
taco,B2,normal,49,63,50.38561297801544,48.503138857672,52.33877775583752,364
taco,B2,wrench,1,8,0.5844919347411635,0.5535049469732455,0.6125986335286607,364
taco,B2,wrench,9,16,0.5481071292749434,0.5143889761570828,0.5794553159197625,350
taco,B2,wrench,17,32,0.5023894561967014,0.4792559109470494,0.5275160555567113,362
taco,B2,wrench,33,48,0.42765852225049084,0.40528881669914857,0.45133167088609866,364
taco,B2,wrench,49,63,0.3993990916595514,0.37923365760296646,0.41890830691579267,364
taco,B2_zonly,dense,1,8,1.1434808507341645,1.0779909535025514,1.223966442912422,364
taco,B2_zonly,dense,9,16,1.4629022477688471,1.3695508560825467,1.5697275495597915,364
taco,B2_zonly,dense,17,32,1.7860306208098695,1.6647960814033418,1.9058632735024899,364
taco,B2_zonly,dense,33,48,1.9118735655607493,1.769786052675043,2.053987450549388,364
taco,B2_zonly,dense,49,63,1.9219930881491072,1.77908989587283,2.0827982772125653,364
taco,B2_zonly,part,1,8,0.16031364879601603,0.14703523495725526,0.1729748024476776,364
taco,B2_zonly,part,9,16,0.16970009565005426,0.15400265098153226,0.18490376302803263,364
taco,B2_zonly,part,17,32,0.1861549950087095,0.17174347581837332,0.20066753969171697,364
taco,B2_zonly,part,33,48,0.18326465619963359,0.1654756020286606,0.19940127166266525,364
taco,B2_zonly,part,49,63,0.17347375261205022,0.15675572928331322,0.18981012114866233,364
taco,B2_zonly,amount,1,8,0.2658662186049796,0.24915587838709638,0.28364831280685904,364
taco,B2_zonly,amount,9,16,0.3661861876593481,0.3428350503777164,0.39165727237827386,364
taco,B2_zonly,amount,17,32,0.46059455196678595,0.4334764928359874,0.485144957541266,364
taco,B2_zonly,amount,33,48,0.5119394656313279,0.48463018975871874,0.536849629408158,364
taco,B2_zonly,amount,49,63,0.529298502013715,0.4996575049496874,0.5580144723766527,364
taco,B2_zonly,centroid,1,8,0.294982905371765,0.26583941839785963,0.32010082058295286,363
taco,B2_zonly,centroid,9,16,0.28001345001538475,0.2569158728087993,0.30383989941419043,349
taco,B2_zonly,centroid,17,32,0.2532161386960743,0.23352211640614925,0.2723291198754069,362
taco,B2_zonly,centroid,33,48,0.2143786574534237,0.19602255534866278,0.23188231020314648,364
taco,B2_zonly,centroid,49,63,0.21204719267164665,0.1955567431119829,0.22919302053343235,364
taco,B2_zonly,normal,1,8,50.72638198289697,47.800320535250535,53.24148106601907,363
taco,B2_zonly,normal,9,16,53.58076705483173,51.126608865647796,55.9020708751211,349
taco,B2_zonly,normal,17,32,51.354276664845436,49.42457580576248,53.244635785872575,362
taco,B2_zonly,normal,33,48,49.45331660614873,47.58286473745836,51.23576678302379,364
taco,B2_zonly,normal,49,63,50.330968422909365,48.42574759116064,52.281683085704344,364
taco,B2_zonly,wrench,1,8,0.5841496469246737,0.5529184827880186,0.6123305448559413,364
taco,B2_zonly,wrench,9,16,0.5472594254626353,0.5144782741432368,0.5788308047942399,350
taco,B2_zonly,wrench,17,32,0.5011024478768852,0.4783448486734296,0.5261845638729893,362
taco,B2_zonly,wrench,33,48,0.42662258779426654,0.404310845076708,0.449259338665127,364
taco,B2_zonly,wrench,49,63,0.3985392745885918,0.3782843681918341,0.41799316967302536,364
taco,D0_prev,dense,1,8,0.8518453591550962,0.7963731719047847,0.9076517091632803,364
taco,D0_prev,dense,9,16,1.4212922536292123,1.3267905971844332,1.5248067173487883,364
taco,D0_prev,dense,17,32,1.8812042788129926,1.7604418161783688,1.9962161438419261,364
taco,D0_prev,dense,33,48,2.0359697367265928,1.8871602317665843,2.175694105953593,364
taco,D0_prev,dense,49,63,2.0627070422228586,1.924478369349825,2.210812230015709,364
taco,D0_prev,part,1,8,0.13885073612474805,0.12559527166475196,0.15025749160387922,364
taco,D0_prev,part,9,16,0.16615156070823908,0.15041741202444092,0.18156713585170597,364
taco,D0_prev,part,17,32,0.19619009923189878,0.179823242321171,0.2103714027817361,364
taco,D0_prev,part,33,48,0.1922218452724577,0.17485453832378414,0.20853636686250365,364
taco,D0_prev,part,49,63,0.18657916611531275,0.1693123794126583,0.20345053456093007,364
taco,D0_prev,amount,1,8,0.261047969006054,0.24664277728171377,0.27726075247293847,364
taco,D0_prev,amount,9,16,0.3662710019663339,0.3428551687981121,0.39170452606200834,364
taco,D0_prev,amount,17,32,0.46804262112493816,0.4409612105779457,0.49255523018469394,364
taco,D0_prev,amount,33,48,0.5232745819492052,0.49451600099046855,0.5501626877338012,364
taco,D0_prev,amount,49,63,0.5386692103844533,0.5084408492913676,0.5667374865333424,364
taco,D0_prev,centroid,1,8,0.2596694621931587,0.23175620396454402,0.28596572957970734,363
taco,D0_prev,centroid,9,16,0.2739403275905409,0.2499441789177632,0.29708272713643535,349
taco,D0_prev,centroid,17,32,0.2743889047249645,0.2519182607520795,0.29437207697478174,362
taco,D0_prev,centroid,33,48,0.22778553542007718,0.2092262789387272,0.24821772258380762,364
taco,D0_prev,centroid,49,63,0.22705297041286385,0.2085333754455179,0.246161785999267,364
taco,D0_prev,normal,1,8,47.508200185077435,44.44649094805454,50.08493639649084,363
taco,D0_prev,normal,9,16,53.20121432581824,50.55572379062272,55.69680951936588,349
taco,D0_prev,normal,17,32,53.339814883121726,51.269632654961384,55.35190177920403,362
taco,D0_prev,normal,33,48,50.99322814467291,49.00890689935346,52.87463691102471,364
taco,D0_prev,normal,49,63,51.715405931570295,49.735213587387314,53.68456767738582,364
taco,D0_prev,wrench,1,8,0.5364806113830933,0.5034550852850025,0.5655010416887898,364
taco,D0_prev,wrench,9,16,0.533002690152225,0.5009127465521044,0.5644593055838331,350
taco,D0_prev,wrench,17,32,0.5336820013423754,0.506735375230407,0.5578112769637145,362
taco,D0_prev,wrench,33,48,0.44360798260854467,0.4196880584616414,0.46986908097705954,364
taco,D0_prev,wrench,49,63,0.42114137377185934,0.3992662103153044,0.44421610346497814,364
taco,PERSIST,dense,1,8,1.2531906425223556,1.1666058905536352,1.3540311882839648,364
taco,PERSIST,dense,9,16,2.5089409463286687,2.348791088332279,2.662881474029058,364
taco,PERSIST,dense,17,32,3.6066088006712733,3.4398170435435382,3.7703429450287556,364
taco,PERSIST,dense,33,48,4.280284953189779,4.115627946843329,4.450749601958551,364
taco,PERSIST,dense,49,63,4.44260938520724,4.266444351736961,4.620609971637927,364
taco,PERSIST,part,1,8,0.18463828274468472,0.1678691106268038,0.1997950867486385,364
taco,PERSIST,part,9,16,0.3434638356288465,0.31702040358502803,0.36891741591959115,364
taco,PERSIST,part,17,32,0.48348787718114783,0.4541891543631129,0.5097997873040667,364
taco,PERSIST,part,33,48,0.5737751957187736,0.5443904422558637,0.600391139109591,364
taco,PERSIST,part,49,63,0.5950854834319252,0.5645263769054087,0.6204345870080868,364
taco,PERSIST,amount,1,8,0.2730183613515852,0.2548297032836287,0.29161423483946985,364
taco,PERSIST,amount,9,16,0.5143402329141371,0.479563069485564,0.5506916015614812,364
taco,PERSIST,amount,17,32,0.7138542604750531,0.6686833775699328,0.753719383092909,364
taco,PERSIST,amount,33,48,0.8530733406756094,0.8047897391754743,0.8976745397865528,364
taco,PERSIST,amount,49,63,0.898228433559693,0.8496897327747306,0.9446760170851399,364
taco,PERSIST,centroid,1,8,0.3313600349979043,0.3006837543888737,0.35806066894793764,363
taco,PERSIST,centroid,9,16,0.4109870572025732,0.3870395802290129,0.4377788662112493,349
taco,PERSIST,centroid,17,32,0.476310526864848,0.45293933260076813,0.4981557385409431,362
taco,PERSIST,centroid,33,48,0.49931242543259946,0.4772952013681572,0.5182191241257305,364
taco,PERSIST,centroid,49,63,0.5097578747160947,0.4887033373420599,0.5278351701775862,364
taco,PERSIST,normal,1,8,54.70475251614905,51.646081769424505,57.63019473414327,363
taco,PERSIST,normal,9,16,65.66860617962386,62.99796578439219,68.34097789864036,349
taco,PERSIST,normal,17,32,72.38895425100735,70.12096085566114,74.33994884196976,362
taco,PERSIST,normal,33,48,75.63956595851364,73.52217196621284,77.36986997617322,364
taco,PERSIST,normal,49,63,76.71001772935956,74.85144529909276,78.29361337692106,364
taco,PERSIST,wrench,1,8,0.5936941600409478,0.5586220565437302,0.6247019010156615,364
taco,PERSIST,wrench,9,16,0.667569263085083,0.6358192541780094,0.6982764490125436,350
taco,PERSIST,wrench,17,32,0.7405015802721319,0.716601558293882,0.7630564770155953,362
taco,PERSIST,wrench,33,48,0.7367603219889447,0.7134739214630051,0.7591445447684689,364
taco,PERSIST,wrench,49,63,0.7369419680200449,0.71275751303019,0.7588182396687849,364
taco,GT,dense,1,8,0.0,0.0,0.0,364
taco,GT,dense,9,16,0.0,0.0,0.0,364
taco,GT,dense,17,32,0.0,0.0,0.0,364
taco,GT,dense,33,48,0.0,0.0,0.0,364
taco,GT,dense,49,63,0.0,0.0,0.0,364
taco,GT,part,1,8,0.09403617472827926,0.08482459651806161,0.1039465617792366,364
taco,GT,part,9,16,0.09140339065445485,0.08120175407923137,0.10128938745192963,364
taco,GT,part,17,32,0.10479624807363846,0.09365805766655474,0.1170224885772909,364
taco,GT,part,33,48,0.10757211814532158,0.09532763517931539,0.12028486336447936,364
taco,GT,part,49,63,0.10384615639518033,0.09113434923163544,0.11765044944876919,364
taco,GT,amount,1,8,0.23804508643477496,0.22543081534732967,0.25349704683156027,364
taco,GT,amount,9,16,0.28721845869785995,0.2715046425473837,0.30418685890289104,364
taco,GT,amount,17,32,0.3466214332191477,0.32764912798673074,0.36495941802259996,364
taco,GT,amount,33,48,0.3828860641137958,0.3615471849536739,0.40310415306849573,364
taco,GT,amount,49,63,0.39529889149884706,0.37380404996789857,0.4152374203000822,364
taco,GT,centroid,1,8,0.1957015740026379,0.1717135964984617,0.21966600030500194,363
taco,GT,centroid,9,16,0.17373824918294523,0.1546024620882593,0.19365032196361068,349
taco,GT,centroid,17,32,0.16318775521452922,0.14693022057910285,0.1793875630444098,362
taco,GT,centroid,33,48,0.1443049382136623,0.13029529569764042,0.159524321418554,364
taco,GT,centroid,49,63,0.14888069333042217,0.13394059601442423,0.1650250782050168,364
taco,GT,normal,1,8,41.5365953590351,38.81161139561763,44.03000433100103,363
taco,GT,normal,9,16,42.39965145964333,40.21749118632056,44.506925588786004,349
taco,GT,normal,17,32,42.24192853521517,40.293330011633444,44.048087723017524,362
taco,GT,normal,33,48,42.535846889051506,40.752493907697485,44.426940024774574,364
taco,GT,normal,49,63,43.58681928035275,41.77073963883002,45.36849366742531,364
taco,GT,wrench,1,8,0.4574460548994735,0.42792871845976294,0.48449267298398574,364
taco,GT,wrench,9,16,0.41257483037741266,0.38750409444055056,0.43552108890526775,350
taco,GT,wrench,17,32,0.38301184007310024,0.36628488455449604,0.40092660313855233,362
taco,GT,wrench,33,48,0.35043996460168647,0.33570711920495944,0.3664859197249957,364
taco,GT,wrench,49,63,0.3388863767614449,0.32385285904220024,0.3545944744611398,364
arctic,B0,dense,1,8,1.0554690371913416,0.9261364459592831,1.1996655560693732,186
arctic,B0,dense,9,16,1.5948535785910183,1.388759915876702,1.826865301636945,186
arctic,B0,dense,17,32,1.9034048127541219,1.6496855611812922,2.1857110259810146,186
arctic,B0,dense,33,48,2.130074377657385,1.8130524807820645,2.4618032421551708,186
arctic,B0,dense,49,63,2.222737462285866,1.8918003264608532,2.5812577913541728,186
arctic,B0,part,1,8,0.12780018263967127,0.10391830263466065,0.15360956071384843,186
arctic,B0,part,9,16,0.15669803284308922,0.11610374412877576,0.20755948480953829,186
arctic,B0,part,17,32,0.1807795746492282,0.13905470800516256,0.230230506037667,186
arctic,B0,part,33,48,0.19214830226615393,0.15175510920948432,0.23807988212982242,186
arctic,B0,part,49,63,0.20382318333806101,0.16050802895192973,0.2524204470690802,186
arctic,B0,amount,1,8,0.37268295237276283,0.3032276966467573,0.4434202033436246,186
arctic,B0,amount,9,16,0.43737992249937446,0.35499300801430905,0.5186053979423754,186
arctic,B0,amount,17,32,0.48080780285411207,0.38379854424728715,0.5690842619917561,186
arctic,B0,amount,33,48,0.5119833046587945,0.4142744696775098,0.6080793247508963,186
arctic,B0,amount,49,63,0.5292812535826343,0.43430739050332107,0.6241130778918714,186
arctic,B0,centroid,1,8,0.19376976200973967,0.16303985267328203,0.22620171067298947,186
arctic,B0,centroid,9,16,0.19981132940205487,0.169706644089711,0.23304741867100406,175
arctic,B0,centroid,17,32,0.26346922946845286,0.2244219204455558,0.30837706077180654,179
arctic,B0,centroid,33,48,0.32111753057920345,0.2667610270311905,0.38312713000656606,177
arctic,B0,centroid,49,63,0.34102572408979054,0.29306341519468904,0.393413391793351,176
arctic,B0,normal,1,8,34.684283638100055,30.912431041094923,38.66056571585612,186
arctic,B0,normal,9,16,42.49919337517652,38.46604341617396,46.542915243307036,175
arctic,B0,normal,17,32,47.17516146251227,43.27919500982123,51.10213486171807,179
arctic,B0,normal,33,48,51.10616172323402,46.97839472088736,55.75982233502694,177
arctic,B0,normal,49,63,54.38288431636126,50.141172173941854,58.66136471144068,176
arctic,B0,wrench,1,8,0.40641096521685033,0.37519703945394495,0.4404950559389592,186
arctic,B0,wrench,9,16,0.44287006967480547,0.384771643132789,0.5062037964973027,175
arctic,B0,wrench,17,32,0.494994735231886,0.4475766043042782,0.5439577628101451,180
arctic,B0,wrench,33,48,0.5094676505305661,0.455768436285032,0.5657138641996412,177
arctic,B0,wrench,49,63,0.5528794385389595,0.4984476656578184,0.6066800385738861,175
arctic,B1,dense,1,8,1.5996014292512128,1.3883878745591982,1.8246860948200823,186
arctic,B1,dense,9,16,1.926302930074794,1.6587653799921946,2.2172280155702215,186
arctic,B1,dense,17,32,2.1821774902856177,1.8675039131488285,2.532886354578881,186
arctic,B1,dense,33,48,2.3128802897070626,1.9912074911102353,2.6904760934219194,186
arctic,B1,dense,49,63,2.3824393056106077,2.03128750071741,2.7817622696043824,186
arctic,B1,part,1,8,0.1817876390552008,0.14928203012585628,0.21822116910933037,186
arctic,B1,part,9,16,0.17260305117815733,0.13177455317077388,0.2214932594907953,186
arctic,B1,part,17,32,0.1821796641114258,0.1440574711724809,0.22522923825237592,186
arctic,B1,part,33,48,0.18721998706760426,0.14812649217301183,0.23085377355584383,186
arctic,B1,part,49,63,0.20848268121480942,0.16935161895606693,0.25112582178542436,186
arctic,B1,amount,1,8,0.41007677213960425,0.3385376689634804,0.4816061870267312,186
arctic,B1,amount,9,16,0.47881860773251844,0.3902460563029696,0.5664948561656644,186
arctic,B1,amount,17,32,0.5322566135493558,0.42792071189428954,0.6260270010475624,186
arctic,B1,amount,33,48,0.5531090430534189,0.4533911807070381,0.6543829141818643,186
arctic,B1,amount,49,63,0.5658574561608495,0.46496324635059905,0.6669061714864398,186
arctic,B1,centroid,1,8,0.259438601784688,0.22556532219533304,0.29579126006078904,186
arctic,B1,centroid,9,16,0.21759249156945998,0.1880668068186867,0.24739193854384597,175
arctic,B1,centroid,17,32,0.2554050317727917,0.2218262420173317,0.2917395415534649,179
arctic,B1,centroid,33,48,0.2954648829050782,0.25356931200398575,0.3453186300503272,177
arctic,B1,centroid,49,63,0.3295439018254612,0.29015987312533925,0.377260276642131,176
arctic,B1,normal,1,8,42.62948062081859,38.135887829564346,47.07971323479021,186
arctic,B1,normal,9,16,44.35169313542696,40.003177222865425,48.40472122563882,175
arctic,B1,normal,17,32,45.492842930586875,41.431676405730094,49.596684449499925,179
arctic,B1,normal,33,48,47.796976214893085,44.64432595560791,51.14770322846813,177
arctic,B1,normal,49,63,51.723461858457206,47.96493200313056,55.559794304398956,176
arctic,B1,wrench,1,8,0.5056015982809755,0.458329852602767,0.5564350037937049,186
arctic,B1,wrench,9,16,0.4744956046090189,0.41986651518771895,0.5289371590394535,175
arctic,B1,wrench,17,32,0.503106934503257,0.45609680687413484,0.55297001927558,180
arctic,B1,wrench,33,48,0.5058025786577157,0.4646707977144344,0.5492932269113235,177
arctic,B1,wrench,49,63,0.558473315615102,0.5029307644040304,0.616485141863012,175
arctic,B2,dense,1,8,1.599527320343881,1.3808979530665055,1.8402472121980726,186
arctic,B2,dense,9,16,1.936189709892196,1.6563795409049207,2.2355270289879137,186
arctic,B2,dense,17,32,2.185424021241175,1.868143530779407,2.5368111020502577,186
arctic,B2,dense,33,48,2.2910572899260147,1.9633748477768025,2.6643786921203145,186
arctic,B2,dense,49,63,2.386042766891233,2.0302790195782836,2.7934391507551886,186
arctic,B2,part,1,8,0.17999552438656488,0.14898959767490177,0.21571760903287512,186
arctic,B2,part,9,16,0.17137097251871902,0.13039043972881278,0.22023932100245758,186
arctic,B2,part,17,32,0.18402778255623034,0.14537238958134055,0.23059958762702765,186
arctic,B2,part,33,48,0.19410842802295442,0.15253564651378723,0.24161377458407693,186
arctic,B2,part,49,63,0.20681004079332488,0.16936276079403542,0.24782450482256804,186
arctic,B2,amount,1,8,0.4106732061309915,0.3396292830647989,0.48546353463604663,186
arctic,B2,amount,9,16,0.47743362910301995,0.38895242822435355,0.5636618795319344,186
arctic,B2,amount,17,32,0.5290531726952727,0.4248536391613758,0.6209163001917731,186
arctic,B2,amount,33,48,0.5476404280415536,0.4480722534063114,0.6494591738527745,186
arctic,B2,amount,49,63,0.5718984990120336,0.47053911117726016,0.6737364792722728,186
arctic,B2,centroid,1,8,0.26590871869262617,0.23088128309269057,0.30334028161549237,186
arctic,B2,centroid,9,16,0.2202074946750741,0.18906163487824082,0.251600391575216,175
arctic,B2,centroid,17,32,0.2553088364871265,0.2231468142519874,0.2926609637269038,179
arctic,B2,centroid,33,48,0.30145840515788697,0.25746364504758745,0.35355062983688545,177
arctic,B2,centroid,49,63,0.3298746711676802,0.292027511336864,0.3734080054630092,176
arctic,B2,normal,1,8,43.27746283679073,38.612200505532314,47.790561757403445,186
arctic,B2,normal,9,16,44.69364395712508,40.297768756887756,48.92459813772988,175
arctic,B2,normal,17,32,45.724494669824104,41.69884712626087,49.932888046136114,179
arctic,B2,normal,33,48,48.2650284297807,45.0223058462254,51.69802897995613,177
arctic,B2,normal,49,63,51.80166523808525,47.844674403218995,55.606565379039004,176
arctic,B2,wrench,1,8,0.5057961288541895,0.46000407222583567,0.5532056606417016,186
arctic,B2,wrench,9,16,0.4761914412691479,0.4220940081996659,0.5305532318001023,175
arctic,B2,wrench,17,32,0.5106272280711909,0.4622461725316402,0.5608379618607335,180
arctic,B2,wrench,33,48,0.5052664417595981,0.46436821005167944,0.5485898010475411,177
arctic,B2,wrench,49,63,0.5570749406528753,0.500741523553437,0.6124411765811806,175
arctic,B2_zonly,dense,1,8,1.6058446417302294,1.38825254043456,1.8439484105227324,186
arctic,B2_zonly,dense,9,16,1.9386932946045592,1.658994427947875,2.233917518697569,186
arctic,B2_zonly,dense,17,32,2.184828906700576,1.8691837564863472,2.532821602959186,186
arctic,B2_zonly,dense,33,48,2.291686228929608,1.9629916143274715,2.6647163645454386,186
arctic,B2_zonly,dense,49,63,2.390452079648506,2.034693441424714,2.797318351714137,186
arctic,B2_zonly,part,1,8,0.18133961043811292,0.14991352868644972,0.21761756524017878,186
arctic,B2_zonly,part,9,16,0.1721550225810979,0.13196228396963083,0.22050111282204732,186
arctic,B2_zonly,part,17,32,0.182235667822502,0.14319730292301355,0.22814727660439196,186
arctic,B2_zonly,part,33,48,0.192540327642834,0.1514443956851033,0.23990101167295702,186
arctic,B2_zonly,part,49,63,0.2070489894211506,0.16960353832441774,0.24765230134483468,186
arctic,B2_zonly,amount,1,8,0.41231216670712456,0.3408972840933962,0.4861347171974268,186
arctic,B2_zonly,amount,9,16,0.478805465000977,0.3908423349712212,0.565338177369191,186
arctic,B2_zonly,amount,17,32,0.5299014331012781,0.42536292527384484,0.621760180637377,186
arctic,B2_zonly,amount,33,48,0.5491958185880175,0.44993814535325916,0.651001503405292,186
arctic,B2_zonly,amount,49,63,0.5736537862695941,0.4729224715075645,0.6746700408789473,186
arctic,B2_zonly,centroid,1,8,0.26501226084643265,0.23018258550619625,0.30237996331010614,186
arctic,B2_zonly,centroid,9,16,0.21983036302739664,0.18893203378950665,0.25100758611244317,175
arctic,B2_zonly,centroid,17,32,0.2546441703657948,0.22277583037745874,0.29172472726568366,179
arctic,B2_zonly,centroid,33,48,0.3000915280848152,0.25610066643768614,0.35208316516448623,177
arctic,B2_zonly,centroid,49,63,0.3312743563161195,0.29416518810137826,0.3748830454269554,176
arctic,B2_zonly,normal,1,8,43.07163228974074,38.5064421664386,47.53746220822952,186
arctic,B2_zonly,normal,9,16,44.76317068750356,40.319314961332104,48.95980227117039,175
arctic,B2_zonly,normal,17,32,45.74870308278867,41.68741573574048,49.89257875147832,179
arctic,B2_zonly,normal,33,48,48.15266417387986,44.8599771768271,51.553252836167296,177
arctic,B2_zonly,normal,49,63,51.77654943877408,47.861237916445155,55.55354542778174,176
arctic,B2_zonly,wrench,1,8,0.5085014121075715,0.460848221753428,0.5586837180398896,186
arctic,B2_zonly,wrench,9,16,0.47928390789478004,0.4243766551799624,0.5351064734814748,175
arctic,B2_zonly,wrench,17,32,0.5083351752943662,0.459440795653962,0.5604018753256206,180
arctic,B2_zonly,wrench,33,48,0.5063189065211717,0.46479311331899414,0.5509567634510973,177
arctic,B2_zonly,wrench,49,63,0.5550026647163039,0.5000757553601342,0.6101593215128507,175
arctic,D0_prev,dense,1,8,1.126331056348018,0.9846261925519967,1.2701467631121834,186
arctic,D0_prev,dense,9,16,1.649426986606905,1.4422869254993882,1.8778283745841118,186
arctic,D0_prev,dense,17,32,1.9873207598010008,1.721570950181289,2.2721661730626117,186
arctic,D0_prev,dense,33,48,2.195174356817358,1.8794926351983405,2.512167414938521,186
arctic,D0_prev,dense,49,63,2.303914022226701,1.9587545767657375,2.6771736479651946,186
arctic,D0_prev,part,1,8,0.13944892850988228,0.11222599309258793,0.17206326273312061,186
arctic,D0_prev,part,9,16,0.1633437919266869,0.12191312276841618,0.2113713477096588,186
arctic,D0_prev,part,17,32,0.18378510052591934,0.14530104524871953,0.2282968037368469,186
arctic,D0_prev,part,33,48,0.20950941381288368,0.16465264493189755,0.2596969942272693,186
arctic,D0_prev,part,49,63,0.22367583173755534,0.1800059439990264,0.27380572498431893,186
arctic,D0_prev,amount,1,8,0.34991559000580663,0.2805415645934031,0.421760780585801,186
arctic,D0_prev,amount,9,16,0.43115786522314764,0.3436391333530933,0.5143007849825012,186
arctic,D0_prev,amount,17,32,0.4977781060029447,0.39346210758113237,0.5873474331808184,186
arctic,D0_prev,amount,33,48,0.5199273042804067,0.42042012089807845,0.6126844579455665,186
arctic,D0_prev,amount,49,63,0.5247592734026065,0.42465297776212874,0.621981824124181,186
arctic,D0_prev,centroid,1,8,0.22931347085565315,0.19358999500767046,0.2672855252547466,186
arctic,D0_prev,centroid,9,16,0.2144497265921517,0.18670312645285317,0.24243985676810598,175
arctic,D0_prev,centroid,17,32,0.26741562159893734,0.23119678049234618,0.3059133958295193,179
arctic,D0_prev,centroid,33,48,0.33030752689723314,0.2806940930906015,0.3920151747737668,177
arctic,D0_prev,centroid,49,63,0.35874059714737894,0.31308376332448457,0.41424061809301604,176
arctic,D0_prev,normal,1,8,38.165270977264136,34.06251734591481,42.38753262609328,186
arctic,D0_prev,normal,9,16,43.99743887948916,39.920260493230735,47.99557676397034,175
arctic,D0_prev,normal,17,32,47.42633697926433,43.62965512855548,51.134027242951966,179
arctic,D0_prev,normal,33,48,51.356657144449116,47.94833411112128,55.206967656973056,177
arctic,D0_prev,normal,49,63,55.771251153907066,51.50425299798156,59.84307078667511,176
arctic,D0_prev,wrench,1,8,0.43482734503737996,0.40318908250195334,0.4707942809218727,186
arctic,D0_prev,wrench,9,16,0.4458553340376192,0.39890431191385434,0.4918604315110617,175
arctic,D0_prev,wrench,17,32,0.4954589868873048,0.44771604140784405,0.5485563860140198,180
arctic,D0_prev,wrench,33,48,0.5104009902816362,0.46930882735179846,0.5542121153945879,177
arctic,D0_prev,wrench,49,63,0.5626319679511916,0.5129510060718772,0.6093737602040743,175
arctic,PERSIST,dense,1,8,1.344877082451437,1.1576604762695402,1.5409750315487618,186
arctic,PERSIST,dense,9,16,2.0191992925109483,1.7517383973858018,2.2841789362819718,186
arctic,PERSIST,dense,17,32,2.2707920138378657,1.9933804513550804,2.5607654220332448,186
arctic,PERSIST,dense,33,48,2.474946238656318,2.1759893531719823,2.8009452292933754,186
arctic,PERSIST,dense,49,63,2.5605576598409256,2.2649325501503137,2.8837326057548243,186
arctic,PERSIST,part,1,8,0.2224462418566628,0.184715525528977,0.2689945971315407,186
arctic,PERSIST,part,9,16,0.32336470373575726,0.27296780021719597,0.3876412582272492,186
arctic,PERSIST,part,17,32,0.35422267877466734,0.30249057960462855,0.4209051570567087,186
arctic,PERSIST,part,33,48,0.37197581561963244,0.31415372141122994,0.44523591805764845,186
arctic,PERSIST,part,49,63,0.3597969026815507,0.3091632373993612,0.4190635974449644,186
arctic,PERSIST,amount,1,8,0.3162091151180287,0.2378822966843235,0.4000695832590482,186
arctic,PERSIST,amount,9,16,0.43677422709378755,0.32701571812673147,0.5446015992730706,186
arctic,PERSIST,amount,17,32,0.4927529180993549,0.3836279364981875,0.6002443230301587,186
arctic,PERSIST,amount,33,48,0.5379072968907979,0.4218044609938847,0.6632474970646032,186
arctic,PERSIST,amount,49,63,0.5286589534567688,0.4211683225865581,0.6404724683364413,186
arctic,PERSIST,centroid,1,8,0.37790848774164515,0.32984311409722666,0.4363162114385133,186
arctic,PERSIST,centroid,9,16,0.4525262091585061,0.40356042875538833,0.5114928315436339,175
arctic,PERSIST,centroid,17,32,0.5014608808419101,0.4480360175047314,0.5629129068998683,179
arctic,PERSIST,centroid,33,48,0.5321452111324756,0.47541871900507027,0.593086650595086,177
arctic,PERSIST,centroid,49,63,0.5224932432730708,0.4687822875885107,0.5878063299935288,176
arctic,PERSIST,normal,1,8,52.27118344935337,47.956677496068764,57.24198913015887,186
arctic,PERSIST,normal,9,16,65.04176372442116,61.575538031025516,68.6181989545077,175
arctic,PERSIST,normal,17,32,67.43443980479597,63.754425841135685,71.50869685946587,179
arctic,PERSIST,normal,33,48,68.9352775147739,64.9633901948123,73.20342854283264,177
arctic,PERSIST,normal,49,63,70.61714206950761,66.88675588492349,74.62315375476336,176
arctic,PERSIST,wrench,1,8,0.5765146582942103,0.5288708724910764,0.6309505363234921,186
arctic,PERSIST,wrench,9,16,0.6492588711222317,0.6079878083225896,0.6952422615128067,175
arctic,PERSIST,wrench,17,32,0.6818232695444982,0.6391698704124085,0.7333606576292505,180
arctic,PERSIST,wrench,33,48,0.6817958600621903,0.641676783936865,0.7260314881461621,177
arctic,PERSIST,wrench,49,63,0.6950732382405228,0.6516839331689693,0.7438477803956184,175
arctic,GT,dense,1,8,0.0,0.0,0.0,186
arctic,GT,dense,9,16,0.0,0.0,0.0,186
arctic,GT,dense,17,32,0.0,0.0,0.0,186
arctic,GT,dense,33,48,0.0,0.0,0.0,186
arctic,GT,dense,49,63,0.0,0.0,0.0,186
arctic,GT,part,1,8,0.06059587987199906,0.050041245031236206,0.07129012602764187,186
arctic,GT,part,9,16,0.04715501928641912,0.03592488253631554,0.05988166342229947,186
arctic,GT,part,17,32,0.04474686511782228,0.034569299700887485,0.05575785178097929,186
arctic,GT,part,33,48,0.04754704441775077,0.036511151385457345,0.06072091992443769,186
arctic,GT,part,49,63,0.04157706211224251,0.03134446718578661,0.05503218813990663,186
arctic,GT,amount,1,8,0.2874246671650639,0.22864025883692518,0.354968459786664,186
arctic,GT,amount,9,16,0.27664326218655333,0.2150449439631667,0.3532692671305153,186
arctic,GT,amount,17,32,0.26890578869568615,0.20779941750263467,0.3400810694335759,186
arctic,GT,amount,33,48,0.2662508950928584,0.20955600405834243,0.3317696610461511,186
arctic,GT,amount,49,63,0.26171725716249084,0.2073495124371062,0.31833883896010706,186
arctic,GT,centroid,1,8,0.13535201080137252,0.10632366500743397,0.16557300885732626,186
arctic,GT,centroid,9,16,0.12210829631292394,0.09530697096809532,0.15144522918386086,175
arctic,GT,centroid,17,32,0.15232963110637524,0.11703670411509955,0.19293846086337707,179
arctic,GT,centroid,33,48,0.1674338334723628,0.1269621619442947,0.2075775991672918,177
arctic,GT,centroid,49,63,0.160029767051213,0.12652677187646164,0.19651745205249035,176
arctic,GT,normal,1,8,26.432029984955935,22.5458645927701,30.471808448225428,186
arctic,GT,normal,9,16,32.26756906029901,28.509619015066654,36.68189445740119,175
arctic,GT,normal,17,32,35.16804404794829,31.033668296960712,39.5686616020153,179
arctic,GT,normal,33,48,35.25894462081308,31.472517653728907,39.31986814514218,177
arctic,GT,normal,49,63,34.265917307128454,31.009769683104633,37.6324014136224,176
arctic,GT,wrench,1,8,0.31879153834171325,0.2899087906316375,0.3483396077801895,186
arctic,GT,wrench,9,16,0.3001333974089448,0.2711207710408078,0.3342566353930153,175
arctic,GT,wrench,17,32,0.3542173419671321,0.3101366448950062,0.4042821754037967,180
arctic,GT,wrench,33,48,0.32637735535557905,0.28674784407319115,0.366607809426739,177
arctic,GT,wrench,49,63,0.3329408042893673,0.2989281533429176,0.36733404378452333,175
