dataset,a,b,question,metric,value_a,value_b,diff,ci_lo,ci_hi,rel_change,rel_improvement,verdict,n
taco,B1,B0,does a structure-oriented latent intermediate help?,E_C,1.7317861767669955,1.700352207481206,0.031433969285789426,-0.008829891883786155,0.07580962459640529,0.01848674006919644,-0.01848674006919644,similar,364
taco,B1,B0,does a structure-oriented latent intermediate help?,E_C_last16,1.9216169217949386,1.9784916624590592,-0.05687474066412056,-0.11048730641894108,0.004549332309997161,-0.02874651520817185,0.02874651520817185,similar,364
taco,B1,B0,does a structure-oriented latent intermediate help?,part_hamming,0.17709606810943684,0.18977122437618263,-0.012675156266745794,-0.020223016399589618,-0.0048121823430821165,-0.0667917715576303,0.0667917715576303,better,364
taco,B1,B0,does a structure-oriented latent intermediate help?,amount_l1,0.45310568187262984,0.4543652038734693,-0.001259522000839422,-0.00821249717369849,0.005968533670886986,-0.0027720476614449797,0.0027720476614449797,similar,364
taco,B1,B0,does a structure-oriented latent intermediate help?,amount_rmse,0.009514333971950052,0.009471701598178678,4.263237377137437e-05,-0.00012649810368612225,0.00020366558894191798,0.004501025853640933,-0.004501025853640933,similar,364
taco,B1,B0,does a structure-oriented latent intermediate help?,centroid,0.22865129808721307,0.24584229048955572,-0.01719099240234265,-0.02596927261923948,-0.008660402235787016,-0.06992691277041688,0.06992691277041688,better,364
taco,B1,B0,does a structure-oriented latent intermediate help?,normal,50.189081371485535,51.59230439545034,-1.4032230239648085,-2.132159763582317,-0.611109233049901,-0.0271983009948389,0.0271983009948389,better,364
taco,B1,B0,does a structure-oriented latent intermediate help?,centroid_both,0.10754718356714635,0.0992275150646302,0.008319668502516144,0.0021978431842368867,0.01406501990234245,0.08384437015375489,-0.08384437015375489,worse,364
taco,B1,B0,does a structure-oriented latent intermediate help?,normal_both,40.31036776369745,39.414809009203545,0.895558754493902,-0.18346544887569444,2.0805393981190528,0.022721377497599563,-0.022721377497599563,similar,364
taco,B1,B0,does a structure-oriented latent intermediate help?,both_frac,0.7893774998425455,0.7568080449364261,0.03256945490611942,0.018351774107949827,0.045900190588924646,0.043035291609321284,-0.043035291609321284,worse,364
taco,B1,B0,does a structure-oriented latent intermediate help?,q_rel_l1,0.4655490345270424,0.48118105096803915,-0.01563201644099676,-0.024342454955034728,-0.006335117361139059,-0.032486766487475546,0.032486766487475546,better,364
taco,B1,B0,does a structure-oriented latent intermediate help?,q_cos,0.8533479305659677,0.8233296810188792,0.030018249547088538,0.014616359815238834,0.04381625190761819,0.03645957414038643,0.03645957414038643,better,364
taco,B1,B0,does a structure-oriented latent intermediate help?,q_Qerr,0.34555987975877395,0.36730499055932514,-0.02174511080055119,-0.03249190501103896,-0.011142436417063613,-0.059201784237775106,0.059201784237775106,better,364
taco,B1,B0,does a structure-oriented latent intermediate help?,q_rel_l1_vs_grid,0.25986332703736814,0.27112114920605035,-0.011257822168682244,-0.025094234545110027,0.00264415437603023,-0.041523216472228695,0.041523216472228695,similar,362
taco,B1,B0,does a structure-oriented latent intermediate help?,part_hamming_vs_grid,0.10086343163665343,0.10943951186017839,-0.008576080223524964,-0.016171841136600897,-0.0007568608555726586,-0.07836365566470999,0.07836365566470999,better,364
taco,B1,B0,does a structure-oriented latent intermediate help?,amount_l1_vs_grid,0.2224905019482741,0.21661983629698855,0.00587066565128555,-0.00017430442645034348,0.012441516871575077,0.027101237595050127,-0.027101237595050127,similar,364
taco,B1,B0,does a structure-oriented latent intermediate help?,centroid_vs_grid,0.05899363218014804,0.051922681756448104,0.007070950423699937,0.0023605884531289574,0.012189763548317805,0.13618230385070237,-0.13618230385070237,worse,364
taco,B1,B0,does a structure-oriented latent intermediate help?,normal_vs_grid,10.534801402262278,10.106762332923628,0.4280390693386505,-0.4567294353056331,1.2713601569286417,0.04235174977294927,-0.04235174977294927,similar,364
taco,B1,B0,does a structure-oriented latent intermediate help?,jitter_dense,0.15689059486100962,0.2028724224828593,-0.045981827621849686,-0.050501593979011127,-0.04139706464468318,-0.22665390918637396,0.22665390918637396,better,364
taco,B1,B0,does a structure-oriented latent intermediate help?,tv_dense,9.727217140433552,12.578090577990144,-2.850873437556592,-3.1310989134570666,-2.5666181128277565,-0.2266539122039089,0.2266539122039089,better,364
taco,B1,B0,does a structure-oriented latent intermediate help?,jitter_r2,1.06546341541868,1.0537684453385217,0.011694970080158212,-0.005308290181066297,0.0295131554759429,0.011098235226052171,-0.011098235226052171,similar,364
taco,B1,B0,does a structure-oriented latent intermediate help?,jitter_dev_dense,0.1606895056972792,0.12275529301796968,0.037934212679309506,0.03309492441465976,0.04289590253111493,0.30902303067091746,-0.30902303067091746,worse,364
taco,B1,B0,does a structure-oriented latent intermediate help?,jitter_dev_r2,0.11621731758158613,0.12472521903627849,-0.008507901454692358,-0.022933756893765877,0.006699603460425498,-0.06821316106262108,0.06821316106262108,similar,364
taco,B2,B1,does a complementary realisation pathway help beyond z?,E_C,1.7269266294008427,1.7317861767669955,-0.004859547366152753,-0.017807030838502408,0.007209927511908602,-0.002806089707463108,0.002806089707463108,similar,364
taco,B2,B1,does a complementary realisation pathway help beyond z?,E_C_last16,1.923993598915391,1.9216169217949386,0.0023766771204523987,-0.017149706583558803,0.021863635385632227,0.0012368110904396067,-0.0012368110904396067,similar,364
taco,B2,B1,does a complementary realisation pathway help beyond z?,part_hamming,0.17732863888338946,0.17709606810943684,0.00023257077395260988,-0.0021312489308621787,0.002428369939543381,0.001313246400303435,-0.001313246400303435,similar,364
taco,B2,B1,does a complementary realisation pathway help beyond z?,amount_l1,0.4530655050670708,0.45310568187262984,-4.0176805559095445e-05,-0.0022383413842714545,0.002022416291190194,-8.86698339183249e-05,8.86698339183249e-05,similar,364
taco,B2,B1,does a complementary realisation pathway help beyond z?,amount_rmse,0.009514613266059473,0.009514333971950052,2.792941094222632e-07,-5.045094819771177e-05,4.761131316820267e-05,2.935508783333357e-05,-2.935508783333357e-05,similar,364
taco,B2,B1,does a complementary realisation pathway help beyond z?,centroid,0.22991587532745614,0.22865129808721307,0.0012645772402430629,-0.0005869802950096652,0.003315675814167309,0.005530592875797814,-0.005530592875797814,similar,364
taco,B2,B1,does a complementary realisation pathway help beyond z?,normal,50.30775413932381,50.189081371485535,0.11867276783827897,-0.11492922577139449,0.3490406687669568,0.0023645136470997817,-0.0023645136470997817,similar,364
taco,B2,B1,does a complementary realisation pathway help beyond z?,centroid_both,0.10643554270615453,0.10754718356714635,-0.0011116408609918185,-0.002610238341397606,0.00022746300016759086,-0.010336308438033369,0.010336308438033369,similar,364
taco,B2,B1,does a complementary realisation pathway help beyond z?,normal_both,40.26526841193765,40.31036776369745,-0.045099351759795306,-0.2468756659332908,0.16188873618938535,-0.0011188027860269411,0.0011188027860269411,similar,364
taco,B2,B1,does a complementary realisation pathway help beyond z?,both_frac,0.7876059246610256,0.7893774998425455,-0.0017715751815198378,-0.005259552050347285,0.001722541209234576,-0.002244268657104121,0.002244268657104121,similar,364
taco,B2,B1,does a complementary realisation pathway help beyond z?,q_rel_l1,0.4664221357677009,0.4655490345270424,0.0008731012406584981,-0.0023386384620304717,0.004161912735645944,0.0018754227286616404,-0.0018754227286616404,similar,364
taco,B2,B1,does a complementary realisation pathway help beyond z?,q_cos,0.8515494718564326,0.8533479305659677,-0.0017984587095350355,-0.005328062169391251,0.001557559071275445,-0.0021075327485029936,-0.0021075327485029936,similar,364
taco,B2,B1,does a complementary realisation pathway help beyond z?,q_Qerr,0.3473745566270836,0.34555987975877395,0.0018146768683096864,-0.0017376216753033841,0.005510966798378461,0.0052514107528236886,-0.0052514107528236886,similar,364
taco,B2,B1,does a complementary realisation pathway help beyond z?,q_rel_l1_vs_grid,0.26305752479630773,0.25986332703736814,0.003194197758939632,-0.0012409022621730015,0.007752184699708465,0.012291837387583007,-0.012291837387583007,similar,362
taco,B2,B1,does a complementary realisation pathway help beyond z?,part_hamming_vs_grid,0.1016483610664791,0.10086343163665343,0.000784929429825682,-0.0013996384028966227,0.0030981633406089257,0.007782101174717927,-0.007782101174717927,similar,364
taco,B2,B1,does a complementary realisation pathway help beyond z?,amount_l1_vs_grid,0.22272816364868328,0.2224905019482741,0.0002376617004091923,-0.0019036905807301408,0.00230117940146705,0.001068188072425875,-0.001068188072425875,similar,364
taco,B2,B1,does a complementary realisation pathway help beyond z?,centroid_vs_grid,0.05839034012751654,0.05899363218014804,-0.0006032920526315018,-0.0017742851887187743,0.0005278369344412767,-0.010226392753530367,0.010226392753530367,similar,364
taco,B2,B1,does a complementary realisation pathway help beyond z?,normal_vs_grid,10.690538182220125,10.534801402262278,0.15573677995784596,-0.0468783717693258,0.39661876465220813,0.014783076966633897,-0.014783076966633897,similar,364
taco,B2,B1,does a complementary realisation pathway help beyond z?,jitter_dense,0.1566913958106722,0.15689059486100962,-0.00019919905033740368,-0.0017295538429040957,0.0011445580142303018,-0.0012696685261081163,0.0012696685261081163,similar,364
taco,B2,B1,does a complementary realisation pathway help beyond z?,tv_dense,9.71486683206244,9.727217140433552,-0.012350308371114206,-0.10723229903201809,0.07096265908026377,-0.0012696651254732595,0.0012696651254732595,similar,364
taco,B2,B1,does a complementary realisation pathway help beyond z?,jitter_r2,1.0641449433086174,1.06546341541868,-0.00131847211006251,-0.008036681821403107,0.005888168662733623,-0.0012374635214897631,0.0012374635214897631,similar,364
taco,B2,B1,does a complementary realisation pathway help beyond z?,jitter_dev_dense,0.160463274958042,0.1606895056972792,-0.000226230739237188,-0.0014422366568237139,0.0010040681225831035,-0.0014078750087350511,0.0014078750087350511,similar,364
taco,B2,B1,does a complementary realisation pathway help beyond z?,jitter_dev_r2,0.11776690514614949,0.11621731758158613,0.0015495875645633581,-0.004402956743873424,0.007342494507099171,0.013333534079166185,-0.013333534079166185,similar,364
taco,B2,B0,factorised vs direct,E_C,1.7269266294008427,1.700352207481206,0.026574421919636673,-0.013732233333636795,0.06962103864106801,0.01562877491070061,-0.01562877491070061,similar,364
taco,B2,B0,factorised vs direct,E_C_last16,1.923993598915391,1.9784916624590592,-0.05449806354366816,-0.10835380622665057,0.003437120309998642,-0.027545258126553205,0.027545258126553205,similar,364
taco,B2,B0,factorised vs direct,part_hamming,0.17732863888338946,0.18977122437618263,-0.012442585492793184,-0.01961663599361698,-0.004960945242703822,-0.06556623921089481,0.06556623921089481,better,364
taco,B2,B0,factorised vs direct,amount_l1,0.4530655050670708,0.4543652038734693,-0.0012996988063985176,-0.008705863726660929,0.0057788095313744394,-0.002860471698357551,0.002860471698357551,similar,364
taco,B2,B0,factorised vs direct,amount_rmse,0.009514613266059473,0.009471701598178678,4.291166788079663e-05,-0.0001300146414513319,0.0002075459477344007,0.0045305130694835395,-0.0045305130694835395,similar,364
taco,B2,B0,factorised vs direct,centroid,0.22991587532745614,0.24584229048955572,-0.015926415162099587,-0.024617773820641817,-0.0074905724876775485,-0.06478305718021367,0.06478305718021367,better,364
taco,B2,B0,factorised vs direct,normal,50.30775413932381,51.59230439545034,-1.2845502561265296,-2.019808592013226,-0.49982506537304205,-0.024898098101619345,0.024898098101619345,better,364
taco,B2,B0,factorised vs direct,centroid_both,0.10643554270615453,0.0992275150646302,0.0072080276415243255,0.0014102922341548132,0.012678155477484283,0.07264142044501967,-0.07264142044501967,worse,364
taco,B2,B0,factorised vs direct,normal_both,40.26526841193765,39.414809009203545,0.8504594027341067,-0.20119298995971105,1.9880078420905871,0.02157715397112594,-0.02157715397112594,similar,364
taco,B2,B0,factorised vs direct,both_frac,0.7876059246610256,0.7568080449364261,0.030797879724599585,0.017221314430255714,0.043867594128491214,0.04069444019610903,-0.04069444019610903,worse,364
taco,B2,B0,factorised vs direct,q_rel_l1,0.4664221357677009,0.48118105096803915,-0.014758915200338259,-0.023751766673908287,-0.004869138683253788,-0.03067227017906524,0.03067227017906524,better,364
taco,B2,B0,factorised vs direct,q_cos,0.8515494718564326,0.8233296810188792,0.028219790837553504,0.013008260958317766,0.04103355698318261,0.034275201645386104,0.034275201645386104,better,364
taco,B2,B0,factorised vs direct,q_Qerr,0.3473745566270836,0.36730499055932514,-0.019930433932241504,-0.03071954647191855,-0.008985686185962159,-0.05426126637128402,0.05426126637128402,better,364
taco,B2,B0,factorised vs direct,q_rel_l1_vs_grid,0.26305752479630773,0.27112114920605035,-0.008063624409742612,-0.023071078808585378,0.005918637620153551,-0.029741775709331727,0.029741775709331727,similar,362
taco,B2,B0,factorised vs direct,part_hamming_vs_grid,0.1016483610664791,0.10943951186017839,-0.007791150793699282,-0.01477608521420696,-0.0004458430985002681,-0.07119138838679559,0.07119138838679559,better,364
taco,B2,B0,factorised vs direct,amount_l1_vs_grid,0.22272816364868328,0.21661983629698855,0.006108327351694742,0.0002596638520990611,0.012756091844056653,0.028198374886223013,-0.028198374886223013,worse,364
taco,B2,B0,factorised vs direct,centroid_vs_grid,0.05839034012751654,0.051922681756448104,0.006467658371068435,0.0020285643935245893,0.011278986820119748,0.12456325737191412,-0.12456325737191412,worse,364
taco,B2,B0,factorised vs direct,normal_vs_grid,10.690538182220125,10.106762332923628,0.5837758492964965,-0.3114804812787566,1.507578842104206,0.0577609159161483,-0.0577609159161483,similar,364
taco,B2,B0,factorised vs direct,jitter_dense,0.1566913958106722,0.2028724224828593,-0.04618102667218709,-0.05026427530737608,-0.04163800729447099,-0.22763580237766878,0.22763580237766878,better,364
taco,B2,B0,factorised vs direct,tv_dense,9.71486683206244,12.578090577990144,-2.863223745927706,-3.1163851917705507,-2.5815565370681925,-0.22763580276150477,0.22763580276150477,better,364
taco,B2,B0,factorised vs direct,jitter_r2,1.0641449433086174,1.0537684453385217,0.010376497970095702,-0.006508199607457649,0.02804919072484388,0.009847038043317255,-0.009847038043317255,similar,364
taco,B2,B0,factorised vs direct,jitter_dev_dense,0.160463274958042,0.12275529301796968,0.03770798194007231,0.03291898233346497,0.04231890767025106,0.30718008986017725,-0.30718008986017725,worse,364
taco,B2,B0,factorised vs direct,jitter_dev_r2,0.11776690514614949,0.12472521903627849,-0.006958313890129,-0.02077863657899257,0.007515266158040115,-0.05578914949113101,0.05578914949113101,similar,364
taco,B0,D0_prev,scaled direct model vs the previous D0 (3-seed average),E_C,1.700352207481206,1.7746110701790223,-0.07425886269781616,-0.1009255868855393,-0.04862234336566595,-0.0418451479006749,0.0418451479006749,better,364
taco,B0,D0_prev,scaled direct model vs the previous D0 (3-seed average),E_C_last16,1.9784916624590592,2.0637486473189823,-0.08525698485992331,-0.12750570611157755,-0.04579903884937585,-0.04131170962640277,0.04131170962640277,better,364
taco,B0,D0_prev,scaled direct model vs the previous D0 (3-seed average),part_hamming,0.18977122437618263,0.18179837694296086,0.007972847433221755,0.003769242170184598,0.012186171072837019,0.04385543791583591,-0.04385543791583591,worse,364
taco,B0,D0_prev,scaled direct model vs the previous D0 (3-seed average),amount_l1,0.4543652038734693,0.45967725088526473,-0.005312047011795497,-0.010105407892988423,-0.0005850586634353577,-0.011556036331067821,0.011556036331067821,similar,364
taco,B0,D0_prev,scaled direct model vs the previous D0 (3-seed average),amount_rmse,0.009471701598178678,0.009650110902269832,-0.00017840930409115417,-0.0002951388748866777,-6.762159128737184e-05,-0.018487798316306394,0.018487798316306394,similar,364
taco,B0,D0_prev,scaled direct model vs the previous D0 (3-seed average),centroid,0.24584229048955572,0.23959087469229548,0.006251415797260217,0.002068319940991388,0.010830066658181293,0.02609204463771359,-0.02609204463771359,worse,364
taco,B0,D0_prev,scaled direct model vs the previous D0 (3-seed average),normal,51.59230439545034,51.27266321994446,0.31964117550587906,-0.19789450402142514,0.7595866268325094,0.006234144189754949,-0.006234144189754949,similar,364
taco,B0,D0_prev,scaled direct model vs the previous D0 (3-seed average),centroid_both,0.0992275150646302,0.10400350113150292,-0.004775986066872712,-0.012682866846154653,0.001499112895894695,-0.04592139701945143,0.04592139701945143,similar,364
taco,B0,D0_prev,scaled direct model vs the previous D0 (3-seed average),normal_both,39.414809009203545,40.21548552947603,-0.8006765202724889,-1.9688342756439146,0.19402451273071636,-0.01990965693266668,0.01990965693266668,similar,364
taco,B0,D0_prev,scaled direct model vs the previous D0 (3-seed average),both_frac,0.7568080449364261,0.7729718802247755,-0.016163835288349523,-0.02384493068701958,-0.009285508873176458,-0.02091128500515333,0.02091128500515333,better,364
taco,B0,D0_prev,scaled direct model vs the previous D0 (3-seed average),q_rel_l1,0.48118105096803915,0.47619974081687644,0.004981310151162604,-0.001026647560460324,0.01080688393274335,0.01046054780000012,-0.01046054780000012,similar,364
taco,B0,D0_prev,scaled direct model vs the previous D0 (3-seed average),q_cos,0.8233296810188792,0.8312559812210307,-0.0079263002021518,-0.017775543878150793,0.0019782782386709194,-0.009535330128402648,-0.009535330128402648,similar,364
taco,B0,D0_prev,scaled direct model vs the previous D0 (3-seed average),q_Qerr,0.36730499055932514,0.35805980102142027,0.009245189537904855,0.002069923278311228,0.01652640975483942,0.02582023871859265,-0.02582023871859265,worse,364
taco,B0,D0_prev,scaled direct model vs the previous D0 (3-seed average),q_rel_l1_vs_grid,0.27112114920605035,0.2672094013561232,0.003911747849927136,-0.005962446277183143,0.013106420928317307,0.014639259809252578,-0.014639259809252578,similar,362
taco,B0,D0_prev,scaled direct model vs the previous D0 (3-seed average),part_hamming_vs_grid,0.10943951186017839,0.10303652279280237,0.0064029890673760435,0.002337416193542604,0.010422583436239663,0.062142907134511,-0.062142907134511,worse,364
taco,B0,D0_prev,scaled direct model vs the previous D0 (3-seed average),amount_l1_vs_grid,0.21661983629698855,0.2233585126803772,-0.00673867638338862,-0.011192718790606864,-0.0023618278217201034,-0.03016977639456065,0.03016977639456065,better,364
taco,B0,D0_prev,scaled direct model vs the previous D0 (3-seed average),centroid_vs_grid,0.051922681756448104,0.0569235684582324,-0.005000886701784291,-0.012147818268687592,0.0005978655790569449,-0.08785265641688794,0.08785265641688794,similar,364
taco,B0,D0_prev,scaled direct model vs the previous D0 (3-seed average),normal_vs_grid,10.106762332923628,10.759467354194422,-0.6527050212707931,-1.9375243355629557,0.2942718851240078,-0.06066332094184435,0.06066332094184435,similar,364
taco,B0,D0_prev,scaled direct model vs the previous D0 (3-seed average),jitter_dense,0.2028724224828593,0.1604550471563479,0.0424173753265114,0.03834599134965024,0.046539828688055,0.26435675336020925,-0.26435675336020925,worse,364
taco,B0,D0_prev,scaled direct model vs the previous D0 (3-seed average),tv_dense,12.578090577990144,9.948213229249248,2.6298773487408953,2.377451558674688,2.885469472618229,0.26435675313117124,-0.26435675313117124,worse,364
taco,B0,D0_prev,scaled direct model vs the previous D0 (3-seed average),jitter_r2,1.0537684453385217,1.0478565329958722,0.00591191234264946,-0.005439206419730574,0.017809921010262575,0.005641910086438091,-0.005641910086438091,similar,364
taco,B0,D0_prev,scaled direct model vs the previous D0 (3-seed average),jitter_dev_dense,0.12275529301796968,0.15857396215446048,-0.035818669136490795,-0.04031886674099029,-0.031861051570627144,-0.22587989005156647,0.22587989005156647,better,364
taco,B0,D0_prev,scaled direct model vs the previous D0 (3-seed average),jitter_dev_r2,0.12472521903627849,0.12065328891651753,0.004071930119760964,-0.00655933858004851,0.014643144695600963,0.033749018831790115,-0.033749018831790115,similar,364
taco,B1,D0_prev,"z-mediated vs the previous (early-stopped, 25 M) direct model",E_C,1.7317861767669955,1.7746110701790223,-0.04282489341202675,-0.08415476008197732,-0.0006506504368898077,-0.024131988203875333,0.024131988203875333,better,364
taco,B1,D0_prev,"z-mediated vs the previous (early-stopped, 25 M) direct model",E_C_last16,1.9216169217949386,2.0637486473189823,-0.14213172552404388,-0.20659311823690168,-0.07559647617408313,-0.06887065714552366,0.06887065714552366,better,364
taco,B1,D0_prev,"z-mediated vs the previous (early-stopped, 25 M) direct model",part_hamming,0.17709606810943684,0.18179837694296086,-0.004702308833524038,-0.010735848980333272,0.0017229736026868133,-0.02586551603262874,0.02586551603262874,similar,364
taco,B1,D0_prev,"z-mediated vs the previous (early-stopped, 25 M) direct model",amount_l1,0.45310568187262984,0.45967725088526473,-0.006571569012634919,-0.01371022900733998,0.0009229831718295532,-0.014296050109025692,0.014296050109025692,similar,364
taco,B1,D0_prev,"z-mediated vs the previous (early-stopped, 25 M) direct model",amount_rmse,0.009514333971950052,0.009650110902269832,-0.00013577693031977984,-0.0002972832073640781,2.586627893833273e-05,-0.01406998652086406,0.01406998652086406,similar,364
taco,B1,D0_prev,"z-mediated vs the previous (early-stopped, 25 M) direct model",centroid,0.22865129808721307,0.23959087469229548,-0.010939576605082432,-0.018247691750566678,-0.003659176143247982,-0.04565940426208651,0.04565940426208651,better,364
taco,B1,D0_prev,"z-mediated vs the previous (early-stopped, 25 M) direct model",normal,50.189081371485535,51.27266321994446,-1.0835818484589295,-1.797026920791014,-0.24955235325850383,-0.021133714935202136,0.021133714935202136,better,364
taco,B1,D0_prev,"z-mediated vs the previous (early-stopped, 25 M) direct model",centroid_both,0.10754718356714635,0.10400350113150292,0.003543682435643433,-0.0028533771210765904,0.00910957522022177,0.034072722524627036,-0.034072722524627036,similar,364
taco,B1,D0_prev,"z-mediated vs the previous (early-stopped, 25 M) direct model",normal_both,40.31036776369745,40.21548552947603,0.094882234221413,-1.1036559639611323,1.2964446068349096,0.002359345733918066,-0.002359345733918066,similar,364
taco,B1,D0_prev,"z-mediated vs the previous (early-stopped, 25 M) direct model",both_frac,0.7893774998425455,0.7729718802247755,0.016405619617769897,0.00398226029968095,0.028746749332490124,0.02122408335604556,-0.02122408335604556,worse,364
taco,B1,D0_prev,"z-mediated vs the previous (early-stopped, 25 M) direct model",q_rel_l1,0.4655490345270424,0.47619974081687644,-0.010650706289834153,-0.01858802939935105,-0.00259569503267691,-0.022366048061185112,0.022366048061185112,better,364
taco,B1,D0_prev,"z-mediated vs the previous (early-stopped, 25 M) direct model",q_cos,0.8533479305659677,0.8312559812210307,0.02209194934493674,0.010220918346254288,0.03473697680017642,0.02657658993621424,0.02657658993621424,better,364
taco,B1,D0_prev,"z-mediated vs the previous (early-stopped, 25 M) direct model",q_Qerr,0.34555987975877395,0.35805980102142027,-0.012499921262646332,-0.022697665552172005,-0.0027078735777281903,-0.034910149720768426,0.034910149720768426,better,364
taco,B1,D0_prev,"z-mediated vs the previous (early-stopped, 25 M) direct model",q_rel_l1_vs_grid,0.25986332703736814,0.2672094013561232,-0.00734607431875511,-0.021469812085239435,0.005502409834962165,-0.02749182581702892,0.02749182581702892,similar,362
taco,B1,D0_prev,"z-mediated vs the previous (early-stopped, 25 M) direct model",part_hamming_vs_grid,0.10086343163665343,0.10303652279280237,-0.002173091156148921,-0.008514323814241146,0.004505659171826378,-0.02109049390689184,0.02109049390689184,similar,364
taco,B1,D0_prev,"z-mediated vs the previous (early-stopped, 25 M) direct model",amount_l1_vs_grid,0.2224905019482741,0.2233585126803772,-0.0008680107321030701,-0.006863117177276972,0.005452486724706341,-0.0038861770777690523,0.0038861770777690523,similar,364
taco,B1,D0_prev,"z-mediated vs the previous (early-stopped, 25 M) direct model",centroid_vs_grid,0.05899363218014804,0.0569235684582324,0.0020700637219156458,-0.004024001676583181,0.007429213072944549,0.03636567028355843,-0.03636567028355843,similar,364
taco,B1,D0_prev,"z-mediated vs the previous (early-stopped, 25 M) direct model",normal_vs_grid,10.534801402262278,10.759467354194422,-0.22466595193214245,-1.383396005542157,0.7461537075190542,-0.020880768957820175,0.020880768957820175,similar,364
taco,B1,D0_prev,"z-mediated vs the previous (early-stopped, 25 M) direct model",jitter_dense,0.15689059486100962,0.1604550471563479,-0.003564452295338279,-0.006958216144118639,7.853671827567041e-05,-0.022214647395074245,0.022214647395074245,similar,364
taco,B1,D0_prev,"z-mediated vs the previous (early-stopped, 25 M) direct model",tv_dense,9.727217140433552,9.948213229249248,-0.22099608881569605,-0.4314094509159431,0.0048692685103536556,-0.02221465138744053,0.02221465138744053,similar,364
taco,B1,D0_prev,"z-mediated vs the previous (early-stopped, 25 M) direct model",jitter_r2,1.06546341541868,1.0478565329958722,0.01760688242280767,0.002955770036534449,0.03352366291704409,0.016802760557753788,-0.016802760557753788,similar,364
taco,B1,D0_prev,"z-mediated vs the previous (early-stopped, 25 M) direct model",jitter_dev_dense,0.1606895056972792,0.15857396215446048,0.002115543542818709,-0.001563275288174678,0.005762750124764515,0.013341052428002294,-0.013341052428002294,similar,364
taco,B1,D0_prev,"z-mediated vs the previous (early-stopped, 25 M) direct model",jitter_dev_r2,0.11621731758158613,0.12065328891651753,-0.0044359713349313955,-0.017048594416737135,0.00809410102145515,-0.03676626948810931,0.03676626948810931,similar,364
taco,B2,D0_prev,z + r mediated vs the previous direct model,E_C,1.7269266294008427,1.7746110701790223,-0.0476844407781795,-0.08998132927607937,-0.004189092930540388,-0.026870361387618925,0.026870361387618925,better,364
taco,B2,D0_prev,z + r mediated vs the previous direct model,E_C_last16,1.923993598915391,2.0637486473189823,-0.13975504840359146,-0.203455819527215,-0.07470003300413215,-0.0677190260476475,0.0677190260476475,better,364
taco,B2,D0_prev,z + r mediated vs the previous direct model,part_hamming,0.17732863888338946,0.18179837694296086,-0.0044697380595714285,-0.010155112934526674,0.0016925013521601818,-0.024586237428147154,0.024586237428147154,similar,364
taco,B2,D0_prev,z + r mediated vs the previous direct model,amount_l1,0.4530655050670708,0.45967725088526473,-0.006611745818194015,-0.01413494292592449,0.000833213562195441,-0.014383452314555161,0.014383452314555161,similar,364
taco,B2,D0_prev,z + r mediated vs the previous direct model,amount_rmse,0.009514613266059473,0.009650110902269832,-0.00013549763621035758,-0.0003018226940098322,2.3857475827232967e-05,-0.01404104445872086,0.01404104445872086,similar,364
taco,B2,D0_prev,z + r mediated vs the previous direct model,centroid,0.22991587532745614,0.23959087469229548,-0.009674999364839369,-0.01719199568279474,-0.0024956885563836187,-0.040381334962213765,0.040381334962213765,better,364
taco,B2,D0_prev,z + r mediated vs the previous direct model,normal,50.30775413932381,51.27266321994446,-0.9649090806206503,-1.669209489906071,-0.1914773291720575,-0.01881917224548055,0.01881917224548055,similar,364
taco,B2,D0_prev,z + r mediated vs the previous direct model,centroid_both,0.10643554270615453,0.10400350113150292,0.0024320415746516147,-0.003854308491997951,0.00797465976146567,0.0233842279172556,-0.0233842279172556,similar,364
taco,B2,D0_prev,z + r mediated vs the previous direct model,normal_both,40.26526841193765,40.21548552947603,0.04978288246161773,-1.0851479908261303,1.2064336758761236,0.0012379033053108177,-0.0012379033053108177,similar,364
taco,B2,D0_prev,z + r mediated vs the previous direct model,both_frac,0.7876059246610256,0.7729718802247755,0.014634044436250061,0.0022934491817969563,0.026977293849382664,0.0189321821538897,-0.0189321821538897,similar,364
taco,B2,D0_prev,z + r mediated vs the previous direct model,q_rel_l1,0.4664221357677009,0.47619974081687644,-0.009777605049175655,-0.01808794744799822,-0.0012181493965033726,-0.020532571127407757,0.020532571127407757,better,364
taco,B2,D0_prev,z + r mediated vs the previous direct model,q_cos,0.8515494718564326,0.8312559812210307,0.020293490635401704,0.008151994874839306,0.03310798259117487,0.02441304615407714,0.02441304615407714,better,364
taco,B2,D0_prev,z + r mediated vs the previous direct model,q_Qerr,0.3473745566270836,0.35805980102142027,-0.010685244394336648,-0.021784182816427015,-0.00047299065327098566,-0.02984206650357107,0.02984206650357107,better,364
taco,B2,D0_prev,z + r mediated vs the previous direct model,q_rel_l1_vs_grid,0.26305752479630773,0.2672094013561232,-0.0041518765598154775,-0.017915145342143737,0.008921977856189443,-0.015537913481876582,0.015537913481876582,similar,362
taco,B2,D0_prev,z + r mediated vs the previous direct model,part_hamming_vs_grid,0.1016483610664791,0.10303652279280237,-0.0013881617263232398,-0.007460525439585499,0.005075350855811009,-0.01347252108958213,0.01347252108958213,similar,364
taco,B2,D0_prev,z + r mediated vs the previous direct model,amount_l1_vs_grid,0.22272816364868328,0.2233585126803772,-0.0006303490316938778,-0.006906429647875528,0.0058459898645911255,-0.002822140173344985,0.002822140173344985,similar,364
taco,B2,D0_prev,z + r mediated vs the previous direct model,centroid_vs_grid,0.05839034012751654,0.0569235684582324,0.0014667716692841435,-0.004717707446998075,0.006799252276767124,0.025767387902962995,-0.025767387902962995,similar,364
taco,B2,D0_prev,z + r mediated vs the previous direct model,normal_vs_grid,10.690538182220125,10.759467354194422,-0.06892917197429645,-1.1825592993874512,0.9407477714136772,-0.006406374005812231,0.006406374005812231,similar,364
taco,B2,D0_prev,z + r mediated vs the previous direct model,jitter_dense,0.1566913958106722,0.1604550471563479,-0.0037636513456756828,-0.007165862821382655,-0.0002854762919119924,-0.023456110682566245,0.023456110682566245,better,364
taco,B2,D0_prev,z + r mediated vs the previous direct model,tv_dense,9.71486683206244,9.948213229249248,-0.23334639718681024,-0.44428353221561856,-0.01769954750882747,-0.023456111344772608,0.023456111344772608,better,364
taco,B2,D0_prev,z + r mediated vs the previous direct model,jitter_r2,1.0641449433086174,1.0478565329958722,0.01628841031274516,0.0016373121215378773,0.031230065784703175,0.015544504233013474,-0.015544504233013474,similar,364
taco,B2,D0_prev,z + r mediated vs the previous direct model,jitter_dev_dense,0.160463274958042,0.15857396215446048,0.0018893128035815207,-0.0018364753535657237,0.0055002839828213945,0.011914394884963634,-0.011914394884963634,similar,364
taco,B2,D0_prev,z + r mediated vs the previous direct model,jitter_dev_r2,0.11776690514614949,0.12065328891651753,-0.0028863837703680365,-0.014053614999153486,0.008902710610245442,-0.02392295971612663,0.02392295971612663,similar,364
taco,B2_zonly,B1,B2's z-only path vs B1,E_C,1.7277370464097668,1.7317861767669955,-0.004049130357228792,-0.017148733977347817,0.008258367649952829,-0.0023381237311802298,0.0023381237311802298,similar,364
taco,B2_zonly,B1,B2's z-only path vs B1,E_C_last16,1.9240250017616776,1.9216169217949386,0.002408079966738984,-0.01626905172612036,0.021280046564996245,0.0012531529772800145,-0.0012531529772800145,similar,364
taco,B2_zonly,B1,B2's z-only path vs B1,part_hamming,0.17703065699078963,0.17709606810943684,-6.541111864722692e-05,-0.002549167782856094,0.0022400544085269696,-0.0003693538729883376,0.0003693538729883376,similar,364
taco,B2_zonly,B1,B2's z-only path vs B1,amount_l1,0.45327686647383064,0.45310568187262984,0.00017118460120080591,-0.001994499988427611,0.002206066382583286,0.0003778028130067164,-0.0003778028130067164,similar,364
taco,B2_zonly,B1,B2's z-only path vs B1,amount_rmse,0.009518242876076109,0.009514333971950052,3.908904126057258e-06,-4.7462551777485255e-05,5.2724920527522425e-05,0.00041084369516367644,-0.00041084369516367644,similar,364
taco,B2_zonly,B1,B2's z-only path vs B1,centroid,0.2293170897474328,0.22865129808721307,0.0006657916602197584,-0.0012098562211954986,0.00271780607941216,0.0029118210383647573,-0.0029118210383647573,similar,364
taco,B2_zonly,B1,B2's z-only path vs B1,normal,50.24718711795388,50.189081371485535,0.05810574646834489,-0.16810415410752258,0.2801024593830368,0.0011577368001271515,-0.0011577368001271515,similar,364
taco,B2_zonly,B1,B2's z-only path vs B1,centroid_both,0.10630905013122074,0.10754718356714635,-0.001238133435925612,-0.002822894613419099,0.00011417187874011049,-0.011512467317682865,0.011512467317682865,similar,364
taco,B2_zonly,B1,B2's z-only path vs B1,normal_both,40.256094729179864,40.31036776369745,-0.05427303451758165,-0.2597289086215877,0.14903918343039602,-0.0013463790465950212,0.0013463790465950212,similar,364
taco,B2_zonly,B1,B2's z-only path vs B1,both_frac,0.7885199702807938,0.7893774998425455,-0.000857529561751737,-0.0043005768152419525,0.0028757840698856005,-0.0010863364637613633,0.0010863364637613633,similar,364
taco,B2_zonly,B1,B2's z-only path vs B1,q_rel_l1,0.4654399528690092,0.4655490345270424,-0.00010908165803322426,-0.0033716894630070305,0.003109714335092572,-0.00023430755934021388,0.00023430755934021388,similar,364
taco,B2_zonly,B1,B2's z-only path vs B1,q_cos,0.8525327792606101,0.8533479305659677,-0.000815151305357506,-0.004100375585666142,0.002450208033335666,-0.000955239095519774,-0.000955239095519774,similar,364
taco,B2_zonly,B1,B2's z-only path vs B1,q_Qerr,0.345799920589223,0.34555987975877395,0.00024004083044908858,-0.0032755001112350864,0.003807792477361158,0.0006946432283072173,-0.0006946432283072173,similar,364
taco,B2_zonly,B1,B2's z-only path vs B1,q_rel_l1_vs_grid,0.26167865434033766,0.25986332703736814,0.0018153273029695393,-0.002599613712826944,0.006414368329845542,0.0069857002281376035,-0.0069857002281376035,similar,362
taco,B2_zonly,B1,B2's z-only path vs B1,part_hamming_vs_grid,0.10137944937693877,0.10086343163665343,0.0005160177402853311,-0.0017974934567720306,0.0029064465420101295,0.005116004204023254,-0.005116004204023254,similar,364
taco,B2_zonly,B1,B2's z-only path vs B1,amount_l1_vs_grid,0.2223764117551292,0.2224905019482741,-0.00011409019314489522,-0.0022530366717194985,0.0019714883252625096,-0.0005127868027886402,0.0005127868027886402,similar,364
taco,B2_zonly,B1,B2's z-only path vs B1,centroid_vs_grid,0.05847714541820236,0.05899363218014804,-0.0005164867619456785,-0.0017375718616935917,0.0006174084398859936,-0.008754957829490647,0.008754957829490647,similar,364
taco,B2_zonly,B1,B2's z-only path vs B1,normal_vs_grid,10.73900766445549,10.534801402262278,0.20420626219321084,-0.01208672476596519,0.46515607404644027,0.01938396884723037,-0.01938396884723037,similar,364
taco,B2_zonly,B1,B2's z-only path vs B1,jitter_dense,0.15730780017163074,0.15689059486100962,0.0004172053106211044,-0.0011014997101055515,0.0017469565586684282,0.0026592117328046927,-0.0026592117328046927,similar,364
taco,B2_zonly,B1,B2's z-only path vs B1,tv_dense,9.753083908295894,9.727217140433552,0.025866767862340906,-0.0682929720846875,0.1083113508764516,0.0026592156306267053,-0.0026592156306267053,similar,364
taco,B2_zonly,B1,B2's z-only path vs B1,jitter_r2,1.0637610147778804,1.06546341541868,-0.001702400640799449,-0.0084780435559242,0.005171434878029899,-0.001597802999299118,0.001597802999299118,similar,364
taco,B2_zonly,B1,B2's z-only path vs B1,jitter_dev_dense,0.15985021725870097,0.1606895056972792,-0.0008392884385782284,-0.0020855751094615935,0.00044498600351285307,-0.005223044497749297,0.005223044497749297,similar,364
taco,B2_zonly,B1,B2's z-only path vs B1,jitter_dev_r2,0.1168637897635063,0.11621731758158613,0.0006464721819201669,-0.004925099455726307,0.006667181425449061,0.005562614895721842,-0.005562614895721842,similar,364
taco,B2,B2_zonly,the r correction of B2,E_C,1.7269266294008427,1.7277370464097668,-0.0008104170089239602,-0.0017857869368764785,0.0001828620139293885,-0.000469062702919987,0.000469062702919987,similar,364
taco,B2,B2_zonly,the r correction of B2,E_C_last16,1.923993598915391,1.9240250017616776,-3.140284628658504e-05,-0.0014366002015713025,0.0013179499420794048,-1.632143358731406e-05,1.632143358731406e-05,similar,364
taco,B2,B2_zonly,the r correction of B2,part_hamming,0.17732863888338946,0.17703065699078963,0.0002979818925998368,-0.00016637038309511457,0.0007751603959351754,0.00168322197784839,-0.00168322197784839,similar,364
taco,B2,B2_zonly,the r correction of B2,amount_l1,0.4530655050670708,0.45327686647383064,-0.00021136140675990137,-0.00044794038460261096,3.374574350519043e-05,-0.0004662964788036542,0.0004662964788036542,similar,364
taco,B2,B2_zonly,the r correction of B2,amount_rmse,0.009514613266059473,0.009518242876076109,-3.6296100166349946e-06,-9.601323976458137e-06,2.5916733157575714e-06,-0.0003813319395072318,0.0003813319395072318,similar,364
taco,B2,B2_zonly,the r correction of B2,centroid,0.22991587532745614,0.2293170897474328,0.0005987855800233045,0.00018863884831378145,0.0009920566838898255,0.002611168581821791,-0.002611168581821791,similar,364
taco,B2,B2_zonly,the r correction of B2,normal,50.30775413932381,50.24718711795388,0.06056702136993408,0.01246235502326092,0.10599666848065552,0.00120538133264564,-0.00120538133264564,similar,364
taco,B2,B2_zonly,the r correction of B2,centroid_both,0.10643554270615453,0.10630905013122074,0.00012649257493379352,-8.136849620775e-05,0.0003360883261192112,0.0011898570702838524,-0.0011898570702838524,similar,364
taco,B2,B2_zonly,the r correction of B2,normal_both,40.26526841193765,40.256094729179864,0.009173682757786341,-0.039599371307991724,0.05471599959450748,0.0002278830775687922,-0.0002278830775687922,similar,364
taco,B2,B2_zonly,the r correction of B2,both_frac,0.7876059246610256,0.7885199702807938,-0.0009140456197681008,-0.0015277038355234129,-0.0002685607296146759,-0.0011591914652999936,0.0011591914652999936,similar,364
taco,B2,B2_zonly,the r correction of B2,q_rel_l1,0.4664221357677009,0.4654399528690092,0.0009821828986917222,0.00023202616698539606,0.0016886801455450742,0.002110224729607908,-0.002110224729607908,similar,364
taco,B2,B2_zonly,the r correction of B2,q_cos,0.8515494718564326,0.8525327792606101,-0.0009833074041775294,-0.001823469678497186,-0.00021583375842849814,-0.0011533954213823173,-0.0011533954213823173,similar,364
taco,B2,B2_zonly,the r correction of B2,q_Qerr,0.3473745566270836,0.345799920589223,0.0015746360378605978,0.0005721405139798317,0.0025598888226121743,0.0045536043940597485,-0.0045536043940597485,similar,364
taco,B2,B2_zonly,the r correction of B2,q_rel_l1_vs_grid,0.26305752479630773,0.26167865434033766,0.0013788704559700923,0.0004659981508769153,0.0023228498567400835,0.005269327219088882,-0.005269327219088882,similar,362
taco,B2,B2_zonly,the r correction of B2,part_hamming_vs_grid,0.1016483610664791,0.10137944937693877,0.0002689116895403508,-0.00021883340462223498,0.0007938846697709659,0.002652526633287489,-0.002652526633287489,similar,364
taco,B2,B2_zonly,the r correction of B2,amount_l1_vs_grid,0.22272816364868328,0.2223764117551292,0.0003517518935540875,9.71510944267114e-05,0.0006022975273967752,0.0015817859941971756,-0.0015817859941971756,similar,364
taco,B2,B2_zonly,the r correction of B2,centroid_vs_grid,0.05839034012751654,0.05847714541820236,-8.680529068582333e-05,-0.0002631982205711668,8.626017406236195e-05,-0.0014844310553299201,0.0014844310553299201,similar,364
taco,B2,B2_zonly,the r correction of B2,normal_vs_grid,10.690538182220125,10.73900766445549,-0.04846948223536486,-0.09939053598551317,-0.0010363880612924395,-0.004513404194299218,0.004513404194299218,similar,364
taco,B2,B2_zonly,the r correction of B2,jitter_dense,0.1566913958106722,0.15730780017163074,-0.0006164043609585081,-0.00072831061363207,-0.0004917068121774947,-0.003918460243458874,0.003918460243458874,similar,364
taco,B2,B2_zonly,the r correction of B2,tv_dense,9.71486683206244,9.753083908295894,-0.03821707623345511,-0.04515527324156558,-0.030485829397251734,-0.003918460724094456,0.003918460724094456,similar,364
taco,B2,B2_zonly,the r correction of B2,jitter_r2,1.0641449433086174,1.0637610147778804,0.00038392853073693895,-0.002083920355748894,0.0027410935664511065,0.00036091615071746685,-0.00036091615071746685,similar,364
taco,B2,B2_zonly,the r correction of B2,jitter_dev_dense,0.160463274958042,0.15985021725870097,0.0006130576993410403,0.000492696141880177,0.0007160608602203844,0.003835200914046117,-0.003835200914046117,similar,364
taco,B2,B2_zonly,the r correction of B2,jitter_dev_r2,0.11776690514614949,0.1168637897635063,0.0009031153826431913,-0.0012282273449906573,0.003089418077089861,0.007727931675592573,-0.007727931675592573,similar,364
taco,B2,B1,z quality of B2 vs B1 (test L_z),L_z,0.48916586228999454,0.4936336523422634,-0.004467790052268837,-0.009100870170442041,0.0004127531643998862,-0.00905082145649801,0.00905082145649801,similar,364
arctic,B1,B0,does a structure-oriented latent intermediate help?,E_C,2.156583450213876,1.8901479019112484,0.2664355483026274,0.18890297390399916,0.3447021090804569,0.1409601587437774,-0.1409601587437774,worse,186
arctic,B1,B0,does a structure-oriented latent intermediate help?,E_C_last16,2.379837096778936,2.2177759663712595,0.1620611304076769,0.06944797574138711,0.2482973787182057,0.07307371567960602,-0.07307371567960602,worse,186
arctic,B1,B0,does a structure-oriented latent intermediate help?,part_hamming,0.18845652358766685,0.1793679407627512,0.009088582824915648,-0.002051281208849064,0.01941228386863103,0.05067005166177972,-0.05067005166177972,similar,186
arctic,B1,B0,does a structure-oriented latent intermediate help?,amount_l1,0.5232520167946174,0.4810219233234723,0.04223009347114512,0.021491506896254384,0.06611037338691476,0.0877924506628915,-0.0877924506628915,worse,186
arctic,B1,B0,does a structure-oriented latent intermediate help?,amount_rmse,0.010257083130875222,0.009292817064648575,0.0009642660662266476,0.0004700778724697525,0.0015115320965988948,0.10376466678709048,-0.10376466678709048,worse,186
arctic,B1,B0,does a structure-oriented latent intermediate help?,centroid,0.28207128152491584,0.2851637532353722,-0.0030924717104563147,-0.01868042409935567,0.012191837759730347,-0.010844546950200259,0.010844546950200259,similar,186
arctic,B1,B0,does a structure-oriented latent intermediate help?,normal,46.823663132165066,47.783318554201436,-0.9596554220363658,-2.6641727596903486,0.6694045617401763,-0.020083482082723328,0.020083482082723328,similar,186
arctic,B1,B0,does a structure-oriented latent intermediate help?,centroid_both,0.17706865014167883,0.15916341572238873,0.017905234419290098,0.00500231034695261,0.03100671523559109,0.11249591709265798,-0.11249591709265798,worse,186
arctic,B1,B0,does a structure-oriented latent intermediate help?,normal_both,35.93107286768575,34.685703200678674,1.245369667007077,-0.29352989695741083,2.685819101249461,0.03590440879349708,-0.03590440879349708,similar,186
arctic,B1,B0,does a structure-oriented latent intermediate help?,both_frac,0.7845486268321032,0.7553683237763502,0.02918030305575299,0.005563886401701699,0.05328715332616219,0.038630562253220334,-0.038630562253220334,worse,186
arctic,B1,B0,does a structure-oriented latent intermediate help?,q_rel_l1,0.5058934240732141,0.4877374209263312,0.01815600314688298,-0.0022288834157103204,0.03884109969053004,0.03722495418210959,-0.03722495418210959,similar,186
arctic,B1,B0,does a structure-oriented latent intermediate help?,q_cos,0.8498973466696278,0.8451328252752622,0.004764521394365577,-0.018267142222898446,0.02814387293000755,0.005637600684618727,0.005637600684618727,similar,186
arctic,B1,B0,does a structure-oriented latent intermediate help?,q_Qerr,0.35927108238621425,0.3567610212791992,0.002510061107015097,-0.018840755455912975,0.0255809179353948,0.007035693243659422,-0.007035693243659422,similar,186
arctic,B1,B0,does a structure-oriented latent intermediate help?,q_rel_l1_vs_grid,0.40467657389975076,0.37368059771487844,0.030995976184872355,-0.0010143959567324406,0.06361390289384942,0.08294778046925133,-0.08294778046925133,similar,185
arctic,B1,B0,does a structure-oriented latent intermediate help?,part_hamming_vs_grid,0.17053537399217647,0.15871595008979722,0.011819423902379248,0.0008559728176827486,0.02336948834186657,0.07446903663867517,-0.07446903663867517,worse,186
arctic,B1,B0,does a structure-oriented latent intermediate help?,amount_l1_vs_grid,0.3629151645757418,0.3104762799126567,0.05243888466308514,0.03156001251280191,0.07631683497991833,0.1688981994947803,-0.1688981994947803,worse,186
arctic,B1,B0,does a structure-oriented latent intermediate help?,centroid_vs_grid,0.12056886672883504,0.10431528009814761,0.016253586630687437,0.0035022778789518564,0.02784369930742685,0.15581213620281562,-0.15581213620281562,worse,186
arctic,B1,B0,does a structure-oriented latent intermediate help?,normal_vs_grid,17.539268070331183,15.734124632852692,1.8051434374784912,-0.03948196789364055,3.6269042983670574,0.11472792288103337,-0.11472792288103337,similar,186
arctic,B1,B0,does a structure-oriented latent intermediate help?,jitter_dense,0.17846058892907316,0.18584953069246263,-0.007388941763389495,-0.014440599634440507,-0.0007993681933434771,-0.03975765629247921,0.03975765629247921,better,186
arctic,B1,B0,does a structure-oriented latent intermediate help?,tv_dense,11.064556825545527,11.522671280368682,-0.45811445482315555,-0.8953172455519107,-0.04956092465984149,-0.03975766067401843,0.03975766067401843,better,186
arctic,B1,B0,does a structure-oriented latent intermediate help?,jitter_r2,0.6531772671207305,0.6520301345936073,0.0011471325271232154,-0.021701107018028472,0.02403194381693748,0.0017593244027566182,-0.0017593244027566182,similar,186
arctic,B1,B0,does a structure-oriented latent intermediate help?,jitter_dev_dense,0.06889504076091833,0.0581061763148154,0.010788864446102931,0.0038498375925546235,0.017010355145124608,0.18567500273378137,-0.18567500273378137,worse,186
arctic,B1,B0,does a structure-oriented latent intermediate help?,jitter_dev_r2,0.1569375186277333,0.15668953338297464,0.0002479852447586675,-0.019783025390881667,0.017255771160900102,0.0015826535404413471,-0.0015826535404413471,similar,186
arctic,B2,B1,does a complementary realisation pathway help beyond z?,E_C,2.153969633403004,2.156583450213876,-0.002613816810871965,-0.016394841013852152,0.011892550360190136,-0.0012120174670786534,0.0012120174670786534,similar,186
arctic,B2,B1,does a complementary realisation pathway help beyond z?,E_C_last16,2.381407622087707,2.379837096778936,0.0015705253087705182,-0.021415804334949693,0.02907330813767727,0.0006599297535517007,-0.0006599297535517007,similar,186
arctic,B2,B1,does a complementary realisation pathway help beyond z?,part_hamming,0.18989305831091377,0.18845652358766685,0.0014365347232469308,-0.002335683763179237,0.0058228791283190615,0.007622631978450344,-0.007622631978450344,similar,186
arctic,B2,B1,does a complementary realisation pathway help beyond z?,amount_l1,0.5223878083189809,0.5232520167946174,-0.0008642084756365386,-0.0038637978868413863,0.0026385387580671773,-0.0016516104054994031,0.0016516104054994031,similar,186
arctic,B2,B1,does a complementary realisation pathway help beyond z?,amount_rmse,0.010249455928206645,0.010257083130875222,-7.627202668577753e-06,-9.318382112706254e-05,7.367860638482084e-05,-0.0007436034758867099,0.0007436034758867099,similar,186
arctic,B2,B1,does a complementary realisation pathway help beyond z?,centroid,0.28527654859647955,0.28207128152491584,0.0032052670715637106,-0.0021518676231913514,0.008588761701254815,0.011363322966576389,-0.011363322966576389,similar,186
arctic,B2,B1,does a complementary realisation pathway help beyond z?,normal,47.12076339670407,46.823663132165066,0.2971002645390008,-0.24801725075801856,0.8942555814350661,0.006345088031673255,-0.006345088031673255,similar,186
arctic,B2,B1,does a complementary realisation pathway help beyond z?,centroid_both,0.17568858302328536,0.17706865014167883,-0.0013800671183934775,-0.0067356826018205775,0.002684584372749953,-0.007793966449110204,0.007793966449110204,similar,186
arctic,B2,B1,does a complementary realisation pathway help beyond z?,normal_both,35.889610004040506,35.93107286768575,-0.04146286364524595,-0.45001203796770667,0.3144874838914739,-0.0011539556249247197,0.0011539556249247197,similar,186
arctic,B2,B1,does a complementary realisation pathway help beyond z?,both_frac,0.778332673133381,0.7845486268321032,-0.006215953698722265,-0.013677932427489053,0.0009024210201757314,-0.007922968043193715,0.007922968043193715,similar,186
arctic,B2,B1,does a complementary realisation pathway help beyond z?,q_rel_l1,0.5091216176427821,0.5058934240732141,0.0032281935695678957,-0.0043054726006685005,0.011142797779794022,0.006381173219402638,-0.006381173219402638,similar,186
arctic,B2,B1,does a complementary realisation pathway help beyond z?,q_cos,0.841754191024329,0.8498973466696278,-0.0081431556452987,-0.019333594091009366,-0.0001495509890490432,-0.009581340237392351,-0.009581340237392351,similar,186
arctic,B2,B1,does a complementary realisation pathway help beyond z?,q_Qerr,0.3643146554228439,0.35927108238621425,0.005043573036629666,-0.003472428163757104,0.01452056582680643,0.014038349546896891,-0.014038349546896891,similar,186
arctic,B2,B1,does a complementary realisation pathway help beyond z?,q_rel_l1_vs_grid,0.40686402615361117,0.40467657389975076,0.002187452253860396,-0.010645146540383281,0.0134864938928389,0.005405433363193113,-0.005405433363193113,similar,185
arctic,B2,B1,does a complementary realisation pathway help beyond z?,part_hamming_vs_grid,0.1711754146963358,0.17053537399217647,0.0006400407041593265,-0.0036854000057077313,0.004900061569096715,0.003753125754359264,-0.003753125754359264,similar,186
arctic,B2,B1,does a complementary realisation pathway help beyond z?,amount_l1_vs_grid,0.3634687486475193,0.3629151645757418,0.0005535840717775206,-0.002917305713420703,0.0038231576546138906,0.0015253814825420048,-0.0015253814825420048,similar,186
arctic,B2,B1,does a complementary realisation pathway help beyond z?,centroid_vs_grid,0.11802989804756737,0.12056886672883504,-0.002538968681267673,-0.0077595387540294455,0.001261517715023304,-0.021058244554773255,0.021058244554773255,similar,186
arctic,B2,B1,does a complementary realisation pathway help beyond z?,normal_vs_grid,17.487032352275747,17.539268070331183,-0.05223571805543797,-0.4502645854473193,0.30296667667773713,-0.002978215387664785,0.002978215387664785,similar,186
arctic,B2,B1,does a complementary realisation pathway help beyond z?,jitter_dense,0.18361633909886244,0.17846058892907316,0.005155750169789279,0.0025820727734596205,0.007703138153760347,0.028890133114143002,-0.028890133114143002,worse,186
arctic,B2,B1,does a complementary realisation pathway help beyond z?,tv_dense,11.384213339897894,11.064556825545527,0.31965651435236775,0.1600885312750557,0.477594548402202,0.02889013264538116,-0.02889013264538116,worse,186
arctic,B2,B1,does a complementary realisation pathway help beyond z?,jitter_r2,0.6577925668047961,0.6531772671207305,0.004615299684065644,-0.002682296556839296,0.011111281586930932,0.00706592209555966,-0.00706592209555966,similar,186
arctic,B2,B1,does a complementary realisation pathway help beyond z?,jitter_dev_dense,0.07105897085600964,0.06889504076091833,0.0021639300950913017,0.00042655619631743575,0.0036102901349272984,0.031409083602993104,-0.031409083602993104,worse,186
arctic,B2,B1,does a complementary realisation pathway help beyond z?,jitter_dev_r2,0.1563545383753315,0.1569375186277333,-0.0005829802524018031,-0.008364569591504835,0.0059113177615006795,-0.0037147283676930865,0.0037147283676930865,similar,186
arctic,B2,B0,factorised vs direct,E_C,2.153969633403004,1.8901479019112484,0.2638217314917554,0.18406464413828727,0.34524520072528603,0.13957729510213912,-0.13957729510213912,worse,186
arctic,B2,B0,factorised vs direct,E_C_last16,2.381407622087707,2.2177759663712595,0.16363165571644742,0.07272123465021807,0.24999813966802317,0.07378186895233727,-0.07378186895233727,worse,186
arctic,B2,B0,factorised vs direct,part_hamming,0.18989305831091377,0.1793679407627512,0.010525117548162578,0.0013112098602144433,0.01987172931861715,0.058678922796376876,-0.058678922796376876,worse,186
arctic,B2,B0,factorised vs direct,amount_l1,0.5223878083189809,0.4810219233234723,0.04136588499550858,0.020204553373314744,0.06623844657340075,0.08599584133235295,-0.08599584133235295,worse,186
arctic,B2,B0,factorised vs direct,amount_rmse,0.010249455928206645,0.009292817064648575,0.0009566388635580699,0.0004408373898946524,0.0015077174124614144,0.10294390354430667,-0.10294390354430667,worse,186
arctic,B2,B0,factorised vs direct,centroid,0.28527654859647955,0.2851637532353722,0.00011279536110739554,-0.01476662077840256,0.014792652135286197,0.0003955459269548014,-0.0003955459269548014,similar,186
arctic,B2,B0,factorised vs direct,normal,47.12076339670407,47.783318554201436,-0.6625551574973649,-2.2376272090945437,0.8410893467344405,-0.013865825512847487,0.013865825512847487,similar,186
arctic,B2,B0,factorised vs direct,centroid_both,0.17568858302328536,0.15916341572238873,0.01652516730089662,0.0026506453222570263,0.029622322400591254,0.10382516124006572,-0.10382516124006572,worse,186
arctic,B2,B0,factorised vs direct,normal_both,35.889610004040506,34.685703200678674,1.2039068033618312,-0.24132827866888706,2.7068478979112767,0.03470902107408551,-0.03470902107408551,similar,186
arctic,B2,B0,factorised vs direct,both_frac,0.778332673133381,0.7553683237763502,0.022964349357030726,0.0009649965404773569,0.04615375354023455,0.03040152549980375,-0.03040152549980375,worse,186
arctic,B2,B0,factorised vs direct,q_rel_l1,0.5091216176427821,0.4877374209263312,0.021384196716450875,0.004021578512219054,0.04009120000196147,0.043843666282232595,-0.043843666282232595,worse,186
arctic,B2,B0,factorised vs direct,q_cos,0.841754191024329,0.8451328252752622,-0.0033786342509331243,-0.022053310313608684,0.015919793847949004,-0.0039977553230555124,-0.0039977553230555124,similar,186
arctic,B2,B0,factorised vs direct,q_Qerr,0.3643146554228439,0.3567610212791992,0.007553634143644764,-0.010731777150976108,0.02616587896786195,0.021172812311615545,-0.021172812311615545,similar,186
arctic,B2,B0,factorised vs direct,q_rel_l1_vs_grid,0.40686402615361117,0.37368059771487844,0.03318342843873275,0.005130575749982421,0.06312863172399899,0.08880158253239576,-0.08880158253239576,worse,185
arctic,B2,B0,factorised vs direct,part_hamming_vs_grid,0.1711754146963358,0.15871595008979722,0.012459464606538575,0.0024877350105561766,0.02336310741792591,0.07850165405234537,-0.07850165405234537,worse,186
arctic,B2,B0,factorised vs direct,amount_l1_vs_grid,0.3634687486475193,0.3104762799126567,0.052992468734862665,0.031594582283548306,0.07953970628137093,0.17068121516326634,-0.17068121516326634,worse,186
arctic,B2,B0,factorised vs direct,centroid_vs_grid,0.11802989804756737,0.10431528009814761,0.013714617949419765,-0.0009448629009204056,0.026277874037312424,0.13147276157928184,-0.13147276157928184,similar,186
arctic,B2,B0,factorised vs direct,normal_vs_grid,17.487032352275747,15.734124632852692,1.7529077194230531,-0.11481590257489192,3.6072862189514585,0.11140802302804946,-0.11140802302804946,similar,186
arctic,B2,B0,factorised vs direct,jitter_dense,0.18361633909886244,0.18584953069246263,-0.0022331915936002165,-0.010586643625229599,0.004883906621914382,-0.012016127160932274,0.012016127160932274,similar,186
arctic,B2,B0,factorised vs direct,tv_dense,11.384213339897894,11.522671280368682,-0.1384579404707878,-0.6563720381513333,0.30280219229026323,-0.012016132119179717,0.012016132119179717,similar,186
arctic,B2,B0,factorised vs direct,jitter_r2,0.6577925668047961,0.6520301345936073,0.005762432211188859,-0.019350152960655714,0.027857495501733966,0.008837677747486974,-0.008837677747486974,similar,186
arctic,B2,B0,factorised vs direct,jitter_dev_dense,0.07105897085600964,0.0581061763148154,0.012952794541194234,0.00574665915026836,0.019749121707853996,0.2229159680206258,-0.2229159680206258,worse,186
arctic,B2,B0,factorised vs direct,jitter_dev_r2,0.1563545383753315,0.15668953338297464,-0.0003349950076431356,-0.02117440621628105,0.018036530543189006,-0.0021379539552546464,0.0021379539552546464,similar,186
arctic,B0,D0_prev,scaled direct model vs the previous D0 (3-seed average),E_C,1.8901479019112484,1.9632492652129532,-0.07310136330170443,-0.11314185110348353,-0.032860656363595336,-0.037234886367715075,0.037234886367715075,better,186
arctic,B0,D0_prev,scaled direct model vs the previous D0 (3-seed average),E_C_last16,2.2177759663712595,2.298387646087609,-0.08061167971634949,-0.13133917774691176,-0.023376195602318416,-0.03507314349412265,0.03507314349412265,better,186
arctic,B0,D0_prev,scaled direct model vs the previous D0 (3-seed average),part_hamming,0.1793679407627512,0.19159035304708133,-0.012222412284330122,-0.020714550452783826,-0.0032303671516916354,-0.06379450786505202,0.06379450786505202,better,186
arctic,B0,D0_prev,scaled direct model vs the previous D0 (3-seed average),amount_l1,0.4810219233234723,0.4825915086039718,-0.001569585280499574,-0.017765373499590627,0.014011762535714744,-0.003252409651881421,0.003252409651881421,similar,186
arctic,B0,D0_prev,scaled direct model vs the previous D0 (3-seed average),amount_rmse,0.009292817064648575,0.00941544754691856,-0.00012263048226998508,-0.000518790880211007,0.0002637815006854399,-0.013024392272263145,0.013024392272263145,similar,186
arctic,B0,D0_prev,scaled direct model vs the previous D0 (3-seed average),centroid,0.2851637532353722,0.2988734488512346,-0.013709695615862433,-0.027785496334668584,-0.0002167001339248994,-0.04587123971218496,0.04587123971218496,better,186
arctic,B0,D0_prev,scaled direct model vs the previous D0 (3-seed average),normal,47.783318554201436,48.94186365518945,-1.1585451009880259,-2.5543090204085304,0.3054226595686193,-0.02367186319569549,0.02367186319569549,similar,186
arctic,B0,D0_prev,scaled direct model vs the previous D0 (3-seed average),centroid_both,0.15916341572238873,0.1473636637678817,0.011799751954507012,0.005264432264695031,0.02012792582209158,0.0800723302665253,-0.0800723302665253,worse,186
arctic,B0,D0_prev,scaled direct model vs the previous D0 (3-seed average),normal_both,34.685703200678674,34.23330073037241,0.4524024703062562,-0.38503224052937757,1.4437064368705885,0.013215274620155934,-0.013215274620155934,similar,186
arctic,B0,D0_prev,scaled direct model vs the previous D0 (3-seed average),both_frac,0.7553683237763502,0.7332063963983915,0.022161927377958662,-0.0008602054509973401,0.044320383843097985,0.03022604206240021,-0.03022604206240021,similar,186
arctic,B0,D0_prev,scaled direct model vs the previous D0 (3-seed average),q_rel_l1,0.4877374209263312,0.49515370328286434,-0.007416282356533099,-0.023015139935114646,0.007612617435089561,-0.014977737836480303,0.014977737836480303,similar,186
arctic,B0,D0_prev,scaled direct model vs the previous D0 (3-seed average),q_cos,0.8451328252752622,0.8418458225706251,0.0032870027046370274,-0.018920442140890028,0.02380780835098442,0.003904518638104034,0.003904518638104034,similar,186
arctic,B0,D0_prev,scaled direct model vs the previous D0 (3-seed average),q_Qerr,0.3567610212791992,0.3684953456297249,-0.01173432435052583,-0.02784167439241884,0.004846453897369761,-0.031843887554327016,0.031843887554327016,similar,186
arctic,B0,D0_prev,scaled direct model vs the previous D0 (3-seed average),q_rel_l1_vs_grid,0.37368059771487844,0.37669628666260757,-0.0030156889477291598,-0.026005074990872994,0.020754782162057457,-0.008005624303990542,0.008005624303990542,similar,185
arctic,B0,D0_prev,scaled direct model vs the previous D0 (3-seed average),part_hamming_vs_grid,0.15871595008979722,0.1712228258667801,-0.012506875776982864,-0.02202474918036477,-0.002841494759929502,-0.07304444202266488,0.07304444202266488,better,186
arctic,B0,D0_prev,scaled direct model vs the previous D0 (3-seed average),amount_l1_vs_grid,0.3104762799126567,0.31844335240662425,-0.00796707249396751,-0.021089881986749028,0.004829571296652662,-0.02501880611969647,0.02501880611969647,similar,186
arctic,B0,D0_prev,scaled direct model vs the previous D0 (3-seed average),centroid_vs_grid,0.10431528009814761,0.09918200304668305,0.005133277051464577,-0.0010436840825780236,0.013386271309501202,0.05175613411485996,-0.05175613411485996,similar,186
arctic,B0,D0_prev,scaled direct model vs the previous D0 (3-seed average),normal_vs_grid,15.734124632852692,15.310130655845647,0.42399397700704544,-0.47412618316089955,1.365147651962743,0.027693687698553893,-0.027693687698553893,similar,186
arctic,B0,D0_prev,scaled direct model vs the previous D0 (3-seed average),jitter_dense,0.18584953069246263,0.14394170499163075,0.04190782570083189,0.0333946854878249,0.05080748208962932,0.29114443033218584,-0.29114443033218584,worse,186
arctic,B0,D0_prev,scaled direct model vs the previous D0 (3-seed average),tv_dense,11.522671280368682,8.924385972988649,2.5982853073800336,2.0704705664799046,3.1500641214711673,0.29114443450162714,-0.29114443450162714,worse,186
arctic,B0,D0_prev,scaled direct model vs the previous D0 (3-seed average),jitter_r2,0.6520301345936073,0.6232998209094167,0.028730313684190472,0.008907604631298267,0.04898416937697364,0.04609389048479417,-0.04609389048479417,worse,186
arctic,B0,D0_prev,scaled direct model vs the previous D0 (3-seed average),jitter_dev_dense,0.0581061763148154,0.06118746803185525,-0.0030812917170398545,-0.012331407059039888,0.00652905133503956,-0.05035821576136605,0.05035821576136605,similar,186
arctic,B0,D0_prev,scaled direct model vs the previous D0 (3-seed average),jitter_dev_r2,0.15668953338297464,0.1417466926598741,0.01494284072310053,-0.00326933721508082,0.033821292751080125,0.10541932543679429,-0.10541932543679429,similar,186
arctic,B1,D0_prev,"z-mediated vs the previous (early-stopped, 25 M) direct model",E_C,2.156583450213876,1.9632492652129532,0.19333418500092298,0.12411180714837992,0.2645238246170725,0.09847663688286269,-0.09847663688286269,worse,186
arctic,B1,D0_prev,"z-mediated vs the previous (early-stopped, 25 M) direct model",E_C_last16,2.379837096778936,2.298387646087609,0.08144945069132742,0.0010891512814059693,0.16002807755489065,0.035437647269803835,-0.035437647269803835,worse,186
arctic,B1,D0_prev,"z-mediated vs the previous (early-stopped, 25 M) direct model",part_hamming,0.18845652358766685,0.19159035304708133,-0.003133829459414474,-0.015641895831789366,0.00954269344252399,-0.016356927212532294,0.016356927212532294,similar,186
arctic,B1,D0_prev,"z-mediated vs the previous (early-stopped, 25 M) direct model",amount_l1,0.5232520167946174,0.4825915086039718,0.040660508190645546,0.021667371498361506,0.06132513556852069,0.08425450399711178,-0.08425450399711178,worse,186
arctic,B1,D0_prev,"z-mediated vs the previous (early-stopped, 25 M) direct model",amount_rmse,0.010257083130875222,0.00941544754691856,0.0008416355839566624,0.000442588933364066,0.0012724391600582858,0.08938880279059158,-0.08938880279059158,worse,186
arctic,B1,D0_prev,"z-mediated vs the previous (early-stopped, 25 M) direct model",centroid,0.28207128152491584,0.2988734488512346,-0.016802167326318746,-0.030502173697524965,-0.003907689524729535,-0.05621833384966253,0.05621833384966253,better,186
arctic,B1,D0_prev,"z-mediated vs the previous (early-stopped, 25 M) direct model",normal,46.823663132165066,48.94186365518945,-2.1182005230243917,-3.688253701645066,-0.75194240051247,-0.0432799318380634,0.0432799318380634,better,186
arctic,B1,D0_prev,"z-mediated vs the previous (early-stopped, 25 M) direct model",centroid_both,0.17706865014167883,0.1473636637678817,0.029704986373797117,0.019334743634088124,0.04087375004619116,0.2015760575862623,-0.2015760575862623,worse,186
arctic,B1,D0_prev,"z-mediated vs the previous (early-stopped, 25 M) direct model",normal_both,35.93107286768575,34.23330073037241,1.6977721373133332,0.03742881757740113,3.2209267049385795,0.04959417003593342,-0.04959417003593342,worse,186
arctic,B1,D0_prev,"z-mediated vs the previous (early-stopped, 25 M) direct model",both_frac,0.7845486268321032,0.7332063963983915,0.05134223043371165,0.02745664414034853,0.07701946480158937,0.07002425331518056,-0.07002425331518056,worse,186
arctic,B1,D0_prev,"z-mediated vs the previous (early-stopped, 25 M) direct model",q_rel_l1,0.5058934240732141,0.49515370328286434,0.01073972079034988,-0.002975526753864466,0.025573621122681297,0.021689670740914657,-0.021689670740914657,similar,186
arctic,B1,D0_prev,"z-mediated vs the previous (early-stopped, 25 M) direct model",q_cos,0.8498973466696278,0.8418458225706251,0.008051524099002604,-0.009264416860153925,0.024910949624229437,0.009564131439670042,0.009564131439670042,similar,186
arctic,B1,D0_prev,"z-mediated vs the previous (early-stopped, 25 M) direct model",q_Qerr,0.35927108238621425,0.3684953456297249,-0.009224263243510732,-0.0251135584102342,0.007249193279058364,-0.02503223813518542,0.02503223813518542,similar,186
arctic,B1,D0_prev,"z-mediated vs the previous (early-stopped, 25 M) direct model",q_rel_l1_vs_grid,0.40467657389975076,0.37669628666260757,0.027980287237143193,0.002226477893359016,0.056836267571790944,0.07427810739797407,-0.07427810739797407,worse,185
arctic,B1,D0_prev,"z-mediated vs the previous (early-stopped, 25 M) direct model",part_hamming_vs_grid,0.17053537399217647,0.1712228258667801,-0.0006874518746036173,-0.014018534239205635,0.0131019548584202,-0.004014954613227148,0.004014954613227148,similar,186
arctic,B1,D0_prev,"z-mediated vs the previous (early-stopped, 25 M) direct model",amount_l1_vs_grid,0.3629151645757418,0.31844335240662425,0.044471812169117636,0.025849783751230596,0.06467803378390184,0.1396537620679581,-0.1396537620679581,worse,186
arctic,B1,D0_prev,"z-mediated vs the previous (early-stopped, 25 M) direct model",centroid_vs_grid,0.12056886672883504,0.09918200304668305,0.021386863682152014,0.010127049041942095,0.03235722505217244,0.2156325041357113,-0.2156325041357113,worse,186
arctic,B1,D0_prev,"z-mediated vs the previous (early-stopped, 25 M) direct model",normal_vs_grid,17.539268070331183,15.310130655845647,2.2291374144855367,0.40556937034563467,4.175843984850238,0.14559884984615837,-0.14559884984615837,worse,186
arctic,B1,D0_prev,"z-mediated vs the previous (early-stopped, 25 M) direct model",jitter_dense,0.17846058892907316,0.14394170499163075,0.03451888393744239,0.028819371918735216,0.04103690289473515,0.2398115538470899,-0.2398115538470899,worse,186
arctic,B1,D0_prev,"z-mediated vs the previous (early-stopped, 25 M) direct model",tv_dense,11.064556825545527,8.924385972988649,2.1401708525568783,1.786801117054196,2.5442880167867883,0.23981155219356406,-0.23981155219356406,worse,186
arctic,B1,D0_prev,"z-mediated vs the previous (early-stopped, 25 M) direct model",jitter_r2,0.6531772671207305,0.6232998209094167,0.029877446211313687,0.0073576511942338935,0.0525234935553364,0.047934308993898674,-0.047934308993898674,worse,186
arctic,B1,D0_prev,"z-mediated vs the previous (early-stopped, 25 M) direct model",jitter_dev_dense,0.06889504076091833,0.06118746803185525,0.007707572729063077,-0.002107143086175639,0.01659291565423931,0.12596652512325532,-0.12596652512325532,similar,186
arctic,B1,D0_prev,"z-mediated vs the previous (early-stopped, 25 M) direct model",jitter_dev_r2,0.1569375186277333,0.1417466926598741,0.015190825967859199,-0.0019298173709129543,0.03533745150929115,0.10716882124586914,-0.10716882124586914,similar,186
arctic,B2,D0_prev,z + r mediated vs the previous direct model,E_C,2.153969633403004,1.9632492652129532,0.190720368190051,0.11346189420634582,0.2691183135114177,0.09714526401178283,-0.09714526401178283,worse,186
arctic,B2,D0_prev,z + r mediated vs the previous direct model,E_C_last16,2.381407622087707,2.298387646087609,0.08301997600009793,-0.002532164992648617,0.16583258644614368,0.03612096338118474,-0.03612096338118474,similar,186
arctic,B2,D0_prev,z + r mediated vs the previous direct model,part_hamming,0.18989305831091377,0.19159035304708133,-0.0016972947361675425,-0.013120447580668564,0.009835715483259965,-0.00885897807052138,0.00885897807052138,similar,186
arctic,B2,D0_prev,z + r mediated vs the previous direct model,amount_l1,0.5223878083189809,0.4825915086039718,0.039796299715009004,0.020537564790421202,0.0615605126220288,0.08246373797610054,-0.08246373797610054,worse,186
arctic,B2,D0_prev,z + r mediated vs the previous direct model,amount_rmse,0.010249455928206645,0.00941544754691856,0.0008340083812880847,0.0004508799475285315,0.0013020452614064828,0.08857872949024444,-0.08857872949024444,worse,186
arctic,B2,D0_prev,z + r mediated vs the previous direct model,centroid,0.28527654859647955,0.2988734488512346,-0.013596900254755035,-0.02830857118421623,-0.000603550842611373,-0.04549383796726267,0.04549383796726267,better,186
arctic,B2,D0_prev,z + r mediated vs the previous direct model,normal,47.12076339670407,48.94186365518945,-1.8211002584853906,-3.241411050576038,-0.5860389224146028,-0.03720945878390747,0.03720945878390747,better,186
arctic,B2,D0_prev,z + r mediated vs the previous direct model,centroid_both,0.17568858302328536,0.1473636637678817,0.028324919255403636,0.01708222181751073,0.04002224497564892,0.19221101410738084,-0.19221101410738084,worse,186
arctic,B2,D0_prev,z + r mediated vs the previous direct model,normal_both,35.889610004040506,34.23330073037241,1.6563092736680873,0.030959891999760958,3.180773258210208,0.04838298493953226,-0.04838298493953226,worse,186
arctic,B2,D0_prev,z + r mediated vs the previous direct model,both_frac,0.778332673133381,0.7332063963983915,0.04512627673498939,0.020294799751406686,0.07098443560836518,0.061546485350722165,-0.061546485350722165,worse,186
arctic,B2,D0_prev,z + r mediated vs the previous direct model,q_rel_l1,0.5091216176427821,0.49515370328286434,0.013967914359917774,0.002323255370126453,0.025899230432210322,0.028209249506386876,-0.028209249506386876,worse,186
arctic,B2,D0_prev,z + r mediated vs the previous direct model,q_cos,0.841754191024329,0.8418458225706251,-9.163154629609739e-05,-0.016238932816139792,0.016821875234197748,-0.0001088459951209298,-0.0001088459951209298,similar,186
arctic,B2,D0_prev,z + r mediated vs the previous direct model,q_Qerr,0.3643146554228439,0.3684953456297249,-0.004180690206881065,-0.018003635736083528,0.010793296276154815,-0.01134529989717142,0.01134529989717142,similar,186
arctic,B2,D0_prev,z + r mediated vs the previous direct model,q_rel_l1_vs_grid,0.40686402615361117,0.37669628666260757,0.03016773949100359,0.008077893115578966,0.05612811780589901,0.08008504612105104,-0.08008504612105104,worse,185
arctic,B2,D0_prev,z + r mediated vs the previous direct model,part_hamming_vs_grid,0.1711754146963358,0.1712228258667801,-4.7411170444289695e-05,-0.012297457221127248,0.012436384919502346,-0.0002768974884293637,0.0002768974884293637,similar,186
arctic,B2,D0_prev,z + r mediated vs the previous direct model,amount_l1_vs_grid,0.3634687486475193,0.31844335240662425,0.04502539624089515,0.025635690558229098,0.06630856033609984,0.14139216881312588,-0.14139216881312588,worse,186
arctic,B2,D0_prev,z + r mediated vs the previous direct model,centroid_vs_grid,0.11802989804756737,0.09918200304668305,0.01884789500088434,0.006146545309865156,0.031214400195012985,0.1900334175748901,-0.1900334175748901,worse,186
arctic,B2,D0_prev,z + r mediated vs the previous direct model,normal_vs_grid,17.487032352275747,15.310130655845647,2.1769016964300985,0.2947881757178953,4.198415077585263,0.14218700972345547,-0.14218700972345547,worse,186
arctic,B2,D0_prev,z + r mediated vs the previous direct model,jitter_dense,0.18361633909886244,0.14394170499163075,0.03967463410723166,0.033657895522530915,0.04622484049378612,0.27562987467418476,-0.27562987467418476,worse,186
arctic,B2,D0_prev,z + r mediated vs the previous direct model,tv_dense,11.384213339897894,8.924385972988649,2.459827366909246,2.086789546586012,2.865940162863611,0.275629872391712,-0.275629872391712,worse,186
arctic,B2,D0_prev,z + r mediated vs the previous direct model,jitter_r2,0.6577925668047961,0.6232998209094167,0.03449274589537933,0.013374946839327025,0.055963894977567014,0.055338931182513706,-0.055338931182513706,worse,186
arctic,B2,D0_prev,z + r mediated vs the previous direct model,jitter_dev_dense,0.07105897085600964,0.06118746803185525,0.009871502824154377,-0.0006352239342133125,0.019363820423050772,0.16133210184502328,-0.16133210184502328,similar,186
arctic,B2,D0_prev,z + r mediated vs the previous direct model,jitter_dev_r2,0.1563545383753315,0.1417466926598741,0.014607845715457396,-0.0038605806780331775,0.03628252352964687,0.10305598981776179,-0.10305598981776179,similar,186
arctic,B2_zonly,B1,B2's z-only path vs B1,E_C,2.1561481652240597,2.156583450213876,-0.0004352849898158863,-0.013489743163373893,0.014362738032651614,-0.00020184008635173268,0.00020184008635173268,similar,186
arctic,B2_zonly,B1,B2's z-only path vs B1,E_C_last16,2.3855971590645852,2.379837096778936,0.005760062285648879,-0.017995249875546095,0.034439868501132634,0.0024203599033921328,-0.0024203599033921328,similar,186
arctic,B2_zonly,B1,B2's z-only path vs B1,part_hamming,0.1893668024530334,0.18845652358766685,0.0009102788653665332,-0.002720736987378864,0.00525938947870745,0.004830179651186692,-0.004830179651186692,similar,186
arctic,B2_zonly,B1,B2's z-only path vs B1,amount_l1,0.5237985042634831,0.5232520167946174,0.00054648746886561,-0.0023709284992517315,0.0038748396711066504,0.001044405852868624,-0.001044405852868624,similar,186
arctic,B2_zonly,B1,B2's z-only path vs B1,amount_rmse,0.010281104655493232,0.010257083130875222,2.4021524618009244e-05,-6.540324510194326e-05,0.00010272959831196708,0.0023419450063440718,-0.0023419450063440718,similar,186
arctic,B2_zonly,B1,B2's z-only path vs B1,centroid,0.284703728993253,0.28207128152491584,0.0026324474683371924,-0.002606284102643458,0.007813331879878458,0.009332561096279715,-0.009332561096279715,similar,186
arctic,B2_zonly,B1,B2's z-only path vs B1,normal,47.06837613351883,46.823663132165066,0.24471300135376634,-0.32974878863460017,0.8135608036524443,0.005226267766856179,-0.005226267766856179,similar,186
arctic,B2_zonly,B1,B2's z-only path vs B1,centroid_both,0.17582583407400756,0.17706865014167883,-0.001242816067671263,-0.006966009441399037,0.0031962542842741575,-0.007018837420835604,0.007018837420835604,similar,186
arctic,B2_zonly,B1,B2's z-only path vs B1,normal_both,35.906255341986174,35.93107286768575,-0.02481752569957446,-0.47785058170615546,0.350364882861354,-0.0006906981539617163,0.0006906981539617163,similar,186
arctic,B2_zonly,B1,B2's z-only path vs B1,both_frac,0.7795824616226137,0.7845486268321032,-0.004966165209489484,-0.012431357334545303,0.0023415132505312454,-0.006329964822629489,0.006329964822629489,similar,186
arctic,B2_zonly,B1,B2's z-only path vs B1,q_rel_l1,0.5091479329332229,0.5058934240732141,0.003254508860008691,-0.004756080935596142,0.011006202589967842,0.006433190678394133,-0.006433190678394133,similar,186
arctic,B2_zonly,B1,B2's z-only path vs B1,q_cos,0.8421282574374188,0.8498973466696278,-0.007769089232208908,-0.018861303847637914,0.0003681496390370266,-0.009141208950295628,-0.009141208950295628,similar,186
arctic,B2_zonly,B1,B2's z-only path vs B1,q_Qerr,0.36326975052955973,0.35927108238621425,0.0039986681433454635,-0.005241877382812258,0.013796044419181171,0.011129947105085735,-0.011129947105085735,similar,186
arctic,B2_zonly,B1,B2's z-only path vs B1,q_rel_l1_vs_grid,0.4079382730194846,0.40467657389975076,0.0032616991197337974,-0.007299811280667742,0.013333736751896098,0.008060014663813496,-0.008060014663813496,similar,185
arctic,B2_zonly,B1,B2's z-only path vs B1,part_hamming_vs_grid,0.1709336205235412,0.17053537399217647,0.0003982465313647383,-0.0034566009841718523,0.0043060621057836555,0.0023352722783661784,-0.0023352722783661784,similar,186
arctic,B2_zonly,B1,B2's z-only path vs B1,amount_l1_vs_grid,0.36366385372696064,0.3629151645757418,0.0007486891512188219,-0.0030688986386143736,0.004300737402628614,0.0020629866820088957,-0.0020629866820088957,similar,186
arctic,B2_zonly,B1,B2's z-only path vs B1,centroid_vs_grid,0.1182190520809062,0.12056886672883504,-0.0023498146479288416,-0.007831770463916254,0.0015617012051642523,-0.019489398147978645,0.019489398147978645,similar,186
arctic,B2_zonly,B1,B2's z-only path vs B1,normal_vs_grid,17.545997691731298,17.539268070331183,0.0067296214001153105,-0.4509866690925747,0.39440506006565657,0.00038368883884606935,-0.00038368883884606935,similar,186
arctic,B2_zonly,B1,B2's z-only path vs B1,jitter_dense,0.18433967629267323,0.17846058892907316,0.00587908736360009,0.003306153622627579,0.008433571927656994,0.03294333723137413,-0.03294333723137413,worse,186
arctic,B2_zonly,B1,B2's z-only path vs B1,tv_dense,11.429060226486575,11.064556825545527,0.3645034009410489,0.2049814844897233,0.5228814237453133,0.032943334892500536,-0.032943334892500536,worse,186
arctic,B2_zonly,B1,B2's z-only path vs B1,jitter_r2,0.6578615966743679,0.6531772671207305,0.004684329553637454,-0.0017936668970544739,0.011467398513835618,0.007171605304462658,-0.007171605304462658,similar,186
arctic,B2_zonly,B1,B2's z-only path vs B1,jitter_dev_dense,0.070970425993124,0.06889504076091833,0.002075385232205673,0.0003979583421915172,0.0036267757942910653,0.030123869719559902,-0.030123869719559902,worse,186
arctic,B2_zonly,B1,B2's z-only path vs B1,jitter_dev_r2,0.15614260180342582,0.1569375186277333,-0.000794916824307493,-0.006613772285218922,0.005044423161864308,-0.005065180278484528,0.005065180278484528,similar,186
arctic,B2,B2_zonly,the r correction of B2,E_C,2.153969633403004,2.1561481652240597,-0.0021785318210560786,-0.00606784060359019,0.0011807391500385995,-0.0010103813161790266,0.0010103813161790266,similar,186
arctic,B2,B2_zonly,the r correction of B2,E_C_last16,2.381407622087707,2.3855971590645852,-0.004189536976878361,-0.008366970158628905,-0.00037228536871388676,-0.001756179563242403,0.001756179563242403,similar,186
arctic,B2,B2_zonly,the r correction of B2,part_hamming,0.18989305831091377,0.1893668024530334,0.0005262558578803975,-0.0006198943308137759,0.0016112365246231462,0.002779029117370871,-0.002779029117370871,similar,186
arctic,B2,B2_zonly,the r correction of B2,amount_l1,0.5223878083189809,0.5237985042634831,-0.0014106959445021486,-0.0027802432789434937,-0.00022548801949950025,-0.002693203460910486,0.002693203460910486,similar,186
arctic,B2,B2_zonly,the r correction of B2,amount_rmse,0.010249455928206645,0.010281104655493232,-3.1648727286587e-05,-5.9166990512844416e-05,-6.088761951755418e-06,-0.0030783391811576364,0.0030783391811576364,similar,186
arctic,B2,B2_zonly,the r correction of B2,centroid,0.28527654859647955,0.284703728993253,0.0005728196032265181,-0.00043632257734451703,0.0015881660884232082,0.00201198489830842,-0.00201198489830842,similar,186
arctic,B2,B2_zonly,the r correction of B2,normal,47.12076339670407,47.06837613351883,0.05238726318523448,-0.08430376249133242,0.17980512227426024,0.0011130034109659438,-0.0011130034109659438,similar,186
arctic,B2,B2_zonly,the r correction of B2,centroid_both,0.17568858302328536,0.17582583407400756,-0.00013725105072221448,-0.0009261236092472663,0.0006135139885422541,-0.0007806079888376562,0.0007806079888376562,similar,186
arctic,B2,B2_zonly,the r correction of B2,normal_both,35.889610004040506,35.906255341986174,-0.016645337945671492,-0.17317313790777886,0.14845645604995794,-0.000463577663199193,0.000463577663199193,similar,186
arctic,B2,B2_zonly,the r correction of B2,both_frac,0.778332673133381,0.7795824616226137,-0.0012497884892327812,-0.00275696555856564,0.0004867514994527605,-0.001603151110700318,0.001603151110700318,similar,186
arctic,B2,B2_zonly,the r correction of B2,q_rel_l1,0.5091216176427821,0.5091479329332229,-2.6315290440795242e-05,-0.002063907642686178,0.0018173695978013762,-5.168495978996072e-05,5.168495978996072e-05,similar,186
arctic,B2,B2_zonly,the r correction of B2,q_cos,0.841754191024329,0.8421282574374188,-0.0003740664130897932,-0.001412897947592533,0.0005974890221748922,-0.0004441917365747477,-0.0004441917365747477,similar,186
arctic,B2,B2_zonly,the r correction of B2,q_Qerr,0.3643146554228439,0.36326975052955973,0.0010449048932842028,-0.0011445484432930871,0.0034071684283870822,0.0028763883911638206,-0.0028763883911638206,similar,186
arctic,B2,B2_zonly,the r correction of B2,q_rel_l1_vs_grid,0.40686402615361117,0.4079382730194846,-0.0010742468658734012,-0.0038042373948893138,0.0013002349284390335,-0.0026333564093460075,0.0026333564093460075,similar,185
arctic,B2,B2_zonly,the r correction of B2,part_hamming_vs_grid,0.1711754146963358,0.1709336205235412,0.00024179417279458816,-0.0009478229274285978,0.0012840325095223168,0.0014145501163200832,-0.0014145501163200832,similar,186
arctic,B2,B2_zonly,the r correction of B2,amount_l1_vs_grid,0.3634687486475193,0.36366385372696064,-0.00019510507944130127,-0.0012730027067974195,0.0007691007675752438,-0.0005364984103913348,0.0005364984103913348,similar,186
arctic,B2,B2_zonly,the r correction of B2,centroid_vs_grid,0.11802989804756737,0.1182190520809062,-0.00018915403333883131,-0.0008657194834000007,0.0005388506706255086,-0.0016000300290800755,0.0016000300290800755,similar,186
arctic,B2,B2_zonly,the r correction of B2,normal_vs_grid,17.487032352275747,17.545997691731298,-0.05896533945555328,-0.17724045691498003,0.05934428409365035,-0.0033606147961219215,0.0033606147961219215,similar,186
arctic,B2,B2_zonly,the r correction of B2,jitter_dense,0.18361633909886244,0.18433967629267323,-0.0007233371938108116,-0.0011913954325474244,-0.00027388434188841115,-0.0039239365521201225,0.0039239365521201225,similar,186
arctic,B2,B2_zonly,the r correction of B2,tv_dense,11.384213339897894,11.429060226486575,-0.04484688658868113,-0.07386653125474585,-0.016980866980452626,-0.003923934750536141,0.003923934750536141,similar,186
arctic,B2,B2_zonly,the r correction of B2,jitter_r2,0.6577925668047961,0.6578615966743679,-6.902986957180885e-05,-0.006801206042458438,0.005144371252877814,-0.00010493068742843435,0.00010493068742843435,similar,186
arctic,B2,B2_zonly,the r correction of B2,jitter_dev_dense,0.07105897085600964,0.070970425993124,8.854486288562898e-05,-0.0004192523196276821,0.0005283205421681511,0.0012476304269923317,-0.0012476304269923317,similar,186
arctic,B2,B2_zonly,the r correction of B2,jitter_dev_r2,0.1563545383753315,0.15614260180342582,0.00021193657190568985,-0.006345672799855027,0.005444121232170785,0.0013573270168285353,-0.0013573270168285353,similar,186
arctic,B2,B1,z quality of B2 vs B1 (test L_z),L_z,0.5013636637737173,0.5100266464684572,-0.00866298269473988,-0.017049213256339794,-0.0012675228021291369,-0.016985353127575552,0.016985353127575552,similar,186
