split,model,K,n_examples,n_takes,n_folds,n_groups,E_C,E_C_lo,E_C_hi,E_C_macro,E_C_first,E_C_median,E_dC,E_dC_lo,E_dC_hi,E_dC_macro,E_dC_first,E_dC_median,dmag_pred,dmag_pred_lo,dmag_pred_hi,dmag_pred_macro,dmag_pred_first,dmag_pred_median,dmag_true,dmag_true_lo,dmag_true_hi,dmag_true_macro,dmag_true_first,dmag_true_median,pattern_L2,pattern_L2_lo,pattern_L2_hi,pattern_L2_macro,pattern_L2_first,pattern_L2_median,centroid,centroid_lo,centroid_hi,centroid_macro,centroid_first,centroid_median,mass_abs,mass_abs_lo,mass_abs_hi,mass_abs_macro,mass_abs_first,mass_abs_median,s0_err,s0_err_lo,s0_err_hi,s0_err_macro,s0_err_first,s0_err_median,E_C_last16,E_C_last16_lo,E_C_last16_hi,E_C_last16_macro,E_C_last16_first,E_C_last16_median,max_abs,max_abs_lo,max_abs_hi,max_abs_macro,max_abs_first,max_abs_median,neg_frac,neg_frac_lo,neg_frac_hi,neg_frac_macro,neg_frac_first,neg_frac_median
fixed,gtinit_vf,0,364,186,1,6,1.8194538629972017,1.721226472184265,1.930863432633991,1.6874979828939713,1.8228002167017447,1.588287591934204,0.31793956117765915,0.30355742784403345,0.3336781824458279,0.32403652681224077,0.3215765526760264,0.30403159558773035,0.12607939323860698,0.12111592374023947,0.13178222783293653,0.13437701239349753,0.1274608914598317,0.12060930952429766,0.31665958018953,0.3019656167678605,0.3309655888051374,0.32932185635869443,0.3204031535713686,0.3074086010456085,0.029032599256456095,0.026881569900510126,0.031280085957497684,0.023624293829857604,0.028811304807694827,0.02038764581084245,0.095088806265834,0.0850971905895742,0.10509976324468179,0.0813740900422473,0.09535821702614586,0.05631215870380395,11.857063352079182,10.941364460533384,12.905923245425983,10.73330065459644,11.868536440329363,9.524033069610596,6.250390221513297e-08,6.063223564004218e-08,6.45581166271368e-08,6.03799018785466e-08,6.25586705602041e-08,5.7787028495681625e-08,2.0974297056813818,1.9675529736711255,2.241576263219144,1.8920357553065996,2.101667529108834,1.6661606431007385,0.7842578363942576,0.7740299282853581,0.7945292977359512,0.8037818689102622,0.785207905843433,0.8021881282329559,0.0033873673323746565,0.0026487847345180154,0.00412572631561807,0.0023775247792417907,0.003384520105049435,0.00042724609375
fixed,samplerGT_static,-1,364,186,1,6,3.971291202847119,3.849464830408207,4.102900863740918,4.130624228074605,3.9807938209866407,3.9423339724540716,0.31665958018953,0.3019656167678605,0.3309655888051374,0.32932185635869443,0.3204031535713686,0.3074086010456085,0.0,0.0,0.0,0.0,0.0,0.0,0.31665958018953,0.3019656167678605,0.3309655888051374,0.32932185635869443,0.3204031535713686,0.3074086010456085,0.05808051639866741,0.055447625429119705,0.060875975868031944,0.04912871050819692,0.05724119209832604,0.04946902804076665,0.21285724891529598,0.19667465067893053,0.2283854056512558,0.1814632471331584,0.20939459888670534,0.16499154977500435,42.99648265963072,40.934607456158744,45.17179053976075,46.83032770211711,43.38786410537817,40.09644985198975,1.9437240797125703,1.8423906613846612,2.055415963686915,1.8771141943558318,1.9497713779367634,1.6807843148708344,4.704765155575761,4.555067598956794,4.86086983530851,4.8107063479832775,4.727248452839542,4.630276656150818,0.42636325585113444,0.4100981653824839,0.44203872789679977,0.4360680017942076,0.42851694167965215,0.4405134990811348,7.297390109890111e-05,4.070099306778169e-05,0.00011020122084593207,6.80020635894797e-05,7.448358050847458e-05,0.0
fixed,samplerGT_static,1,364,186,1,6,3.9890736755761473,3.8618254739819355,4.120150158693072,4.130875231627907,3.997872236926677,3.9346476793289185,0.31665958018953,0.3019656167678605,0.3309655888051374,0.32932185635869443,0.3204031535713686,0.3074086010456085,0.0,0.0,0.0,0.0,0.0,0.0,0.31665958018953,0.3019656167678605,0.3309655888051374,0.32932185635869443,0.3204031535713686,0.3074086010456085,0.05823076901629231,0.05516799899060892,0.06128855258791031,0.049106019814862144,0.05721256700338439,0.0491664297878742,0.20964732846152398,0.19103135736037177,0.22829496850631148,0.17879027501267475,0.20506603826583855,0.15129788219928736,43.122977821054036,40.971541948577546,45.46648037445048,46.852937243005776,43.50712770897116,38.87457847595215,1.9572257610795263,1.8391704062913592,2.085169500879511,1.867112215441009,1.9625779711930764,1.6813920140266418,4.72453661770611,4.571314343522218,4.886657343777787,4.822212396727733,4.746675281538129,4.6471357345581055,0.4209165764297103,0.40110052523274864,0.43964946114132053,0.4342533500006404,0.4233848907811157,0.4355183392763138,0.00011268028846153847,2.742789457332229e-05,0.00022110849056603774,0.00012794392015273948,0.00011586334745762712,0.0
fixed,samplerGT_static,5,364,186,1,6,3.5246164957573125,3.405347342370827,3.652590069052025,3.6826376506760767,3.535364753950787,3.473581314086914,0.31665958018953,0.3019656167678605,0.3309655888051374,0.32932185635869443,0.3204031535713686,0.3074086010456085,0.0,0.0,0.0,0.0,0.0,0.0,0.31665958018953,0.3019656167678605,0.3309655888051374,0.32932185635869443,0.3204031535713686,0.3074086010456085,0.048697917413980635,0.04629021520288534,0.05137278170199488,0.04169930889603432,0.04825500173554301,0.040882047265767996,0.164054258790089,0.1503720186628004,0.17949288247990627,0.14451153975845218,0.1619658564991878,0.1197048401640307,37.907469557864324,36.13337846913825,39.955226329456394,41.24412307748319,38.26375305282194,36.41461181640625,1.8558378459496812,1.7480006270247765,1.9696919196563485,1.7800540107406329,1.8690617246984762,1.643972098827362,4.185135216175855,4.048532465319033,4.331946084495197,4.299555823617337,4.207337612822904,4.125868797302246,0.47295791512498486,0.45503031762797724,0.4922509730456725,0.4871222653344165,0.4766915324380842,0.4902232736349106,9.658310439560439e-05,4.2625004653067305e-05,0.00015988500929669004,8.604212349020062e-05,9.931144067796611e-05,0.0
fixed,samplerGT_static,10,364,186,1,6,3.3807781898713376,3.259995618226088,3.505409484933585,3.5641680212427893,3.3960694967016662,3.3030201196670532,0.31665958018953,0.3019656167678605,0.3309655888051374,0.32932185635869443,0.3204031535713686,0.3074086010456085,0.0,0.0,0.0,0.0,0.0,0.0,0.31665958018953,0.3019656167678605,0.3309655888051374,0.32932185635869443,0.3204031535713686,0.3074086010456085,0.04583300331717063,0.043666396692780704,0.048224951359203204,0.039804426346221965,0.04551333022621784,0.04019710235297675,0.15152091243784993,0.13896008533846388,0.164819630686931,0.13606914120208385,0.1506087570525882,0.11348491907119745,36.08092332574037,34.17927986255809,38.115010305018835,39.52500056837942,36.47727295133354,33.63690376281738,1.8653067131782626,1.758039180938257,1.978639209225081,1.7991292269966666,1.880551351918339,1.6768936514854431,4.019068278699786,3.872252306514819,4.1728476285452025,4.166563220297688,4.045686637866969,4.014001846313477,0.49393113270647576,0.4765490079087286,0.5120062137412834,0.5022357772875276,0.49505174511485855,0.5116886794567108,6.438873626373627e-05,2.6427556558082474e-05,0.00011238781230296343,5.1552754894386724e-05,6.620762711864407e-05,0.0
fixed,samplerGT_vf,-1,364,186,1,6,2.361537618664922,2.2414775329328047,2.500690037662994,2.217552723106739,2.355693646937104,2.122729009389877,0.3265478536926701,0.3111906544177523,0.3419529593592107,0.332199806689788,0.33015805485495237,0.31728157252073286,0.12537183799617152,0.12087632641953759,0.13079014395607721,0.13322443003700854,0.1266692545628017,0.1230372756719589,0.31665958018953,0.3019656167678605,0.3309655888051374,0.32932185635869443,0.3204031535713686,0.3074086010456085,0.04037713691010259,0.03761047992507775,0.04345950470189704,0.03303633490199732,0.03972268766709226,0.03062912328168745,0.15210637721894665,0.13846960857046375,0.16679013238462015,0.13109666081614846,0.15046311855943828,0.09876808691769834,14.75642039851173,13.725886562309203,15.914146515787778,13.350511991975756,14.739112631985023,12.597873878479003,1.9437240797125703,1.8423906613846612,2.055415963686915,1.8771141943558318,1.9497713779367634,1.6807843148708344,2.3524603790879905,2.2088958642708567,2.52279119760431,2.1552735809783603,2.345252990815262,1.9313817977905274,0.7693858790078334,0.7580778740330343,0.7809809513414476,0.7858888051319783,0.7713888449562809,0.7978148907423019,0.0020036215310568336,0.0016789564253621957,0.0023304524882263155,0.0013697990198469803,0.002018280891375353,0.0005401611328125001
fixed,samplerGT_vf,1,364,186,1,6,2.3562065263043395,2.2249988702802934,2.505854448298627,2.198957549015311,2.349578067239395,2.064272403717041,0.32653847711344997,0.31108640269264787,0.34190060243818504,0.33199978105986283,0.33013271466739436,0.31576478481292725,0.12606690149078817,0.12128765190770743,0.13158010256712002,0.13372293840583493,0.12740916070017938,0.12116402760148046,0.31665958018953,0.3019656167678605,0.3309655888051374,0.32932185635869443,0.3204031535713686,0.3074086010456085,0.040586551123135896,0.03779575723058967,0.04382388072203205,0.03314209096818242,0.03984672963858211,0.02977033052593465,0.15249647725367232,0.137914341663571,0.16845541422713242,0.13106343790035427,0.15065711874781976,0.09326974302530286,14.49837468646385,13.325989341759904,15.706550477179286,12.985837699936866,14.478339549848588,11.425842761993408,1.9572257610795263,1.8391704062913592,2.085169500879511,1.867112215441009,1.9625779711930764,1.6813920140266418,2.3423894595477606,2.184471267849694,2.5040506360042922,2.1455266598127385,2.335754400340177,1.8377777338027954,0.7727179114635174,0.7614689726139013,0.7836004674484054,0.7893453706463341,0.7753552787721494,0.7955870032310486,0.0020409049568595465,0.0016625591940131069,0.0024533848186115642,0.0014379873626812628,0.0020575227036987993,0.0002593994140625
fixed,samplerGT_vf,5,364,186,1,6,2.044482152949978,1.928620711940654,2.172458202023519,1.8983398624018937,2.043623425950438,1.7395985126495361,0.3212041232100391,0.30600926950921636,0.3365427810675104,0.3268068367124278,0.32472522166362927,0.31235945224761963,0.12688055008158575,0.12218885751012042,0.13221661888296296,0.13431549475318202,0.12820558298884305,0.1213591434061527,0.31665958018953,0.3019656167678605,0.3309655888051374,0.32932185635869443,0.3204031535713686,0.3074086010456085,0.035227425819763306,0.03267937831620079,0.03810580276156821,0.028559901981822056,0.03479730129876399,0.02526916749775405,0.1259426398336318,0.113031624953605,0.14044744680592183,0.10760202490099313,0.1253331923226435,0.0756364166736602,12.473941346118739,11.508926713752302,13.59140147250185,11.179040641503391,12.472054430657188,10.2068772315979,1.6679803815844294,1.5539712983017366,1.77928263239744,1.6073078421898994,1.6731175448598161,1.4070289134979248,2.105213026014658,1.9749797063344026,2.2668421155259417,1.909623164762903,2.1029669843656196,1.6570608615875244,0.7744835347019055,0.7625662825526046,0.7849737598327342,0.7903504611157813,0.7759893405656356,0.7966596484184265,0.0020808963985233515,0.0016707920002442917,0.0025168279310262996,0.0012756369275873608,0.00210691980049435,0.000274658203125
fixed,samplerGT_vf,10,364,186,1,6,1.9530439393205956,1.8423518866193505,2.0681348642406374,1.8256127268258469,1.9519696468013827,1.6879743933677673,0.31924911444126575,0.3040824541233935,0.33462967302699365,0.32497328342550746,0.32280334138895495,0.3060531765222549,0.1274481316015206,0.12250641891057903,0.1329070456965981,0.13525288861709286,0.12892756520081206,0.12271329760551444,0.31665958018953,0.3019656167678605,0.3309655888051374,0.32932185635869443,0.3204031535713686,0.3074086010456085,0.03364303587043329,0.03111095634078034,0.03624884021510691,0.027492499141415286,0.03323041568997362,0.0230470681563019,0.11773353561119182,0.10554336418177038,0.1299886177647537,0.10214742848420355,0.11711965293844326,0.0731060542166233,11.893979119403022,10.922547374265584,13.005880807709048,10.668445778869922,11.872788395248564,9.569883346557617,1.5959194504788943,1.4836270920092642,1.7073194763502892,1.5534468960876604,1.601086827068679,1.3482715487480164,2.0470013464545156,1.9173743491749844,2.1981153630280925,1.8654205449718504,2.0447628218575384,1.6385342478752136,0.7718372829258442,0.7605274009553631,0.7824307763150514,0.788186610694611,0.7728813502327198,0.7945728898048401,0.0018951080657623627,0.0015293869657050313,0.0022762372260804646,0.0011586338163457588,0.0019024347854872882,0.0003204345703125
fixed,samplerG_static,-1,364,186,1,6,4.144777081996858,4.0282511310354145,4.266907344799135,4.233072909547008,4.153167801969133,4.0878995060920715,0.31665958018953,0.3019656167678605,0.3309655888051374,0.32932185635869443,0.3204031535713686,0.3074086010456085,0.0,0.0,0.0,0.0,0.0,0.0,0.31665958018953,0.3019656167678605,0.3309655888051374,0.32932185635869443,0.3204031535713686,0.3074086010456085,0.06891194701031175,0.06594559975095618,0.07164057584007996,0.056647567668626136,0.06815218539919217,0.056335819046944346,0.3164293088557846,0.2935437401406985,0.3396080468168735,0.24400420677180754,0.3119900902834876,0.21242643967270847,42.32060306733781,40.33191792221659,44.22611506237078,45.783215116995514,42.68954640040963,40.141480159759524,2.3531994317750353,2.2487309725842746,2.4781537591863825,2.2121337559968155,2.3567599106138037,2.1478381812572476,4.81292326973526,4.676950101846314,4.970737312824755,4.85170319302562,4.832403925541094,4.768329310417176,0.4508054599350134,0.44078474915730703,0.4633944529483764,0.4676257690620998,0.45195899714037013,0.47514282912015915,4.292582417582418e-05,2.34008122011612e-05,6.634790489828394e-05,3.985957107948332e-05,4.4138418079096045e-05,0.0
fixed,samplerG_static,1,364,186,1,6,4.163933460529034,4.027266145274363,4.2967566988132475,4.242382855070161,4.167828976771252,4.065807580947876,0.31665958018953,0.3019656167678605,0.3309655888051374,0.32932185635869443,0.3204031535713686,0.3074086010456085,0.0,0.0,0.0,0.0,0.0,0.0,0.31665958018953,0.3019656167678605,0.3309655888051374,0.32932185635869443,0.3204031535713686,0.3074086010456085,0.07003080966073233,0.06639614902654502,0.07358958471884845,0.05774828432821322,0.06915786103549978,0.057552859187126146,0.32413904627723017,0.2959038267105939,0.35391124432427745,0.2505287702888392,0.3170534450089291,0.20030145347118375,41.93146699666977,39.853504867694255,43.81681949213404,45.3765792250149,42.28529151078671,38.75276184082031,2.3496068372994987,2.224339409345096,2.482152928140191,2.2040754867892787,2.353490564361804,2.1341495513916016,4.844790281502755,4.678399355592972,5.022938684517886,4.878012604984916,4.860095110653484,4.785452842712402,0.45697260308232934,0.4405587454785428,0.4731020453453703,0.4679612720829076,0.4586623932555907,0.47765935957431793,6.438873626373627e-05,1.0670216756748687e-05,0.00012651064791097442,8.605985753047813e-05,6.620762711864407e-05,0.0
fixed,samplerG_static,5,364,186,1,6,3.415712752348774,3.310511531776368,3.525951906873141,3.5269327117379032,3.426758686869831,3.4078476428985596,0.31665958018953,0.3019656167678605,0.3309655888051374,0.32932185635869443,0.3204031535713686,0.3074086010456085,0.0,0.0,0.0,0.0,0.0,0.0,0.31665958018953,0.3019656167678605,0.3309655888051374,0.32932185635869443,0.3204031535713686,0.3074086010456085,0.04931881644852845,0.0468841479168144,0.051628377777357806,0.04092728898958832,0.048751204934599814,0.0381186362355947,0.17659817451622054,0.16009252071878222,0.19309145739256278,0.14235849809653492,0.1743706203453142,0.1232356950640678,36.155653230436556,34.3674780956536,37.85433809101122,39.15753692009449,36.55572323341154,34.52102279663086,2.064968807315761,1.949374687402133,2.1925497627640964,1.9626240568294462,2.075289441830358,1.7985628247261047,4.003585760983137,3.8639999251105452,4.1464248517578195,4.083366655207402,4.0241391051792155,3.968287229537964,0.48500992967695983,0.4689295891733139,0.5014776968823385,0.51210641323514,0.486174765616487,0.5058647990226746,1.0731456043956045e-05,0.0,2.7016096923256452e-05,1.1366484497261346e-05,1.1034604519774011e-05,0.0
fixed,samplerG_static,10,364,186,1,6,3.1957179845853165,3.094177153617416,3.3047112150497298,3.312383176711776,3.2058249177400677,3.1920589208602905,0.31665958018953,0.3019656167678605,0.3309655888051374,0.32932185635869443,0.3204031535713686,0.3074086010456085,0.0,0.0,0.0,0.0,0.0,0.0,0.31665958018953,0.3019656167678605,0.3309655888051374,0.32932185635869443,0.3204031535713686,0.3074086010456085,0.04524631727658847,0.042974169594520335,0.047558191443197576,0.038128289088772714,0.044722187811709356,0.03525977768003935,0.14935291166389567,0.13634688176432286,0.1622498309442499,0.12472487380574314,0.14696293056792986,0.0993504486978054,33.27929400808208,31.554475626032538,34.89871565992812,36.06182286126745,33.6184551022147,31.457027435302734,2.1139196574606083,1.9954723879109977,2.255255275379621,2.039309970759541,2.1305450326894637,1.9717556238174438,3.7556089368331564,3.623381021000747,3.905060871178476,3.83504810403339,3.7741205459092297,3.7264816761016846,0.5108400982200771,0.49755561528221803,0.5252765659113922,0.539154007287554,0.5127722837956948,0.5291927754878998,4.8291552197802196e-05,5.321866485013624e-06,0.0001232511401804531,3.8843225772418116e-05,4.9655720338983054e-05,0.0
fixed,samplerG_vf,-1,364,186,1,6,2.5747322096438197,2.457767850497958,2.7161118050183566,2.376139308581981,2.5597495465292095,2.3145696163177494,0.3277703409594903,0.31254300776112787,0.3431125590223998,0.33321067207902977,0.33144555846913215,0.316291818022728,0.12441655514137508,0.11978036899950696,0.1303091747581532,0.13213195301344854,0.12573669117712277,0.12463947795331476,0.31665958018953,0.3019656167678605,0.3309655888051374,0.32932185635869443,0.3204031535713686,0.3074086010456085,0.046826293640784,0.04401890547025693,0.04967437550507032,0.037161922870293414,0.04613226750035666,0.0341410711407661,0.21290263399175235,0.19471551865546294,0.23156604834373537,0.16655063767242875,0.20965410317699956,0.12521691806614393,15.054325274746496,14.144607769680446,16.03887974271869,13.385672326859199,14.995835106958777,12.524863672256469,2.3531994317750353,2.2487309725842746,2.4781537591863825,2.2121337559968155,2.3567599106138037,2.1478381812572476,2.5464607714624194,2.40331479947885,2.70286454244062,2.2762839567933146,2.5273497088480807,2.1176094204187397,0.7584936274850106,0.7471854393550149,0.7698711027129147,0.7853736895770664,0.7609664464821924,0.7864348977804184,0.0023371853671231113,0.002015681444422896,0.0026973534246838,0.0017856180085030996,0.0023456551934366173,0.0008087158203125
fixed,samplerG_vf,1,364,186,1,6,2.592138313493886,2.443167747237367,2.76925019612191,2.3765635362490865,2.565758377313614,2.173316717147827,0.32723911319460186,0.3119079802610152,0.3427649482513472,0.3328093736667845,0.33092868917405943,0.315678134560585,0.12408208565090544,0.11897923470226816,0.13072086579502762,0.13203235831506963,0.1254166162041368,0.12348638847470275,0.31665958018953,0.3019656167678605,0.3309655888051374,0.32932185635869443,0.3204031535713686,0.3074086010456085,0.047100222411703106,0.044289313387069686,0.05013717152441629,0.037648495160678294,0.046136750716594475,0.0332478657364845,0.215763047621039,0.19399729071088614,0.24004471178319053,0.16969841986599452,0.20922725080161625,0.1094601564109325,14.564444339864856,13.459384065641384,15.724649430956324,12.952142897863533,14.529329191830199,11.83354663848877,2.3496068372994987,2.224339409345096,2.482152928140191,2.2040754867892787,2.353490564361804,2.1341495513916016,2.5741963448760274,2.40168986318495,2.781666563840886,2.276717580226657,2.5415353236225364,1.9725440740585327,0.7607462112228949,0.7490481280104669,0.7734925617713831,0.7850589591342186,0.7631985630187611,0.7819374799728394,0.0023924439817994505,0.0019087062729213108,0.00303398732109943,0.0017142764873127455,0.0024177852996998587,0.000152587890625
fixed,samplerG_vf,5,364,186,1,6,1.9842054408330183,1.8761045001119703,2.0983979491609612,1.7936221713322418,1.9806312056584547,1.7665534019470215,0.32084538458058465,0.305948066045569,0.33579138291516963,0.3262893543467765,0.3244051663047176,0.30523255467414856,0.1269129381341102,0.1220192477118814,0.13232368897477176,0.1346135751524122,0.12822843469300507,0.12173430994153014,0.31665958018953,0.3019656167678605,0.3309655888051374,0.32932185635869443,0.3204031535713686,0.3074086010456085,0.03620205482571833,0.03385108659168702,0.03859355665588759,0.02808118857923114,0.035794704849241896,0.02519462723284955,0.13176917776180502,0.11951250756592299,0.1435308028685064,0.1033389737321025,0.13136264977736337,0.0812200456857681,12.345754372222084,11.479485146336804,13.270685022860185,10.949706142030948,12.32210124044095,9.870057106018066,1.8721049183181353,1.7566111107316003,1.9965984559793755,1.741670829000732,1.877372457566908,1.553670048713684,2.018185168013468,1.896204364703197,2.1343106784815764,1.7872384742571146,2.0141443995769412,1.6254679560661316,0.7658271395734378,0.7534375130046073,0.7769438767610427,0.7928449658927894,0.7675772752970625,0.7913385927677155,0.002274565644316621,0.001839228751098922,0.0027816476434447982,0.0014393671523167438,0.0023003702109816383,0.000274658203125
fixed,samplerG_vf,10,364,186,1,6,1.8554670324364861,1.749710435043373,1.9667910189265674,1.6824084423218924,1.8520292287829232,1.62128084897995,0.31949600223247165,0.3049011812798442,0.334672590395429,0.32519436147733044,0.32307001117006534,0.30503205955028534,0.12845517977928883,0.1237089243052356,0.13390442605914615,0.13615332198337035,0.12988198049219143,0.12592424452304835,0.31665958018953,0.3019656167678605,0.3309655888051374,0.32932185635869443,0.3204031535713686,0.3074086010456085,0.03322947512126402,0.03101283977757617,0.035777097758585515,0.025889541480992317,0.03282762756288565,0.02441868185997005,0.11697562496834495,0.10453208507394786,0.12877711910227346,0.0911545477069653,0.11638236727177856,0.0720198601484298,11.515044149789182,10.759585811832622,12.441487387231694,10.241173918388633,11.49594328935537,9.219545841217041,1.7480017254231395,1.633794613386908,1.8751356788571356,1.6548055951068947,1.7524579584514355,1.448588490486145,1.917699020233128,1.8008666822473096,2.0375966474257363,1.6999654786937641,1.914254387472309,1.5844944715499878,0.770025474684579,0.7583917890841362,0.7810933559548636,0.7950190473565139,0.772283538165739,0.794487863779068,0.002297873025412088,0.0018783094889102403,0.0027532098281824466,0.0015074144357955363,0.0023133875960010594,0.000244140625
fixed,static_gt,0,364,186,1,6,3.483226440355673,3.3512159408727222,3.613688875484567,3.662026660187616,3.512764084052905,3.4465514421463013,0.31665958018953,0.3019656167678605,0.3309655888051374,0.32932185635869443,0.3204031535713686,0.3074086010456085,0.0,0.0,0.0,0.0,0.0,0.0,0.31665958018953,0.3019656167678605,0.3309655888051374,0.32932185635869443,0.3204031535713686,0.3074086010456085,0.04843104189886248,0.045550717903891036,0.05118997198554932,0.04164884679689904,0.0488590127632754,0.0372057911008596,0.15425034412352887,0.141336591710089,0.16728694914684214,0.13281380941255386,0.15698436944430963,0.09762210771441454,39.235800681205895,37.18577630381337,41.47489540016019,43.14947333004016,39.68523084208117,34.357961654663086,0.0,0.0,0.0,0.0,0.0,0.0,4.44247979343265,4.266117136578118,4.628432165437538,4.526044042796799,4.490445154787457,4.4573891162872314,0.5293896014873798,0.5131277847806771,0.5463057410208864,0.5330387744087902,0.5311467229983228,0.527099609375,0.0,0.0,0.0,0.0,0.0,0.0
