dataset,ratio,metric,macro,n_groups,groups_gt_1
TACO,time/take,raw,1.342494048178196,8,6
TACO,time/take,mass_abs,2.1235419511795044,8,8
TACO,time/take,mass_log,2.398210123181343,8,8
TACO,time/take,pattern_L2,1.035969227552414,8,3
TACO,time/take,centroid,0.9351482847150296,8,3
TACO,time/mesh,raw,0.8839573971927166,8,2
TACO,time/mesh,mass_abs,1.319884568452835,8,7
TACO,time/mesh,mass_log,1.7462802529335022,8,8
TACO,time/mesh,pattern_L2,0.6888557523488998,8,0
TACO,time/mesh,centroid,0.5322360851128278,8,0
TACO,mesh/take,raw,1.4941405951976776,8,8
TACO,mesh/take,mass_abs,1.6208048164844513,8,8
TACO,mesh/take,mass_log,1.3761365562677383,8,8
TACO,mesh/take,pattern_L2,1.4829091131687164,8,8
TACO,mesh/take,centroid,1.7303087787972196,8,8
TACO,action/take,raw,1.0515442192554474,8,8
TACO,action/take,mass_abs,1.0865223556756973,8,8
TACO,action/take,mass_log,1.0708575397729874,8,7
TACO,action/take,pattern_L2,1.0324722081422806,8,7
TACO,action/take,centroid,1.0479921611732002,8,7
TACO,time/floor,raw,5.073666930198669,8,8
TACO,time/floor,mass_abs,7.461777865886688,8,8
TACO,time/floor,mass_log,8.022112846374512,8,8
TACO,time/floor,pattern_L2,3.8403849601745605,8,8
TACO,time/floor,centroid,4.9850624189464945,8,8
ARCTIC,time/take,raw,0.9521262076768008,22,3
ARCTIC,time/take,mass_abs,1.0987825258211656,22,14
ARCTIC,time/take,mass_log,1.5712847384539517,22,22
ARCTIC,time/take,pattern_L2,0.9405823864720084,22,6
ARCTIC,time/take,centroid,0.9092242241678655,22,3
ARCTIC,time/subject,raw,0.9456813958558169,22,2
ARCTIC,time/subject,mass_abs,1.082508217204701,22,14
ARCTIC,time/subject,mass_log,1.5433606613766064,22,22
ARCTIC,time/subject,pattern_L2,0.9310801543972709,22,6
ARCTIC,time/subject,centroid,0.8969065680736326,22,4
ARCTIC,subject/take_same_subject,raw,1.1309692913835698,22,21
ARCTIC,subject/take_same_subject,mass_abs,1.1724588952281259,22,21
ARCTIC,subject/take_same_subject,mass_log,1.1542688824913718,22,22
ARCTIC,subject/take_same_subject,pattern_L2,1.155891857363961,22,22
ARCTIC,subject/take_same_subject,centroid,1.2201318544391326,22,21
ARCTIC,action/take,raw,1.2016315433112057,22,17
ARCTIC,action/take,mass_abs,1.263200432062149,22,16
ARCTIC,action/take,mass_log,1.35319937359203,22,22
ARCTIC,action/take,pattern_L2,1.1798041300340132,22,15
ARCTIC,action/take,centroid,1.2989320311089254,22,18
ARCTIC,time/floor,raw,2.5662512562491675,22,22
ARCTIC,time/floor,mass_abs,2.69532969864932,22,22
ARCTIC,time/floor,mass_log,3.108310168439692,22,22
ARCTIC,time/floor,pattern_L2,2.755495244806463,22,22
ARCTIC,time/floor,centroid,3.912965714669194,22,22
OakInk2,time/take,raw,0.45414381455152464,39,0
OakInk2,time/take,mass_abs,0.6013318006044779,39,2
OakInk2,time/take,mass_log,0.6599395332428125,39,3
OakInk2,time/take,pattern_L2,0.4521745386031958,39,0
OakInk2,time/take,centroid,0.3591725458745677,39,1
OakInk2,time/mesh,raw,0.3702390009866041,17,0
OakInk2,time/mesh,mass_abs,0.399328850209713,17,0
OakInk2,time/mesh,mass_log,0.4377301532556029,17,0
OakInk2,time/mesh,pattern_L2,0.35807931510841146,17,0
OakInk2,time/mesh,centroid,0.3245534923367272,17,0
OakInk2,mesh/take,raw,1.569070223499747,17,16
OakInk2,mesh/take,mass_abs,2.448133615886464,17,14
OakInk2,mesh/take,mass_log,2.66271250037586,17,15
OakInk2,mesh/take,pattern_L2,1.6860250900773441,17,16
OakInk2,mesh/take,centroid,1.5382562916885776,17,13
OakInk2,action/take,raw,1.1219681234736192,38,29
OakInk2,action/take,mass_abs,1.1457724445744564,38,25
OakInk2,action/take,mass_log,1.1778793444758968,38,27
OakInk2,action/take,pattern_L2,1.1448933356686641,38,27
OakInk2,action/take,centroid,1.184256668835793,38,22
OakInk2,time/floor,raw,5.5681109978602485,39,39
OakInk2,time/floor,mass_abs,5.970350455015134,39,39
OakInk2,time/floor,mass_log,6.2181261869577265,39,39
OakInk2,time/floor,pattern_L2,5.774756162594526,39,39
OakInk2,time/floor,centroid,7.085987534615854,39,39
OakInk2-ext,time/take,raw,0.8018715092769035,65,19
OakInk2-ext,time/take,mass_abs,1.3596394690183493,65,54
OakInk2-ext,time/take,mass_log,2.034585001835456,65,63
OakInk2-ext,time/take,pattern_L2,0.5863900714195691,65,2
OakInk2-ext,time/take,centroid,0.49270632969844624,65,3
OakInk2-ext,time/mesh,raw,0.643380950887998,30,4
OakInk2-ext,time/mesh,mass_abs,1.008556593954563,30,12
OakInk2-ext,time/mesh,mass_log,1.599849725763003,30,23
OakInk2-ext,time/mesh,pattern_L2,0.4321820949514707,30,1
OakInk2-ext,time/mesh,centroid,0.424475937314823,30,2
OakInk2-ext,mesh/take,raw,1.4240767856438954,30,28
OakInk2-ext,mesh/take,mass_abs,1.8017219563325246,30,26
OakInk2-ext,mesh/take,mass_log,1.7853786567846934,30,24
OakInk2-ext,mesh/take,pattern_L2,1.7925848682721457,30,28
OakInk2-ext,mesh/take,centroid,1.638762328653037,30,23
OakInk2-ext,action/take,raw,1.144227839075029,64,51
OakInk2-ext,action/take,mass_abs,1.1870279796421528,64,48
OakInk2-ext,action/take,mass_log,1.2512835776433349,64,51
OakInk2-ext,action/take,pattern_L2,1.1741473944857717,64,47
OakInk2-ext,action/take,centroid,1.3073389341346568,64,49
OakInk2-ext,time/floor,raw,6.876669825040377,65,65
OakInk2-ext,time/floor,mass_abs,8.61174805347736,65,65
OakInk2-ext,time/floor,mass_log,9.26912512412438,65,65
OakInk2-ext,time/floor,pattern_L2,5.307970806268545,65,65
OakInk2-ext,time/floor,centroid,6.39160838323059,65,65
