dataset,decoder,input,split,E_C,ci_lo,ci_hi,h1_8,h9_16,h17_32,h33_48,h49_63
taco,M1,oracle,test,0.5100206288977088,0.47175839652478935,0.5554108968305006,0.411199179488224,0.41517678457619317,0.4725785025134478,0.5613332348255247,0.5985136073744505
taco,M1,pred,test,1.7317888186810795,1.6239593033624296,1.8456534106671785,1.146062990908951,1.4600406490051403,1.7952193868382333,1.921204283250148,1.9194058490787451
taco,M1,noisy_gauss,test,1.4901480068459643,1.448510795377359,1.5359356360492797,1.148926147410728,1.2872153249118927,1.5132106679061859,1.6229925648933583,1.6140627285281381
taco,M1,noisy_perm,test,1.3847599083961575,1.3185000884344973,1.4582135949714474,1.0609292480454955,1.1905919445606952,1.4150381971311827,1.5164502925613055,1.488259256868572
taco,M1,zhat_M2,test,1.6933458583150365,1.5866633866862783,1.8044631182509334,1.0946209047854478,1.421592288489382,1.7548034150245508,1.8877001688431867,1.884735079050992
taco,M1,pred,train (160 sequences),0.3256921667234218,,,0.3630732463148888,0.3442834226472769,0.33372038552115557,0.3016241592587903,0.31294936235994103
taco,M1,oracle,train (160 sequences),0.20406927936322367,,,0.21175965988368262,0.21037913824256976,0.20607084757793928,0.19613254682772094,0.20293332695883387
taco,M2,oracle,test,0.5050833751807324,0.46616162603747213,0.5507282121159321,0.40101807508719983,0.4007267671046205,0.4656308750650119,0.5613377663162332,0.5983197091167772
taco,M2,pred,test,1.6978018232851118,1.5914789262563644,1.8064777667420453,1.1002290363981297,1.427167170294714,1.7596288696635043,1.8921414242422843,1.887601367395112
taco,M2,noisy_gauss,test,1.4263944426116422,1.3852200269644435,1.471086298506085,1.0845162807938202,1.2451169583537094,1.4409310440379348,1.5548227746551344,1.5529148581509407
taco,M2,noisy_perm,test,1.324033055918773,1.259722768547992,1.3946388895384527,0.9921506568508038,1.143194429637803,1.3503647822078195,1.4501687859768395,1.434852316001287
taco,M2,zhat_M1,test,1.7372902265926782,1.631020446464838,1.8523071342380757,1.154768847957622,1.464956516791442,1.8005323079107636,1.9267412720089472,1.9236736052420549
taco,M2,pred,train (160 sequences),0.19291934432916433,,,0.18927113138342974,0.1931510884372983,0.1971631306594645,0.18818190795209375,0.19526802109243968
taco,M2,oracle,train (160 sequences),0.17861650863307574,,,0.18678777464228916,0.18259476936946156,0.17924278255959508,0.17149317475195858,0.1790669583203271
arctic,M1,oracle,test,0.7086475028857183,0.5952454326309615,0.8333559708323639,0.7200922909573282,0.7388340293377217,0.7097166563260309,0.7069579351540675,0.6871059103838859
arctic,M1,pred,test,2.1565765985272627,1.860607764575226,2.4872697240243262,1.599579426364833,1.9262909980951457,2.182179540169165,2.312890378664428,2.3824162406800147
arctic,M1,noisy_gauss,test,2.0211340983111024,1.8781051396319053,2.164561120388439,1.5708885309686984,1.886227391690256,2.0666290397971108,2.1326750019259793,2.165710409650559
arctic,M1,noisy_perm,test,1.8801369692905812,1.7172861099740426,2.048099281763497,1.482805148718418,1.702783150698549,1.8979913925661915,1.979053911149642,2.0620798540345016
arctic,M1,zhat_M2,test,2.1519968111863106,1.8510639930059016,2.4855154574008194,1.534303677375979,1.9152957512145883,2.1792014964207786,2.325765704047636,2.3933018979012273
arctic,M1,pred,train (160 sequences),0.39891645782109764,,,0.4736252900969703,0.38908922695554793,0.3682277393105323,0.370248741665273,0.42762646737974136
arctic,M1,oracle,train (160 sequences),0.2879630339073224,,,0.32437475960468876,0.2811882485402748,0.2759566760702,0.2769531117475708,0.2967073643944847
arctic,M2,oracle,test,0.6935824144674224,0.5787300804955992,0.8174383885620021,0.6990713103353897,0.7225608785714334,0.6963344489666132,0.6941358375266665,0.6716740010867035
arctic,M2,pred,test,2.158389478384937,1.8591836032874125,2.492335567111657,1.5367344028206282,1.9233837871291544,2.1851613454142664,2.331201548106037,2.4023856881551953
arctic,M2,noisy_gauss,test,1.9444129230865623,1.807594193508113,2.078905186238512,1.5008430707178289,1.8184852667493365,1.9733427248679862,2.042309846949353,2.112863087042579
arctic,M2,noisy_perm,test,1.8193258108025314,1.6632926742540592,1.976498355076334,1.4083388616551233,1.6665006182156503,1.817665345340927,1.9291320828538168,2.0046700926984937
arctic,M2,zhat_M1,test,2.1649730419921287,1.8706567977941895,2.4880619702641633,1.6114286556163984,1.9386137540462196,2.18968987606606,2.3181439252696703,2.391174769788767
arctic,M2,pred,train (160 sequences),0.21737513107687442,,,0.24436140516481827,0.21621781542053214,0.211151290379712,0.20689797280501807,0.22141408548030692
arctic,M2,oracle,train (160 sequences),0.23406873870583708,,,0.26549060692923376,0.23495836373913334,0.22875457517875475,0.2235347201294644,0.23374066987928624
