dataset,model,metric,value,ci_lo,ci_hi,n_examples
taco,M0,E_C,1.700352207481206,1.5975254761392381,1.8006890368593123,364
taco,M0,E_C_last16,1.9784916624590592,1.8420880609993109,2.1132944519311905,364
taco,M0,part_hamming,0.18977122437618263,0.1754817711391335,0.20272500488741396,364
taco,M0,amount_l1,0.4543652038734693,0.43160490503916094,0.47616808671258853,364
taco,M0,amount_rmse,0.009471701598178678,0.008973630646307159,0.009934091778461957,364
taco,M0,centroid,0.24584229048955572,0.22559298416457013,0.26445128913270516,364
taco,M0,normal,51.59230439545034,49.85466454188566,53.174794617998664,364
taco,M0,centroid_both,0.0992275150646302,0.0911386741890097,0.10800865597535801,364
taco,M0,normal_both,39.414809009203545,37.75461450165536,41.104012488938594,364
taco,M0,both_frac,0.7568080449364261,0.7331518878508956,0.7827170526878132,364
taco,M0,q_rel_l1,0.48118105096803915,0.4604524545693525,0.5011947305324678,364
taco,M0,q_cos,0.8233296810188792,0.8019975346198537,0.8458715272704543,364
taco,M0,q_Qerr,0.36730499055932514,0.3440124885411262,0.389667961043357,364
taco,M0,q_rel_l1_vs_grid,0.27112114920605035,0.24633652271359732,0.29501075725205844,362
taco,M0,part_hamming_vs_grid,0.10943951186017839,0.09643551218739022,0.1218771311962426,364
taco,M0,amount_l1_vs_grid,0.21661983629698855,0.1987000723488109,0.23323851818207664,364
taco,M0,centroid_vs_grid,0.051922681756448104,0.04428597416669416,0.06020370384380407,364
taco,M0,normal_vs_grid,10.106762332923628,9.09136738953277,11.362524302840631,364
taco,M0,jitter_dense,0.2028724224828593,0.1960520964640296,0.21027095351673272,364
taco,M0,tv_dense,12.578090577990144,12.155230334988094,13.036799529770905,364
taco,M0,jitter_r2,1.0537684453385217,1.0090923373634746,1.104501496825706,364
taco,M0,part_macro_f1,0.8439894410277137,0.8316789903387836,0.8557802390365791,364
taco,M0,part_macro_auprc,0.9038283264464467,0.8936969189851653,0.9129445448110315,364
taco,M0,jitter_dev_dense,0.12275529301796968,0.11173537115492412,0.13472780837721451,364
taco,M0,jitter_ratio_dense,0.7472320621226686,0.7002377371196762,0.8024336651164155,364
taco,M0,jitter_dev_r2,0.12472521903627849,0.10811337502955999,0.14041282547293302,364
taco,M0,jitter_ratio_r2,0.9898597954202916,0.9584460080614066,1.0283674766360689,364
taco,M1,E_C,1.7317861767669955,1.6239584995702177,1.8456560345574091,364
taco,M1,E_C_last16,1.9216169217949386,1.785092066075966,2.087752971368148,364
taco,M1,part_hamming,0.17709606810943684,0.1650738015888155,0.18893051451407272,364
taco,M1,amount_l1,0.45310568187262984,0.42988588793047594,0.47497325790039885,364
taco,M1,amount_rmse,0.009514333971950052,0.009005399773520464,0.01000289658767238,364
taco,M1,centroid,0.22865129808721307,0.21332389848866168,0.24457142325568734,364
taco,M1,normal,50.189081371485535,48.60990700825376,51.76608075421758,364
taco,M1,centroid_both,0.10754718356714635,0.09861350609724959,0.11694673265411376,364
taco,M1,normal_both,40.31036776369745,38.784096460430625,41.93445684617503,364
taco,M1,both_frac,0.7893774998425455,0.7688658893656207,0.81003150510606,364
taco,M1,q_rel_l1,0.4655490345270424,0.4478847411623812,0.4828354199214606,364
taco,M1,q_cos,0.8533479305659677,0.8386077061168508,0.8672811457409528,364
taco,M1,q_Qerr,0.34555987975877395,0.32625396418568636,0.36662355609829034,364
taco,M1,q_rel_l1_vs_grid,0.25986332703736814,0.23849207054702168,0.2801281181014884,362
taco,M1,part_hamming_vs_grid,0.10086343163665343,0.08808486375920223,0.11263040541487693,364
taco,M1,amount_l1_vs_grid,0.2224905019482741,0.20442085988881295,0.24030530015217078,364
taco,M1,centroid_vs_grid,0.05899363218014804,0.05056684827826252,0.06887590609102703,364
taco,M1,normal_vs_grid,10.534801402262278,9.450833523991395,11.77321457673848,364
taco,M1,jitter_dense,0.15689059486100962,0.14948339960403792,0.16444085015060922,364
taco,M1,tv_dense,9.727217140433552,9.267971022308528,10.195332983331339,364
taco,M1,jitter_r2,1.06546341541868,1.0198746411267763,1.1137105081135097,364
taco,M1,part_macro_f1,0.8560821293762061,0.8458769880899446,0.8657250343448498,364
taco,M1,part_macro_auprc,0.9029757818521874,0.8938780175535574,0.9114237969195076,364
taco,M1,jitter_dev_dense,0.1606895056972792,0.1490073147616947,0.17361359662813025,364
taco,M1,jitter_ratio_dense,0.554878752922702,0.5233815975067886,0.5899172855099563,364
taco,M1,jitter_dev_r2,0.11621731758158613,0.10324836304371685,0.13057731071671017,364
taco,M1,jitter_ratio_r2,1.0059642835816567,0.9752117174183089,1.042013519649728,364
taco,M2,E_C,1.6978020245557304,1.5914790152696963,1.8064783666048831,364
taco,M2,E_C_last16,1.891131872618264,1.7554395207268678,2.0449533410016176,364
taco,M2,part_hamming,0.17326590335150097,0.1609369341718409,0.18476609006734965,364
taco,M2,amount_l1,0.4502829253714491,0.42755978730523764,0.4717059614719205,364
taco,M2,amount_rmse,0.009468060052713154,0.008968214383386625,0.009950003593161753,364
taco,M2,centroid,0.22697889985987446,0.2108826178457571,0.24327801632413495,364
taco,M2,normal,50.09881518044315,48.47301238351489,51.73893118269993,364
taco,M2,centroid_both,0.10767669719388033,0.09902542757161126,0.11665643326518955,364
taco,M2,normal_both,40.46201277401421,38.96263743982139,42.10772490827017,364
taco,M2,both_frac,0.7929316615829101,0.7727884758074431,0.8137079402025826,364
taco,M2,q_rel_l1,0.4619381501042581,0.4443225400577877,0.48016686341661846,364
taco,M2,q_cos,0.8575896039850764,0.8430886535677162,0.8715489283407064,364
taco,M2,q_Qerr,0.34140214811150843,0.32206558084544284,0.36234546268719753,364
taco,M2,q_rel_l1_vs_grid,0.25843392963423417,0.23607734015319817,0.28170719086141516,362
taco,M2,part_hamming_vs_grid,0.0977745884568891,0.08565215488553844,0.10889620267392303,364
taco,M2,amount_l1_vs_grid,0.21708940391705095,0.19951539448154212,0.23404167210582863,364
taco,M2,centroid_vs_grid,0.05727061167791752,0.049504810916373626,0.06594273452112018,364
taco,M2,normal_vs_grid,10.503559364087797,9.289068896182732,11.861489417709581,364
taco,M2,jitter_dense,0.20940081052645876,0.19912494864233635,0.22053236898678144,364
taco,M2,tv_dense,12.982850625619783,12.345747170217832,13.673007253369471,364
taco,M2,jitter_r2,1.0877698194542593,1.0433964049365005,1.134437697304234,364
taco,M2,part_macro_f1,0.8592274696706649,0.848699890343092,0.8688546688250403,364
taco,M2,part_macro_auprc,0.9052133820860996,0.8964336605984113,0.9151958252127811,364
taco,M2,jitter_dev_dense,0.12294760589989331,0.11200390736494835,0.13482069653479475,364
taco,M2,jitter_ratio_dense,0.7523488988986499,0.6983992728064139,0.8141700229032517,364
taco,M2,jitter_dev_r2,0.10833251218383129,0.09499115082804224,0.12263241670002321,364
taco,M2,jitter_ratio_r2,1.036113163542518,1.0035497403680695,1.07312065281046,364
taco,M2_seltotal,E_C,1.723772092712122,1.6181115478446066,1.8368974644080016,364
taco,M2_seltotal,E_C_last16,1.9155084039238128,1.775595764476708,2.078432220426156,364
taco,M2_seltotal,part_hamming,0.17639108528997136,0.16347859809313242,0.18830885626077437,364
taco,M2_seltotal,amount_l1,0.4519909823947883,0.42883197252964206,0.4736662513696236,364
taco,M2_seltotal,amount_rmse,0.009503147317605749,0.008989268218233318,0.00998814597278446,364
taco,M2_seltotal,centroid,0.22847060236957048,0.21300486405669097,0.24424764112311367,364
taco,M2_seltotal,normal,50.17952683862749,48.59442200577022,51.76139905042336,364
taco,M2_seltotal,centroid_both,0.10801131256784384,0.09933753296849374,0.11682698256747862,364
taco,M2_seltotal,normal_both,40.37112523009489,38.92619138371574,41.97101114060294,364
taco,M2_seltotal,both_frac,0.7894701237117381,0.7690650364004645,0.8101642482076802,364
taco,M2_seltotal,q_rel_l1,0.46671754842276103,0.448791821046149,0.48434049906103743,364
taco,M2_seltotal,q_cos,0.8519571800767393,0.8373712837883215,0.8649315484347873,364
taco,M2_seltotal,q_Qerr,0.3460399088869383,0.32670442497410973,0.3674657359751241,364
taco,M2_seltotal,q_rel_l1_vs_grid,0.26343121586202833,0.2413355493217436,0.2850745207269424,362
taco,M2_seltotal,part_hamming_vs_grid,0.10047823434777475,0.08784618374249341,0.11251827187793116,364
taco,M2_seltotal,amount_l1_vs_grid,0.22131992683612875,0.20336199264556457,0.2392522219350972,364
taco,M2_seltotal,centroid_vs_grid,0.05805835220610958,0.050012951107003704,0.06755965948583992,364
taco,M2_seltotal,normal_vs_grid,10.517003291665198,9.384178099243753,11.746850436561983,364
taco,M2_seltotal,jitter_dense,0.15733387523873166,0.1497824668831542,0.16478035866553756,364
taco,M2_seltotal,tv_dense,9.754700606995886,9.286513278608048,10.21638259500941,364
taco,M2_seltotal,jitter_r2,1.0646134046018942,1.0195895176627934,1.1138651490873608,364
taco,M2_seltotal,part_macro_f1,0.8566108922022199,0.8461269674202323,0.8662993769809513,364
taco,M2_seltotal,part_macro_auprc,0.9040555998812153,0.8946593249264359,0.9138374655678851,364
taco,M2_seltotal,jitter_dev_dense,0.16005729898237264,0.14843350029496113,0.17295585350737108,364
taco,M2_seltotal,jitter_ratio_dense,0.5584126899270484,0.5259123244939583,0.5947311084972624,364
taco,M2_seltotal,jitter_dev_r2,0.11436341035660806,0.10144517317491367,0.1292036202990057,364
taco,M2_seltotal,jitter_ratio_r2,1.002358913144555,0.9724953664988406,1.0377703927000754,364
taco,PERSIST,E_C,3.5385159840295604,3.4041649959006914,3.6738467494776113,364
taco,PERSIST,E_C_last16,4.442479819632494,4.266253812146653,4.619901753007249,364
taco,PERSIST,part_hamming,0.4772588953396285,0.453793175722203,0.4983861462671718,364
taco,PERSIST,amount_l1,0.7117958648519201,0.6733053802316187,0.746262830579779,364
taco,PERSIST,amount_rmse,0.013925954101128749,0.013263261907171304,0.01455743400661415,364
taco,PERSIST,centroid,0.4861707745611176,0.4643732540620798,0.5050363521201653,364
taco,PERSIST,normal,73.66539320120445,71.58813200180086,75.30510621936622,364
taco,PERSIST,centroid_both,0.11436987478429309,0.10233579340086829,0.1267816316230618,364
taco,PERSIST,normal_both,34.34069217463116,31.90976157810071,36.75612451711449,364
taco,PERSIST,both_frac,0.3445053808288751,0.3177594278561489,0.37564729750134224,364
taco,PERSIST,q_rel_l1,0.7099910719770488,0.6866036975613317,0.7304135588835451,364
taco,PERSIST,q_cos,0.6300677499928318,0.5942117628421789,0.6669151495536455,364
taco,PERSIST,q_Qerr,0.6576696429747044,0.6299529299902893,0.6823766858200754,364
taco,PERSIST,q_rel_l1_vs_grid,0.6404427659044362,0.6129353344547581,0.66760530403494,362
taco,PERSIST,part_hamming_vs_grid,0.4187017055867997,0.39469998985924554,0.440416137439301,364
taco,PERSIST,amount_l1_vs_grid,0.5445149342662522,0.5138470221337337,0.5747210675863675,364
taco,PERSIST,centroid_vs_grid,0.09058221952303998,0.08020453162616224,0.1022611598531097,364
taco,PERSIST,normal_vs_grid,19.37173512283262,17.78967570831598,21.053879523819955,364
taco,PERSIST,jitter_dense,0.0,0.0,0.0,364
taco,PERSIST,tv_dense,0.0,0.0,0.0,364
taco,PERSIST,jitter_r2,0.5688424500595819,0.5265946551487913,0.6164087861608871,364
taco,PERSIST,part_macro_f1,0.4708707100618292,0.4405337159424889,0.5036701630787608,364
taco,PERSIST,part_macro_auprc,0.8540380717958106,0.8429387795832853,0.8661837788881878,364
taco,PERSIST,jitter_dev_dense,0.31471776661391443,0.2998915420755688,0.32968507119156826,364
taco,PERSIST,jitter_ratio_dense,0.0,0.0,0.0,364
taco,PERSIST,jitter_dev_r2,0.550818024228767,0.5017042409351553,0.5950784240594034,364
taco,PERSIST,jitter_ratio_r2,0.5392390886664833,0.5029453708254481,0.5794135150099057,364
taco,GT,E_C,0.0,0.0,0.0,364
taco,GT,E_C_last16,0.0,0.0,0.0,364
taco,GT,part_hamming,0.10220798589084502,0.09282560481112881,0.11241755234948787,364
taco,GT,amount_l1,0.3460906801213111,0.3278722147796768,0.3631562156463389,364
taco,GT,amount_rmse,0.006970773919889765,0.006640809861740529,0.007285757094554432,364
taco,GT,centroid,0.15279716324409123,0.13869618718256896,0.16764063770507537,364
taco,GT,normal,42.74475267300239,41.151942569167694,44.325135966488524,364
taco,GT,centroid_both,0.06998633865041884,0.06651333126256738,0.07369817056478756,364
taco,GT,normal_both,36.938506130988785,35.474169695821416,38.32046098280768,364
taco,GT,both_frac,0.8822676961688878,0.8649829381585891,0.8983529368800236,364
taco,GT,q_rel_l1,0.3718948107581217,0.35802192721780535,0.3864368086359001,364
taco,GT,q_cos,0.8965069875939862,0.883602811836053,0.9075968588583729,364
taco,GT,q_Qerr,0.25187847646628764,0.2366796580072285,0.2686234926901498,364
taco,GT,q_rel_l1_vs_grid,0.0,0.0,0.0,362
taco,GT,part_hamming_vs_grid,0.0,0.0,0.0,364
taco,GT,amount_l1_vs_grid,0.0,0.0,0.0,364
taco,GT,centroid_vs_grid,0.0,0.0,0.0,364
taco,GT,normal_vs_grid,0.018536569898600107,0.007555182914114522,0.032601551462531644,364
taco,GT,jitter_dense,0.31471776661391443,0.2998915420755688,0.32968507119156826,364
taco,GT,tv_dense,19.512502114851397,18.593276144972066,20.440475044541483,364
taco,GT,jitter_r2,1.0964136756854235,1.0509160033868818,1.1466783753873793,364
taco,GT,part_macro_f1,0.9179672758943015,0.9111007398607579,0.9254200169423681,364
taco,GT,part_macro_auprc,0.9387771648457486,0.9330078886786519,0.9456726700209388,364
taco,GT,jitter_dev_dense,0.0,0.0,0.0,364
taco,GT,jitter_ratio_dense,1.0,1.0,1.0,364
taco,GT,jitter_dev_r2,0.0,0.0,0.0,364
taco,GT,jitter_ratio_r2,1.0,1.0,1.0,364
arctic,M0,E_C,1.8901479019112484,1.6294874953810445,2.173438141254632,186
arctic,M0,E_C_last16,2.2177759663712595,1.8881956883415114,2.573681151704695,186
arctic,M0,part_hamming,0.1793679407627512,0.1428083738729072,0.22179362144862538,186
arctic,M0,amount_l1,0.4810219233234723,0.3919876392157929,0.5683442543190447,186
arctic,M0,amount_rmse,0.009292817064648575,0.0074540401143715785,0.010924532439457815,186
arctic,M0,centroid,0.2851637532353722,0.24631249788313758,0.3290946434413301,186
arctic,M0,normal,47.783318554201436,44.58476516494164,50.97605439502398,186
arctic,M0,centroid_both,0.15916341572238873,0.12818837165084135,0.19467693857959456,186
arctic,M0,normal_both,34.685703200678674,31.86705364620643,37.9601902126281,186
arctic,M0,both_frac,0.7553683237763502,0.7048573236618727,0.8062444255258888,186
arctic,M0,q_rel_l1,0.4877374209263312,0.4488365572661874,0.5285217019384998,186
arctic,M0,q_cos,0.8451328252752622,0.809332213246244,0.8779342716499181,186
arctic,M0,q_Qerr,0.3567610212791992,0.3125737624050561,0.40048866116381077,186
arctic,M0,q_rel_l1_vs_grid,0.37368059771487844,0.33225794397168384,0.4212482550817962,185
arctic,M0,part_hamming_vs_grid,0.15871595008979722,0.12233792043328244,0.20062414545312085,186
arctic,M0,amount_l1_vs_grid,0.3104762799126567,0.2583673831570171,0.36488487044950485,186
arctic,M0,centroid_vs_grid,0.10431528009814761,0.0828422124585804,0.12989601063171208,186
arctic,M0,normal_vs_grid,15.734124632852692,12.693724473117777,18.908457811523057,186
arctic,M0,jitter_dense,0.18584953069246263,0.15755253501775382,0.21154254872977102,186
arctic,M0,tv_dense,11.522671280368682,9.768257491662814,13.115638414646703,186
arctic,M0,jitter_r2,0.6520301345936073,0.5994661974280127,0.7144572442778392,186
arctic,M0,part_macro_f1,0.7656662946301037,0.7194488350962296,0.8025880616811022,186
arctic,M0,part_macro_auprc,0.8052794032201797,0.758639705939528,0.8426734984351787,186
arctic,M0,jitter_dev_dense,0.0581061763148154,0.04738095089910862,0.07074292030510633,186
arctic,M0,jitter_ratio_dense,1.3547720576797817,1.2320357988827357,1.498553514054613,186
arctic,M0,jitter_dev_r2,0.15668953338297464,0.12722453726180724,0.18609783329070884,186
arctic,M0,jitter_ratio_r2,1.3271129567350493,1.209888328719334,1.436093339414809,186
arctic,M1,E_C,2.156583450213876,1.8606065641012814,2.4872730774292955,186
arctic,M1,E_C_last16,2.379837096778936,2.0268485656745145,2.77698871021431,186
arctic,M1,part_hamming,0.18845652358766685,0.15239521954003454,0.23124222362657784,186
arctic,M1,amount_l1,0.5232520167946174,0.42963748648847844,0.6102199036683769,186
arctic,M1,amount_rmse,0.010257083130875222,0.008186202330529803,0.012087366769690525,186
arctic,M1,centroid,0.28207128152491584,0.24871016722501602,0.3186245083672157,186
arctic,M1,normal,46.823663132165066,43.58288154520277,49.85820197486903,186
arctic,M1,centroid_both,0.17706865014167883,0.15135563272156127,0.20792391310674974,186
arctic,M1,normal_both,35.93107286768575,33.03944090377805,39.06827334060069,186
arctic,M1,both_frac,0.7845486268321032,0.735016089984732,0.8337060301821729,186
arctic,M1,q_rel_l1,0.5058934240732141,0.46743928122207307,0.5465373333159559,186
arctic,M1,q_cos,0.8498973466696278,0.8249287119083208,0.8728222231950928,186
arctic,M1,q_Qerr,0.35927108238621425,0.3195247482035368,0.4011103504385069,186
arctic,M1,q_rel_l1_vs_grid,0.40467657389975076,0.35294503358996776,0.4638529474469318,185
arctic,M1,part_hamming_vs_grid,0.17053537399217647,0.13496018219966546,0.21232835722733462,186
arctic,M1,amount_l1_vs_grid,0.3629151645757418,0.2985089832094343,0.42960363691826603,186
arctic,M1,centroid_vs_grid,0.12056886672883504,0.1021876545716578,0.14033335436884886,186
arctic,M1,normal_vs_grid,17.539268070331183,14.13863651756968,20.864914594512165,186
arctic,M1,jitter_dense,0.17846058892907316,0.1506220010551307,0.20353195047582542,186
arctic,M1,tv_dense,11.064556825545527,9.33856432278271,12.61898127274223,186
arctic,M1,jitter_r2,0.6531772671207305,0.6055381061387726,0.7059921284450248,186
arctic,M1,part_macro_f1,0.754929499920704,0.7152029831311235,0.7895763792186122,186
arctic,M1,part_macro_auprc,0.7636967273862433,0.7145969633190733,0.8053124104922025,186
arctic,M1,jitter_dev_dense,0.06889504076091833,0.057648960375809834,0.08072560517554045,186
arctic,M1,jitter_ratio_dense,1.305346590664249,1.1784865709041823,1.4476661386688896,186
arctic,M1,jitter_dev_r2,0.1569375186277333,0.12867221601908843,0.18274984888133483,186
arctic,M1,jitter_ratio_r2,1.3204576901608025,1.21496172763799,1.4171499654980817,186
arctic,M2,E_C,2.1583889410380395,1.8591838353991574,2.4923342014011682,186
arctic,M2,E_C_last16,2.398336768070216,2.0702889918104597,2.77371276200137,186
arctic,M2,part_hamming,0.17931104723304028,0.14399150593918464,0.22160968173567838,186
arctic,M2,amount_l1,0.5201362993928694,0.4254955562999182,0.6070414486448005,186
arctic,M2,amount_rmse,0.010190198427036164,0.008150872710862204,0.011999486984905725,186
arctic,M2,centroid,0.2780571611377821,0.2436755703633589,0.315234155378895,186
arctic,M2,normal,46.330688171489264,42.87087762901218,49.70838945578983,186
arctic,M2,centroid_both,0.1761781531636433,0.15119445454465255,0.20664457181498272,186
arctic,M2,normal_both,35.86253586892159,32.9549325004114,38.91300181522089,186
arctic,M2,both_frac,0.7939604589695571,0.7408052360855623,0.8462797176384081,186
arctic,M2,q_rel_l1,0.4985545142603818,0.45898108830264295,0.5379924504609248,186
arctic,M2,q_cos,0.8542735058293548,0.8256012307422264,0.8803747389818736,186
arctic,M2,q_Qerr,0.353381204418838,0.3129287626063455,0.3964268510793581,186
arctic,M2,q_rel_l1_vs_grid,0.39465250607479263,0.3437432194601403,0.4505867040458547,185
arctic,M2,part_hamming_vs_grid,0.16198727046389894,0.1269357560507071,0.2045495726310037,186
arctic,M2,amount_l1_vs_grid,0.35935045279542444,0.2967848263781543,0.4247200068613477,186
arctic,M2,centroid_vs_grid,0.11932271056350381,0.10110578976435748,0.13949031930978933,186
arctic,M2,normal_vs_grid,17.325552133943447,13.811957088567672,20.748775631940042,186
arctic,M2,jitter_dense,0.2127168292420045,0.1819353647988678,0.24009573392944072,186
arctic,M2,tv_dense,13.188443826731815,11.279992974010534,14.885935956662667,186
arctic,M2,jitter_r2,0.6698561620808416,0.6234909757973416,0.7229291665443843,186
arctic,M2,part_macro_f1,0.7671668315800236,0.7283234073386825,0.8027141869862283,186
arctic,M2,part_macro_auprc,0.7725426051238937,0.7296947596177404,0.8127493921825565,186
arctic,M2,jitter_dev_dense,0.08053962493775993,0.06638024867745373,0.09598866562813245,186
arctic,M2,jitter_ratio_dense,1.5677928223091573,1.39993977158939,1.7438811117359256,186
arctic,M2,jitter_dev_r2,0.16177431329764347,0.13291970152318,0.19100893082567938,186
arctic,M2,jitter_ratio_r2,1.3662395028627141,1.2522618592861672,1.4652047443078446,186
arctic,M2_seltotal,E_C,2.1583889410380395,1.8591838353991574,2.4923342014011682,186
arctic,M2_seltotal,E_C_last16,2.398336768070216,2.0702889918104597,2.77371276200137,186
arctic,M2_seltotal,part_hamming,0.17931104723304028,0.14399150593918464,0.22160968173567838,186
arctic,M2_seltotal,amount_l1,0.5201362993928694,0.4254955562999182,0.6070414486448005,186
arctic,M2_seltotal,amount_rmse,0.010190198427036164,0.008150872710862204,0.011999486984905725,186
arctic,M2_seltotal,centroid,0.2780571611377821,0.2436755703633589,0.315234155378895,186
arctic,M2_seltotal,normal,46.330688171489264,42.87087762901218,49.70838945578983,186
arctic,M2_seltotal,centroid_both,0.1761781531636433,0.15119445454465255,0.20664457181498272,186
arctic,M2_seltotal,normal_both,35.86253586892159,32.9549325004114,38.91300181522089,186
arctic,M2_seltotal,both_frac,0.7939604589695571,0.7408052360855623,0.8462797176384081,186
arctic,M2_seltotal,q_rel_l1,0.4985545142603818,0.45898108830264295,0.5379924504609248,186
arctic,M2_seltotal,q_cos,0.8542735058293548,0.8256012307422264,0.8803747389818736,186
arctic,M2_seltotal,q_Qerr,0.353381204418838,0.3129287626063455,0.3964268510793581,186
arctic,M2_seltotal,q_rel_l1_vs_grid,0.39465250607479263,0.3437432194601403,0.4505867040458547,185
arctic,M2_seltotal,part_hamming_vs_grid,0.16198727046389894,0.1269357560507071,0.2045495726310037,186
arctic,M2_seltotal,amount_l1_vs_grid,0.35935045279542444,0.2967848263781543,0.4247200068613477,186
arctic,M2_seltotal,centroid_vs_grid,0.11932271056350381,0.10110578976435748,0.13949031930978933,186
arctic,M2_seltotal,normal_vs_grid,17.325552133943447,13.811957088567672,20.748775631940042,186
arctic,M2_seltotal,jitter_dense,0.2127168292420045,0.1819353647988678,0.24009573392944072,186
arctic,M2_seltotal,tv_dense,13.188443826731815,11.279992974010534,14.885935956662667,186
arctic,M2_seltotal,jitter_r2,0.6698561620808416,0.6234909757973416,0.7229291665443843,186
arctic,M2_seltotal,part_macro_f1,0.7671668315800236,0.7283234073386825,0.8027141869862283,186
arctic,M2_seltotal,part_macro_auprc,0.7725426051238937,0.7296947596177404,0.8127493921825565,186
arctic,M2_seltotal,jitter_dev_dense,0.08053962493775993,0.06638024867745373,0.09598866562813245,186
arctic,M2_seltotal,jitter_ratio_dense,1.5677928223091573,1.39993977158939,1.7438811117359256,186
arctic,M2_seltotal,jitter_dev_r2,0.16177431329764347,0.13291970152318,0.19100893082567938,186
arctic,M2_seltotal,jitter_ratio_r2,1.3662395028627141,1.2522618592861672,1.4652047443078446,186
arctic,PERSIST,E_C,2.2421078891843877,1.975344062473828,2.5234731272501163,186
arctic,PERSIST,E_C_last16,2.5572261480234,2.2622463163412303,2.8769067774639594,186
arctic,PERSIST,part_hamming,0.3394066409448222,0.2885289688715591,0.4028576918578501,186
arctic,PERSIST,amount_l1,0.48324311633784606,0.37711525433598264,0.5890670392069677,186
arctic,PERSIST,amount_rmse,0.00883302407937565,0.00671908390524578,0.010902688899974844,186
arctic,PERSIST,centroid,0.4988230148790985,0.44818314861765673,0.5580577496757335,186
arctic,PERSIST,normal,66.80649453337475,63.12211033552215,70.83513975983061,186
arctic,PERSIST,centroid_both,0.13567025578951322,0.10732416672122087,0.1684547978919409,186
arctic,PERSIST,normal_both,32.52327159175309,29.456247171328595,35.881892302766914,186
arctic,PERSIST,both_frac,0.4388021173816855,0.37194905825327623,0.4957401114344994,186
arctic,PERSIST,q_rel_l1,0.6602339485800395,0.6172740943729979,0.708836243482715,186
arctic,PERSIST,q_cos,0.7204463911312883,0.6680249281334805,0.7676664929189541,186
arctic,PERSIST,q_Qerr,0.5872674189427848,0.5345297913152315,0.6476137449158671,186
arctic,PERSIST,q_rel_l1_vs_grid,0.6005796144540245,0.5407719526977793,0.6625436650023855,185
arctic,PERSIST,part_hamming_vs_grid,0.33124256060428675,0.27801454379659846,0.39464473847492326,186
arctic,PERSIST,amount_l1_vs_grid,0.4144106562830187,0.3443122602787839,0.4872153623756606,186
arctic,PERSIST,centroid_vs_grid,0.11016020813821664,0.08701007624712602,0.13906364129662635,186
arctic,PERSIST,normal_vs_grid,21.805259035479637,18.1890906801233,26.03487227335608,186
arctic,PERSIST,jitter_dense,0.0,0.0,0.0,186
arctic,PERSIST,tv_dense,0.0,0.0,0.0,186
arctic,PERSIST,jitter_r2,0.403222752136669,0.33961153437653857,0.4650453783760426,186
arctic,PERSIST,part_macro_f1,0.48152029926358814,0.40818199035823266,0.5402339730189297,186
arctic,PERSIST,part_macro_auprc,0.7611636407022142,0.6883769026477421,0.8255757792221506,186
arctic,PERSIST,jitter_dev_dense,0.1612472171164168,0.1350836988417919,0.18663297048086047,186
arctic,PERSIST,jitter_ratio_dense,0.0,0.0,0.0,186
arctic,PERSIST,jitter_dev_r2,0.2231780879615095,0.18712941396193725,0.2646923874660496,186
arctic,PERSIST,jitter_ratio_r2,0.7904269371099796,0.6621513678740759,0.9248644783801999,186
arctic,GT,E_C,0.0,0.0,0.0,186
arctic,GT,E_C_last16,0.0,0.0,0.0,186
arctic,GT,part_hamming,0.04702167995574494,0.03796390122465493,0.05751424970810671,186
arctic,GT,amount_l1,0.2698541325667212,0.21383640169882592,0.3343443109650534,186
arctic,GT,amount_rmse,0.004959435051342132,0.003827238087500231,0.0061405627727487205,186
arctic,GT,centroid,0.15309975145044186,0.11876147265957512,0.18888911423073929,186
arctic,GT,normal,33.33710319060151,29.54293538552667,37.17988634145228,186
arctic,GT,centroid_both,0.09525947053466112,0.07366317650077667,0.11941764923112567,186
arctic,GT,normal_both,27.886503422773014,25.700058354043517,30.23268587447775,186
arctic,GT,both_frac,0.9107470958623834,0.8706587652310351,0.9474264134393295,186
arctic,GT,q_rel_l1,0.3263046392590128,0.29193979228335665,0.36440760547675133,186
arctic,GT,q_cos,0.9136086442778187,0.8869033960024514,0.9383685448227793,186
arctic,GT,q_Qerr,0.20832085627461633,0.16978206180218,0.2512018979035939,186
arctic,GT,q_rel_l1_vs_grid,0.0,0.0,0.0,185
arctic,GT,part_hamming_vs_grid,0.0,0.0,0.0,186
arctic,GT,amount_l1_vs_grid,0.0,0.0,0.0,186
arctic,GT,centroid_vs_grid,0.0,0.0,0.0,186
arctic,GT,normal_vs_grid,0.0,0.0,0.0,186
arctic,GT,jitter_dense,0.1612472171164168,0.1350836988417919,0.18663297048086047,186
arctic,GT,tv_dense,9.99732776675173,8.375189601131304,11.571244534702041,186
arctic,GT,jitter_r2,0.5474192645520933,0.4974417483171947,0.6058306040869069,186
arctic,GT,part_macro_f1,0.9394956932033484,0.9202770714924777,0.9536759387298209,186
arctic,GT,part_macro_auprc,0.9379648965951426,0.9074561271315712,0.9650376767843091,186
arctic,GT,jitter_dev_dense,0.0,0.0,0.0,186
arctic,GT,jitter_ratio_dense,1.0,1.0,1.0,186
arctic,GT,jitter_dev_r2,0.0,0.0,0.0,186
arctic,GT,jitter_ratio_r2,1.0,1.0,1.0,186
