dataset,cond,causal,h,n_frames,n_pos,prevalence,auprc,auprc_lo,auprc_hi,auroc,auroc_lo,auroc_hi,recall_at_p50,auprc_seed0,auroc_seed0,auprc_seed1,auroc_seed1,auprc_seed2,auroc_seed2,auprc_spatial_mixed,n_pos_spatial_mixed,auprc_release_regrasp,n_pos_release_regrasp
arctic,F0,True,4,10974,677,0.06169127027519592,0.13347838566423104,0.09739302649743815,0.1824003644549212,0.7168164834785982,0.6687210309434063,0.763953704981959,0.015263417035942887,0.13044870474493117,0.7200427940105028,0.13438718489885468,0.7188996407868005,0.13559926734890726,0.7115070156384911,0.11104116242804846,410,0.042297104396139255,275
arctic,F0,True,8,10230,1173,0.11466275659824048,0.23803833045832315,0.1612552357424976,0.33422331913854386,0.7208328026882129,0.6658771210404936,0.7723292733737647,0.024438761011651034,0.2309301112777121,0.7220690293293559,0.24219637374432335,0.7220398967945834,0.240988506352934,0.7183894819406994,0.1964813891761982,722,0.086817617690645,492
arctic,F1,True,4,10974,677,0.06169127027519592,0.13144508841264843,0.09582227193989347,0.17939699491140412,0.7134960936407314,0.67192346237492,0.7587746041080167,0.006893156080748399,0.14097648176066496,0.7232685546506569,0.12420225873188512,0.7044040160841902,0.12915652474539516,0.7128157101873472,0.10546747126457821,410,0.04365139568576184,275
arctic,F1,True,8,10230,1173,0.11466275659824048,0.22987527726028922,0.15815037167952037,0.32234114852391665,0.718080507642184,0.6707332770466334,0.7666643466623799,0.029269678886047173,0.23981277645988136,0.7238674809468988,0.22389049389689103,0.7157855322090528,0.22592256142409523,0.7145885097706003,0.18078362906247095,722,0.08904409069142895,492
arctic,F2k1,True,4,10974,677,0.06169127027519592,0.12117990508695337,0.08456220278926176,0.1762248524586823,0.7006104563494254,0.6523138357453067,0.7528156817465851,0.008370260955194485,0.1178273202044812,0.6970052225849435,0.12343860971572752,0.7049933087737332,0.12227378534065135,0.6998328376895997,0.0993654004777212,410,0.038337539645117505,275
arctic,F2k1,True,8,10230,1173,0.11466275659824048,0.21984502193541036,0.14587424892473402,0.3170173405736645,0.7064051540834981,0.6538451699687141,0.7622894988501039,0.0392156862745098,0.21593586619702665,0.7008259520714738,0.22217490173213855,0.7095122008844055,0.22142429787706597,0.7088773092946152,0.17738589147206327,722,0.0803596203207553,492
arctic,F2k4,True,4,10974,677,0.06169127027519592,0.11884755896389339,0.0840453547604451,0.1755273259232598,0.6945164603401096,0.6439153623548193,0.7511167501333712,0.0034465780403741997,0.11885867896159255,0.6930035407768881,0.11790334858425897,0.6960852775951579,0.11978064934582866,0.6944605626482825,0.09691056217489992,410,0.037753480666230195,275
arctic,F2k4,True,8,10230,1173,0.11466275659824048,0.21492201617250695,0.1432649674061922,0.3138856557477626,0.7015039698530193,0.6475277129196956,0.763274166868321,0.03495311167945439,0.21258459322263515,0.6970929871917564,0.21529304882547826,0.7036132155720035,0.2168884064694075,0.7038057067952979,0.1716165661382385,722,0.07951580539779704,492
arctic,F2k8,True,4,10974,677,0.06169127027519592,0.11985657751702332,0.08791299632217167,0.16676800134452155,0.7031792876147595,0.6592315570196857,0.7538645915604516,0.005908419497784343,0.11916007424964653,0.7073856247872455,0.12363381432249196,0.7097110213655897,0.11677584397893145,0.6924412166914429,0.09167199291108048,410,0.041736670103655525,275
arctic,F2k8,True,8,10230,1173,0.11466275659824048,0.21158962799882178,0.14609531067520018,0.2923671359866256,0.7032361084794564,0.6512877395352527,0.7609265599437297,0.01932367149758454,0.20519649301268156,0.7047912242074703,0.21767358272377235,0.7086293768339025,0.2118988082600114,0.6962877243969965,0.15966424669685583,722,0.08533171583171252,492
arctic,F2rel,True,4,10974,677,0.06169127027519592,0.1419739815211283,0.10894041544949033,0.1862860686594487,0.7379294337783775,0.6937657526121803,0.7863576322548778,0.0024618414574101425,0.1421759882005852,0.7321964536572512,0.13891471589442592,0.7402082808246482,0.14483124046837376,0.741383566853233,0.09346250144667838,410,0.06561451681481155,275
arctic,F2rel,True,8,10230,1173,0.11466275659824048,0.25309118019894267,0.19277442414711854,0.32728824232744913,0.7280046303316657,0.6815987363438087,0.7807857924016091,0.01619778346121057,0.25415629342703855,0.7234936526372098,0.25224118835526843,0.7295803757221598,0.25287605881452113,0.7309398626356275,0.18150547443143528,722,0.12222486840777946,492
arctic,F2shuf,True,4,10974,677,0.06169127027519592,0.10852454176954611,0.07883769335024692,0.14586692349098562,0.6678592862395519,0.6164167790986753,0.7242315532536047,0.004431314623338257,0.10185672174596512,0.6587573584481806,0.10108055299853866,0.6448177460300566,0.1226363505641345,0.7000027542404185,0.08492395784103596,410,0.03719654936640112,275
arctic,F2shuf,True,8,10230,1173,0.11466275659824048,0.1994209346560986,0.1414304902329008,0.2658819548647319,0.6769188558974305,0.6213331562400762,0.7323343866267913,0.007388462631429384,0.18950585089715402,0.6700799266857878,0.18822552092996475,0.6553457824796465,0.22053143214117704,0.7053308585268575,0.1548083712662232,722,0.07857017497535479,492
arctic,Ffut,False,4,10974,677,0.06169127027519592,0.28457505885331186,0.20327825665320157,0.3618605551275996,0.82344902912308,0.7899599803263897,0.8641961900509931,0.11127523387493847,0.27698587806154995,0.8209789631977534,0.2975592205882092,0.8264838577842222,0.2791800779101765,0.8228842663872643,0.13906225585396187,410,0.25749349550347717,275
arctic,Ffut,False,8,10230,1173,0.11466275659824048,0.35578851328902744,0.2546909853901314,0.4417340684403895,0.7775755286456905,0.7415980939737424,0.8151816424555562,0.21199204319408924,0.3373418509617061,0.7752337874149521,0.38838901922157754,0.7773878065610987,0.34163466968379863,0.7801049919610205,0.21289767748926278,722,0.288774438115263,492
arctic,Ffut1,False,4,10974,677,0.06169127027519592,0.11765891306986054,0.08509578997711893,0.16513632204035805,0.702328652893839,0.6560283306590696,0.7520506718472074,0.0054160512063023145,0.11652101481660261,0.7054839078482799,0.12145254533741796,0.7109602558804109,0.11500317905556103,0.6905417949528257,0.08712079500212387,410,0.04267223619654446,275
arctic,Ffut1,False,8,10230,1173,0.11466275659824048,0.21029225269785434,0.14451116874970754,0.2967238654956007,0.7042696467257369,0.6507926513140168,0.761264690561918,0.011935208866155157,0.20507530239838417,0.7050791609566429,0.2136574792666527,0.7091633634890366,0.21214397642852606,0.6985664157315311,0.15568513051246696,722,0.0867144654377306,492
