dataset,h,metric,pair,cond_a,cond_b,diff,diff_lo,diff_hi,significant
arctic,4,auprc,F1-F0,F1,F0,-0.0020332972515826053,-0.018742791175203492,0.014729351666712076,False
arctic,4,auprc,F2k8-F1,F2k8,F1,-0.011588510895625112,-0.0254935653803909,0.0018411992381771375,False
arctic,4,auprc,F2k8-F0,F2k8,F0,-0.013621808147207717,-0.034595989952870485,0.0037956344361460294,False
arctic,4,auprc,F2k4-F1,F2k4,F1,-0.012597529448755043,-0.02544305010234047,0.007570718177663357,False
arctic,4,auprc,F2k1-F1,F2k1,F1,-0.010265183325695065,-0.018445195332222542,0.0048914114636389025,False
arctic,4,auprc,F2rel-F1,F2rel,F1,0.010528893108479875,-0.010607548460017019,0.031506555412406004,False
arctic,4,auprc,F2rel-F0,F2rel,F0,0.00849559585689727,-0.016004151434195323,0.03366096883744084,False
arctic,4,auprc,F2rel-F2k8,F2rel,F2k8,0.022117404004104987,0.0024475611528877467,0.04475165106739241,True
arctic,4,auprc,F2shuf-F0,F2shuf,F0,-0.024953843894684927,-0.04149659286216574,-0.011361397103706917,True
arctic,4,auprc,F2k8-F2shuf,F2k8,F2shuf,0.01133203574747721,-0.005707372667811702,0.0289636757059152,False
arctic,4,auprc,F2rel-F2shuf,F2rel,F2shuf,0.0334494397515822,0.015001394002088646,0.05307304402121968,True
arctic,4,auprc,Ffut-F2k8,Ffut,F2k8,0.16471848133628852,0.08942792498501206,0.23698742308361198,True
arctic,4,auprc,Ffut-F2rel,Ffut,F2rel,0.14260107733218355,0.06674268057145293,0.21654285641258172,True
arctic,4,auprc,Ffut-F0,Ffut,F0,0.15109667318908082,0.06982437519025161,0.22548390316543765,True
arctic,4,auprc,Ffut1-F2rel,Ffut1,F2rel,-0.02431506845126777,-0.047935655896474666,-0.003101482796473804,True
arctic,4,auprc,Ffut-Ffut1,Ffut,Ffut1,0.16691614578345132,0.09112843229138846,0.23670942158414868,True
arctic,8,auprc,F1-F0,F1,F0,-0.008163053198033926,-0.03482331139057728,0.01470611867643422,False
arctic,8,auprc,F2k8-F1,F2k8,F1,-0.018285649261467446,-0.03618864355580173,-0.0030622016574995722,True
arctic,8,auprc,F2k8-F0,F2k8,F0,-0.026448702459501372,-0.0641286831495216,0.0021093900046955114,False
arctic,8,auprc,F2k4-F1,F2k4,F1,-0.014953261087782277,-0.03249419443017845,0.010012558893813063,False
arctic,8,auprc,F2k1-F1,F2k1,F1,-0.010030255324878862,-0.02434742324678716,0.01198587271744462,False
arctic,8,auprc,F2rel-F1,F2rel,F1,0.023215902938653443,-0.004665400394527504,0.04443134342967897,False
arctic,8,auprc,F2rel-F0,F2rel,F0,0.015052849740619517,-0.022922811032018056,0.04413949767065022,False
arctic,8,auprc,F2rel-F2k8,F2rel,F2k8,0.04150155220012089,0.018953836487724605,0.06352277107939255,True
arctic,8,auprc,F2shuf-F0,F2shuf,F0,-0.03861739580222456,-0.07366469772817644,-0.012697628922897998,True
arctic,8,auprc,F2k8-F2shuf,F2k8,F2shuf,0.012168693342723191,-0.015681046769871504,0.040237499790620745,False
arctic,8,auprc,F2rel-F2shuf,F2rel,F2shuf,0.05367024554284408,0.025963230941807382,0.07430802088944996,True
arctic,8,auprc,Ffut-F2k8,Ffut,F2k8,0.14419888529020566,0.07239013857512729,0.21030563398081892,True
arctic,8,auprc,Ffut-F2rel,Ffut,F2rel,0.10269733309008477,0.028149459968281523,0.17007695836568612,True
arctic,8,auprc,Ffut-F0,Ffut,F0,0.11775018283070429,0.030447972032577847,0.19006875201849793,True
arctic,8,auprc,Ffut1-F2rel,Ffut1,F2rel,-0.042798927501088324,-0.06528623373280437,-0.016459396580935832,True
arctic,8,auprc,Ffut-Ffut1,Ffut,Ffut1,0.1454962605911731,0.07251406590608131,0.20907428151839932,True
