dataset,frame_class,n_frames,n_takes,d_mean,energy_share_all,e_B0_static,e_B0_static_lo,e_B0_static_hi,e_B1_gtinit_vf,e_B1_gtinit_vf_lo,e_B1_gtinit_vf_hi,e_B2_samplerG_vf_K10,e_B2_samplerG_vf_K10_lo,e_B2_samplerG_vf_K10_hi,e_B2_samplerG_vf_K1,e_B2_samplerG_vf_K1_lo,e_B2_samplerG_vf_K1_hi,e_B3_samplerGT_vf_K10,e_B3_samplerGT_vf_K10_lo,e_B3_samplerGT_vf_K10_hi,abs_B0_static,abs_B0_static_lo,abs_B0_static_hi,abs_B1_gtinit_vf,abs_B1_gtinit_vf_lo,abs_B1_gtinit_vf_hi,abs_B2_samplerG_vf_K10,abs_B2_samplerG_vf_K10_lo,abs_B2_samplerG_vf_K10_hi,abs_B2_samplerG_vf_K1,abs_B2_samplerG_vf_K1_lo,abs_B2_samplerG_vf_K1_hi,abs_B3_samplerGT_vf_K10,abs_B3_samplerGT_vf_K10_lo,abs_B3_samplerGT_vf_K10_hi,e_B0_static_share_of_total,e_B1_gtinit_vf_share_of_total,e_B2_samplerG_vf_K10_share_of_total,e_B2_samplerG_vf_K1_share_of_total,e_B3_samplerGT_vf_K10_share_of_total
oakink2,non_spike,11484,34,0.1022893637418747,0.2792683667053442,0.10228936592201618,0.0913079569116743,0.11161190179138407,0.1043568472158182,0.09333667871920287,0.11401887967881806,0.10441352940100926,0.09368755640652401,0.1138784952894308,0.10504625620635422,0.09423222583630936,0.11484018378226381,0.10492350627783036,0.09454032440664795,0.11397021442438274,1.1348951387115975,1.0173613369081245,1.2970208853996539,1.135716074121574,1.0240897429855722,1.2655681711713291,2.4701537024145424,2.235703413734432,2.722521014242364,4.071383118580148,3.5611133970392905,4.585506276943957,2.7292694902532153,2.4524210036765157,3.0377385350631836,0.6515493988990784,0.6594321727752686,0.6571085453033447,0.6567879319190979,0.6581783294677734
oakink2,spike,1179,31,0.5328484177589417,0.720731582880717,0.532848406282899,0.46055462864335855,0.608377707402527,0.5249692034402876,0.45008844572129636,0.6017439479378529,0.5307080642311527,0.4560118895887198,0.6068232922940694,0.5346841854726591,0.45758073752123063,0.6134285077597619,0.5307723000658277,0.4567037059043435,0.6063044692671319,2.386420133930455,1.8386321698832697,2.984430239101137,2.20642514910748,1.7836483733388813,2.5787625888915713,2.922372238832171,2.578094261401887,3.229660537480428,4.299030350819799,3.8680283064524965,4.682673840822044,3.4110201114411067,2.9910981187230905,3.8300655338374825,0.34845054149627686,0.34056782722473145,0.3428914546966553,0.3432120382785797,0.34182170033454895
oakink2,mixed,603,29,0.48670631647109985,0.29115549453452405,0.48670629660288495,0.43677747620221363,0.5359876087080364,0.47281805301088203,0.41872972385951485,0.5239384458729147,0.48019615448331754,0.42756626555578586,0.5298527653368097,0.480699522331184,0.4264991801892612,0.5302540592124109,0.479688702432275,0.4251988791026025,0.5294544625320666,1.8883313522928984,1.6160844589223229,2.207955176564728,1.9553269536835243,1.6977904703996822,2.262927294074711,2.8728501133460114,2.542076740615278,3.2727779293880586,4.4163544950991325,3.76635770535268,5.07255872735992,3.5384704878871913,3.078813782733275,4.077879915983871,0.16278260946273804,0.15687991678714752,0.15868034958839417,0.15781286358833313,0.15799900889396667
oakink2,spatial,392,28,0.48456257581710815,0.18078919895477788,0.484562556582446,0.4460623940213851,0.5234175022531284,0.48437873000393106,0.44275824850923734,0.524353711057669,0.48749614411927,0.4475636201243363,0.5266342670248042,0.49026933548097706,0.45075472569939956,0.5316083711993821,0.4884329617251547,0.4492492421372691,0.5272741736309167,2.250007961277983,1.692609297612562,3.026663025015151,2.040226156908867,1.5679761534879932,2.5879153072553565,2.7119415514931386,2.3901651452607156,3.16039437808447,4.129138496457314,3.798253699108737,4.489611237268818,3.040317609145933,2.5507514996989586,3.5881654957745663,0.10535608232021332,0.10447854548692703,0.10472356528043747,0.10463384538888931,0.10458481311798096
oakink2,onset+release,72,2,0.8095548152923584,0.09932939252615375,0.8095548041164875,0.7502485836545626,0.9281672450403372,0.8368152500026755,0.7663628806670507,0.9777199886739254,0.8297454002830718,0.7693287065873543,0.9505787876745065,0.8389952385591136,0.8020406402647495,0.9129044351478418,0.8391445523334874,0.7848269442717234,0.9477797684570154,5.593652509980732,4.388320783774058,6.196318373084068,3.841905905140771,3.778793146212896,3.873462284604708,3.8426130447122784,3.570042461156845,3.9788983364899955,4.01106345322397,3.487358202536901,4.272916078567505,4.008523921171824,3.576651324828466,4.224460219343503,0.032329756766557693,0.03315263241529465,0.032738931477069855,0.03288844972848892,0.03300250321626663
oakink2,release,59,2,0.8951349258422852,0.10090505497539194,0.8951349445318771,0.4857748363699232,0.950241112938294,0.8860185757531958,0.48584579144205364,0.9398879890258496,0.901922084012274,0.48709094524383545,0.9577647373080254,0.9427989675837048,0.48854659284864155,1.0039483257211173,0.8935355882523424,0.48775980302265715,0.9481592516486461,4.314933557884168,0.9460936550583158,4.7684312371107245,3.9322291147910944,0.9557850871767316,4.3329042723545665,3.8375465223344705,1.2628343445914132,4.184142392415267,5.521668189662998,2.226700953074864,5.9652214715114,4.448914176326687,1.3815599169049944,4.861827249710377,0.02929302304983139,0.02876410447061062,0.02916138805449009,0.030284645035862923,0.028796613216400146
oakink2,onset,19,1,0.9632487893104553,0.034786701649907055,0.9632487767621091,0.9632487767621091,0.9632487767621091,0.9441713047655005,0.9441713047655005,0.9441713047655005,0.9444813257769534,0.9444813257769534,0.9444813257769534,0.94569152750467,0.94569152750467,0.94569152750467,0.9468092400776712,0.9468092400776712,0.9468092400776712,3.8331566860801294,3.8331566860801294,3.8331566860801294,3.2746211980518543,3.2746211980518543,3.2746211980518543,3.1315042345147384,3.1315042345147384,3.1315042345147384,3.1324433276527808,3.1324433276527808,3.1324433276527808,3.1310577643545052,3.1310577643545052,3.1310577643545052,0.010151161812245846,0.009870982728898525,0.009834088385105133,0.009782603941857815,0.009826382622122765
oakink2,amount,34,8,0.45274168252944946,0.013765716608428485,0.45274169392445507,0.4037439808043716,0.5621321871571919,0.39670276378884034,0.33859536128491163,0.5309109009017318,0.41611238569021225,0.3626783037601805,0.538663610673199,0.4218919974039583,0.37047014825052293,0.5407350991852581,0.40988676995038986,0.35197890826489014,0.5328351780782913,1.8461286465034765,0.989817026630044,2.294211101029068,1.5208205444847835,0.993616518303752,2.0660265683887467,2.5730940752169666,1.6379646047949792,4.472360888260106,3.317097570966272,1.9506766964766111,5.689654960234959,2.5147278869853302,1.5807771751079067,3.568792910310957,0.008537939749658108,0.007421643938869238,0.00775312352925539,0.007809650618582964,0.007612378802150488
oakink2,transient,518,25,0.5128150582313538,0.28207516274627714,0.5128150876309421,0.45860380357014563,0.5582122245935579,0.5118390999763168,0.45933947091820226,0.5565935397140632,0.5132214449432365,0.461606536184885,0.5574969405343252,0.5141148166191624,0.45845868713947624,0.5590040785627927,0.5126796971762042,0.4598438646897808,0.5573449655020148,1.9529916139096597,1.6186699937516327,2.271916766294175,1.9821098552419871,1.5294605536987407,2.359985975033941,2.5722723107310337,2.2604128212573045,2.9731839198432692,4.155872190896148,3.684308002211314,4.712820087860407,3.223582961614528,2.718238042790322,3.813186855918237,0.14733782410621643,0.14588788151741028,0.1456872969865799,0.14499107003211975,0.1450619250535965
oakink2,all,12663,34,0.14237695932388306,1.0,0.14237695248013674,0.121400878363803,0.16800658200647994,0.14351833880459253,0.12208904199791942,0.16949083819694422,0.14410406533757555,0.12298160941650293,0.1696772294437394,0.1450480818878652,0.12352598601916327,0.17098113998351677,0.14457254109391254,0.12437690060267471,0.16977603295193508,1.2514194986075964,1.120393265631216,1.4333487342309947,1.2354054051970207,1.0999859891686208,1.3992612686305592,2.5122579158265603,2.287236949578181,2.769104890566286,4.092578418809995,3.5958598680943057,4.567033550347999,2.7927444947845683,2.522558605439279,3.092628809601686,1.0,1.0,1.0,1.0,1.0
