split,comparison,a,b,n,E_C,E_C_lo,E_C_hi,E_C_frac_better,E_dC,E_dC_lo,E_dC_hi,E_dC_frac_better,pattern_L2,pattern_L2_lo,pattern_L2_hi,pattern_L2_frac_better,mass_abs,mass_abs_lo,mass_abs_hi,mass_abs_frac_better,s0_err,s0_err_lo,s0_err_hi,s0_err_frac_better
fixed,Q2 VF - static (GT init),gtinit_vf K0,static_gt K0,186,-0.07023316942235475,-0.2569484386296308,0.10685708734752797,0.521505376344086,0.026796695986582398,0.01435567877606401,0.036534251691829826,0.20430107526881722,0.0043750032139271994,1.2469177892612721e-05,0.009293105835493379,0.3978494623655914,-5.468980086747036,-8.819229022421927,-2.032444112804962,0.6290322580645161,7.978171230470546e-08,7.638277185389827e-08,8.325176309231781e-08,0.0
fixed,"Q3 sampled(G,K=1) - GT init",samplerG_vf K1,gtinit_vf K0,186,1.5634817551541071,1.3631630836122048,1.7981459342827042,0.11827956989247312,0.013229395633423196,0.005297929055496211,0.022090580218761383,0.3763440860215054,0.037706129508911695,0.0325173434003372,0.04329489784488376,0.043010752688172046,9.910560895037907,6.830384284497448,13.316662810583267,0.25806451612903225,2.3954769416317525,2.080938323866644,2.7091020000365496,0.0
fixed,"Q3 sampled(G,best10) - GT init",samplerG_vf K10,gtinit_vf K0,186,0.3389026197374508,0.21322992754574535,0.48599813784241874,0.26344086021505375,-0.005855958007516408,-0.010410455992813551,-0.0017737432232725445,0.5591397849462365,0.016174077710616918,0.012375739360025386,0.020526677029113864,0.0967741935483871,-0.7318558032794666,-2.211861434939825,0.8972883277937701,0.45161290322580644,1.7340661945958953,1.5223033352557658,1.9699836150551528,0.0
fixed,Q4 GT-sampler - G-sampler (K=1),samplerGT_vf K1,samplerG_vf K1,186,-0.36431680892103463,-0.6219219306975335,-0.1278892668955899,0.5806451612903226,-0.002736125622064838,-0.009347710895605182,0.003522475255424784,0.5053763440860215,-0.004031451510158583,-0.009231369823105408,0.0015311776764001122,0.5752688172043011,-2.1923113555036564,-5.658621719921324,1.0041738262171012,0.478494623655914,-0.43578283008067836,-0.646985790430033,-0.22487869053169657,0.6827956989247311
fixed,Q4 GT-sampler - G-sampler (best10),samplerGT_vf K10,samplerG_vf K10,186,0.14167521317158976,-0.004934435302191326,0.2550467662487265,0.43548387096774194,0.0047191128294955045,0.001567947482821205,0.007771125701408677,0.44086021505376344,0.0032206348009099365,0.0006343501201499816,0.0056777148103734935,0.43548387096774194,1.77048748090703,0.37743133887355645,2.8115052733689865,0.42473118279569894,-0.07755374796287988,-0.22161473265839007,0.044134569637276,0.5161290322580645
fixed,Q4 S0 only: GT - G (K=1),samplerGT_static K1,samplerG_static K1,186,-0.30950403085318945,-0.4810771754462468,-0.16806820678662512,0.6397849462365591,0.0,0.0,0.0,0.0,-0.007524040810886673,-0.01422692876909112,5.987378179353205e-05,0.6451612903225806,-1.6788639544799762,-5.159460154625356,1.7881842228571851,0.5483870967741935,-0.43578283008067836,-0.646985790430033,-0.22487869053169657,0.6827956989247311
fixed,Q4 S0 only: GT - G (best10),samplerGT_static K10,samplerG_static K10,186,0.16484239969843179,0.06595251335205181,0.245561672101989,0.41397849462365593,0.0,0.0,0.0,0.0,0.004144606602269796,0.0004604693292312157,0.007628405284142008,0.478494623655914,0.5646519574426837,-1.7444963056151617,2.588722418142721,0.4838709677419355,-0.015767805678870064,-0.11223951462821909,0.08189526856541166,0.5
fixed,"VF vs static, sampled G best10",samplerG_vf K10,samplerG_static K10,186,-0.09895539860571582,-0.243031533712337,0.028305986421019304,0.510752688172043,0.020940737979065985,0.011102039886517704,0.029938211550613523,0.20967741935483872,0.0007951118719051095,-0.0022083702783071866,0.0034405658141809536,0.532258064516129,-4.6481783127272,-7.8257528631330535,-1.4565247318610406,0.5752688172043011,0.07427532105676589,-0.0013591211956433542,0.15302466273892157,0.23655913978494625
fixed,"VF vs static, sampled G K=1",samplerG_vf K1,samplerG_static K1,186,0.2451927488850009,0.06825344193825224,0.43593305483793565,0.40860215053763443,0.04002609162000559,0.03267707239480361,0.04788922741171752,0.11290322580645161,-0.004319836590922818,-0.007426359925086457,-0.0007253503244147874,0.6774193548387096,0.6434859716764063,-3.0955677280541676,5.24119381943191,0.5053763440860215,0.0,0.0,0.0,0.0
