dataset,rep,probe,target,dim,n_seeds,n_frames,rel_l1,rel_l1_seed_sd,cosine,cosine_seed_sd,nrmse,nrmse_seed_sd,Q_err,Q_err_seed_sd,overlap,overlap_seed_sd,r2,r2_seed_sd,abs_err,abs_err_seed_sd,rel_l1_lo,rel_l1_hi,cosine_lo,cosine_hi,nrmse_lo,nrmse_hi,Q_err_lo,Q_err_hi,overlap_lo,overlap_hi,metric,ratio,ratio_lo,ratio_hi
taco,CONTACT_FULL,mlp,q,512,3.0,22245.0,0.3758814036846161,0.003012334982132488,0.944068431854248,0.000525037313031556,0.5452819267908732,0.002229428597757613,0.22796507179737088,0.0029132522426340876,0.8763434092203776,0.002006592364003884,0.5616478025913239,0.004158098922524476,0.5583950877189636,0.0023605009956515354,,,,,,,,,,,,,,
taco,CONTACT_FULL,mlpG,q,512,3.0,22245.0,0.35805217425028485,0.004392216585447049,0.946352998415629,0.0008358614020072721,0.5295460025469462,0.0033523834889292643,0.21144695580005646,0.0038741784597827724,0.8761680324872335,0.004104720054558877,0.5828725794951121,0.0050800065685774245,0.5415787498156229,0.0033594401241778538,,,,,,,,,,,,,,
taco,CONTACT_FULL,mlpG,q_strict,512,1.0,15580.0,2.607877254486084,0.0,0.6863675713539124,0.0,0.7928762435913086,0.0,2.1092069149017334,0.0,0.663267970085144,0.0,0.4035927653312683,0.0,0.1742483973503112,0.0,,,,,,,,,,,,,,
taco,CONTACT_FULL,ridge,q,512,1.0,22245.0,0.4561858475208282,0.0,0.9309455156326294,0.0,0.6065961122512817,0.0,0.3068440854549408,0.0,0.8768020868301392,0.0,0.4876835942268371,0.0,0.6263942718505859,0.0,,,,,,,,,,,,,,
taco,CONTACT_FULL,ridgeG,q,512,1.0,22245.0,0.4163726270198822,0.0,0.9330567717552184,0.0,0.5784310102462769,0.0,0.2594404518604278,0.0,0.8771535754203796,0.0,0.5271289646625519,0.0,0.593795895576477,0.0,,,,,,,,,,,,,,
taco,FULL,mlp,q,812,3.0,22245.0,0.32872207959493,0.003111451238795457,0.9538015723228455,0.00031769932092399247,0.4834645390510559,0.0019246890502370628,0.18981406092643738,0.002998361208106082,0.8896175424257914,0.002046409907207201,0.6624988814194998,0.0019005729306177887,0.4935045341650645,0.0019483109884173518,,,,,,,,,,,,,,
taco,FULL,mlpG,q,812,3.0,22245.0,0.31610457102457673,0.003718944184701676,0.9556792974472046,0.0008691580134840489,0.4726888636747996,0.004846890005331558,0.17907766501108802,0.005686728386344325,0.8853987256685892,0.005138401142439487,0.6737914979457855,0.007340662474784847,0.4819404681523641,0.004710217152496446,,,,,,,,,,,,,,
taco,FULL,mlpG,q_strict,812,1.0,15580.0,2.3080873489379883,0.0,0.6979213356971741,0.0,0.7645106911659241,0.0,1.8243834972381592,0.0,0.6558672785758972,0.0,0.4402180910110473,0.0,0.1656453311443328,0.0,,,,,,,,,,,,,,
taco,FULL,ridge,q,812,1.0,22245.0,0.4205958247184753,0.0,0.9402265548706056,0.0,0.5732507109642029,0.0,0.2766406536102295,0.0,0.874187171459198,0.0,0.5435165166854858,0.0,0.5899834632873535,0.0,,,,,,,,,,,,,,
taco,FULL,ridgeG,q,812,1.0,22245.0,0.391031414270401,0.0,0.9415704607963562,0.0,0.5494595170021057,0.0,0.2420793771743774,0.0,0.874578058719635,0.0,0.5779027342796326,0.0,0.5623597502708435,0.0,,,,,,,,,,,,,,
taco,MEAN,const,q,0,1.0,22245.0,0.7598601579666138,0.0,0.8986210823059082,0.0,0.8855566382408142,0.0,0.610416829586029,0.0,0.8532841205596924,0.0,-0.0054868459701538,0.0,0.9232367277145386,0.0,,,,,,,,,,,,,,
taco,R0,mlp,q,6,3.0,22245.0,0.4277058045069377,0.0017388444292060394,0.9048802256584167,0.00029833915574448285,0.662767748037974,0.00047680883604948215,0.18027133742968235,0.004292856778202706,0.8744781812032064,0.0015926905698234266,0.4062132438023885,0.00020549478686958449,0.6812448898951212,0.0005173119417155343,,,,,,,,,,,,,,
taco,R0,mlpG,q,6,3.0,22245.0,0.3669927418231964,0.0013337651906494706,0.9247891108194987,0.0003356961474516143,0.5599031448364258,0.0009686297511520424,0.14836380382378891,0.003631327532760886,0.8799394369125366,0.002657511990804551,0.5434270699818929,0.0017585456770027484,0.5733406742413839,0.0010587576997952211,,,,,,,,,,,,,,
taco,R0,mlpG,q_strict,6,1.0,15580.0,2.656822681427002,0.0,0.6724061369895935,0.0,0.8094052076339722,0.0,2.1308555603027344,0.0,0.6818847060203552,0.0,0.3829761743545532,0.0,0.1780611276626587,0.0,,,,,,,,,,,,,,
taco,R0,ridge,q,6,1.0,22245.0,0.4361681640148163,0.0,0.9021723866462708,0.0,0.6686078310012817,0.0,0.1936090290546417,0.0,0.8727540373802185,0.0,0.3985512852668762,0.0,0.6875667572021484,0.0,,,,,,,,,,,,,,
taco,R0,ridgeG,q,6,1.0,22245.0,0.4086302816867828,0.0,0.9076585173606871,0.0,0.5957242250442505,0.0,0.1704881489276886,0.0,0.8680251836776733,0.0,0.5093822181224823,0.0,0.610567569732666,0.0,,,,,,,,,,,,,,
taco,R1,mlp,q,12,3.0,22245.0,0.3877214988072713,0.001280480674082087,0.9153271913528442,0.0001770543908613952,0.5938516060511271,0.0011511729293675757,0.14324141045411426,0.0031062722734251803,0.8709884881973267,0.0023976680284409236,0.5051309068997701,0.0018606985697732657,0.608740488688151,0.0012085617262729347,,,,,,,,,,,,,,
taco,R1,mlpG,q,12,3.0,22245.0,0.34610259532928467,0.0014135117110625828,0.9313604633013407,0.000297843522624258,0.5252456267674764,5.701431365135947e-05,0.13621210555235544,0.003482296194428077,0.8827677170435587,0.004521036212008971,0.6016628940900167,0.0009023779522066255,0.5372145771980286,8.039366719781978e-05,,,,,,,,,,,,,,
taco,R1,mlpG,q_strict,12,1.0,15580.0,2.4569828510284424,0.0,0.6726524233818054,0.0,0.8011612296104431,0.0,1.92859959602356,0.0,0.6657819747924805,0.0,0.3884046077728271,0.0,0.1754131317138672,0.0,,,,,,,,,,,,,,
taco,R1,ridge,q,12,1.0,22245.0,0.4350385963916778,0.0,0.9023956656455994,0.0,0.6625280380249023,0.0,0.1921315044164657,0.0,0.8690500855445862,0.0,0.4089030623435974,0.0,0.6813163757324219,0.0,,,,,,,,,,,,,,
taco,R1,ridgeG,q,12,1.0,22245.0,0.4055520594120025,0.0,0.9088709950447084,0.0,0.5923193097114563,0.0,0.1703511029481887,0.0,0.8678373098373413,0.0,0.514679342508316,0.0,0.6068559885025024,0.0,,,,,,,,,,,,,,
taco,R2,mlp,q,48,3.0,22245.0,0.17400455474853513,0.002099516644833378,0.9843889276186625,0.00011123593058938667,0.2695296307404836,0.0007261549683050325,0.11686375488837557,0.003209777004127014,0.9313122034072876,0.0012732961154549108,0.8817630161841711,0.0002381947607652528,0.26990493138631183,0.000985188382409889,,,,,,,,,,,,,,
taco,R2,mlpG,q,48,3.0,22245.0,0.17599461476008094,0.0023897305443379446,0.984450101852417,0.00019264529170865113,0.2709275186061859,0.0013727373661975408,0.11717734982570006,0.0025191195863068774,0.9309719999631246,0.0028040416919587886,0.883929098645846,0.000991978999589883,0.2719010611375173,0.0016418738021772704,,,,,,,,,,,,,,
taco,R2,mlpG,q_strict,48,1.0,15580.0,1.8661797046661377,0.0,0.7599660754203796,0.0,0.6517975330352783,0.0,1.4573014974594116,0.0,0.7209452390670776,0.0,0.5698568820953369,0.0,0.1401006430387497,0.0,,,,,,,,,,,,,,
taco,R2,ridge,q,48,1.0,22245.0,0.2728866338729858,0.0,0.965904712677002,0.0,0.4014639556407928,0.0,0.1805481612682342,0.0,0.8982255458831787,0.0,0.7577483505010605,0.0,0.4080748558044433,0.0,,,,,,,,,,,,,,
taco,R2,ridgeG,q,48,1.0,22245.0,0.2631638646125793,0.0,0.965302348136902,0.0,0.3750017583370209,0.0,0.1707867532968521,0.0,0.9030226469039916,0.0,0.7880321890115738,0.0,0.3794505596160888,0.0,,,,,,,,,,,,,,
taco,R3,mlp,q,60,3.0,22245.0,0.15329734981060025,0.001365912966013544,0.9860403537750244,0.00011371245764071577,0.23191585640112553,0.00038793122243209384,0.08950707316398616,0.0016144324663627378,0.9380135337511698,0.0020879776814410997,0.9147573684652647,0.00038234499265370756,0.23047824203968048,0.0004738835628375952,,,,,,,,,,,,,,
taco,R3,mlpG,q,60,3.0,22245.0,0.15763036410013834,0.002489061654771311,0.9859156211217245,0.00042027844467037485,0.23838542898495993,0.003010828820679997,0.09201267361640923,0.0010632221875339614,0.934540847937266,0.0025305784826120726,0.9117908080418905,0.0020277479360918276,0.23690953850746146,0.003063783937812519,,,,,,,,,,,,,,
taco,R3,mlpG,q_strict,60,1.0,15580.0,1.5462327003479004,0.0,0.7699968218803406,0.0,0.594717800617218,0.0,1.106083631515503,0.0,0.7334589958190918,0.0,0.6483803391456604,0.0,0.125597596168518,0.0,,,,,,,,,,,,,,
taco,R3,ridge,q,60,1.0,22245.0,0.248049110174179,0.0,0.9673799872398376,0.0,0.3604622185230255,0.0,0.1382366716861724,0.0,0.9070445895195008,0.0,0.8057407736778259,0.0,0.3629378378391266,0.0,,,,,,,,,,,,,,
taco,R3,ridgeG,q,60,1.0,22245.0,0.2458188235759735,0.0,0.9670201539993286,0.0,0.3503227233886719,0.0,0.139855608344078,0.0,0.909537434577942,0.0,0.8158081024885178,0.0,0.3530520796775818,0.0,,,,,,,,,,,,,,
taco,R4,mlp,q,90,3.0,22245.0,0.1715281655391057,0.0008552695878581138,0.9863768815994263,0.00010003820035510893,0.267416109641393,0.0005890075793555737,0.11674076815446215,0.0013298366555328884,0.9292395710945129,0.0018098103708093789,0.8836312641700109,0.001108394627014411,0.2680168350537618,0.0007007311915625168,,,,,,,,,,,,,,
taco,R4,mlpG,q,90,3.0,22245.0,0.17569189767042792,0.0012332312829649878,0.9857068657875061,0.0001392905669558967,0.2706352372964223,0.000793941122187765,0.1194638386368751,0.0023636929641333484,0.9300875862439474,0.004533939816815558,0.8847631414731344,0.0015233231519656979,0.2709709207216899,0.0007276062307857453,,,,,,,,,,,,,,
taco,R4,mlpG,q_strict,90,1.0,15580.0,1.7028241157531738,0.0,0.7666887640953064,0.0,0.638416588306427,0.0,1.3055695295333862,0.0,0.7047164440155029,0.0,0.5822763442993164,0.0,0.1351175457239151,0.0,,,,,,,,,,,,,,
taco,R4,ridge,q,90,1.0,22245.0,0.2592154443264007,0.0,0.9687991738319396,0.0,0.3813405334949493,0.0,0.1673375219106674,0.0,0.8996472358703613,0.0,0.7811421602964401,0.0,0.3858675360679626,0.0,,,,,,,,,,,,,,
taco,R4,ridgeG,q,90,1.0,22245.0,0.2500351667404175,0.0,0.9691919684410096,0.0,0.3627375960350036,0.0,0.1587952375411987,0.0,0.901360034942627,0.0,0.8014051914215088,0.0,0.3660117089748382,0.0,,,,,,,,,,,,,,
taco,R5,mlp,q,102,3.0,22245.0,0.1510044286648432,0.0011176265032317387,0.9879763126373291,0.00020721417952785718,0.23226915299892423,0.0011606722538349675,0.08985684812068932,0.0007370320946387901,0.9348068435986837,0.0005659646660813089,0.9146162619193395,0.0004353392623449629,0.23079742987950638,0.0012153197880079329,,,,,,,,,,,,,,
taco,R5,mlpG,q,102,3.0,22245.0,0.15522132317225137,0.0015971263484517127,0.9874255061149597,0.00017589835282287092,0.23630286256472266,0.0008938706396956382,0.09407697121302279,0.002758092472584038,0.9351652065912882,0.0051970482247019716,0.9138125429550806,0.0012564918587439943,0.23489974935849509,0.0010927806657403377,,,,,,,,,,,,,,
taco,R5,mlpG,q_strict,102,1.0,15580.0,1.4917888641357422,0.0,0.7773451209068298,0.0,0.5864533185958862,0.0,1.0698258876800537,0.0,0.7363898158073425,0.0,0.6553446054458618,0.0,0.1225085407495498,0.0,,,,,,,,,,,,,,
taco,R5,ridge,q,102,1.0,22245.0,0.2393231093883514,0.0,0.970067024230957,0.0,0.3492357432842254,0.0,0.1323411911725998,0.0,0.9074878096580504,0.0,0.8168224990367889,0.0,0.3508484363555908,0.0,,,,,,,,,,,,,,
taco,R5,ridgeG,q,102,1.0,22245.0,0.2353930473327636,0.0,0.9704021215438844,0.0,0.3401100635528564,0.0,0.1313364505767822,0.0,0.908422827720642,0.0,0.8266171813011169,0.0,0.3417960405349731,0.0,,,,,,,,,,,,,,
taco,R0,mlpG_seedavg,q,6,3.0,22245.0,0.3669927220117526,,0.9247891146377328,,0.5599031432528634,,0.14836380502708746,,0.8799394768633235,,,,,,0.3545875060021986,0.37935324477247834,0.9203628932370893,0.9294262018314788,0.5422525734552927,0.5761612421840238,0.1424767035960295,0.15502690507119496,0.8768978766570529,0.8833458838102896,,,,
taco,R0,ratio_to_FULL,q,6,,,,,,,,,,,,,,,,,,,,,,,,,,,rel_l1,1.1609852558114955,1.1346868289980763,1.1878220382709914
taco,R0,ratio_to_FULL,q,6,,,,,,,,,,,,,,,,,,,,,,,,,,,abs_err,1.1896504212068237,1.1624368684712887,1.2194810171823085
taco,R0,ratio_to_FULL,q,6,,,,,,,,,,,,,,,,,,,,,,,,,,,Q_err,0.8284885908797462,0.7911529021518839,0.8670853365838719
taco,R1,mlpG_seedavg,q,12,3.0,22245.0,0.3461025918017722,,0.9313604365000164,,0.5252455970063508,,0.13621210192834046,,0.8827677407809176,,,,,,0.3330272212733302,0.3588404626650417,0.9264777986473873,0.9360763019803336,0.5108427481934529,0.5401102462438728,0.1306024063748322,0.14260747431798074,0.8788488028775988,0.8866781852397972,,,,
taco,R1,ratio_to_FULL,q,12,,,,,,,,,,,,,,,,,,,,,,,,,,,rel_l1,1.0948991137408284,1.0716584074692255,1.1172787184484836
taco,R1,ratio_to_FULL,q,12,,,,,,,,,,,,,,,,,,,,,,,,,,,abs_err,1.1146907660239622,1.091146044743293,1.138405086430666
taco,R1,ratio_to_FULL,q,12,,,,,,,,,,,,,,,,,,,,,,,,,,,Q_err,0.7606314246711021,0.7209512859022295,0.8003422443859519
taco,R2,mlpG_seedavg,q,48,3.0,22245.0,0.17599461524188184,,0.984450087837488,,0.2709275070193524,,0.11717735395122206,,0.9309719446884913,,,,,,0.17023281524418893,0.18241142560308513,0.9836391512694287,0.9852174376067958,0.26135589355625977,0.2805905222752519,0.1117337907159214,0.12355615379577288,0.9278274401135435,0.9341881482388074,,,,
taco,R2,ratio_to_FULL,q,48,,,,,,,,,,,,,,,,,,,,,,,,,,,rel_l1,0.5567607779194557,0.5396427211194689,0.5761722298971128
taco,R2,ratio_to_FULL,q,48,,,,,,,,,,,,,,,,,,,,,,,,,,,abs_err,0.5641798034857818,0.5484685648541177,0.5808952974526573
taco,R2,ratio_to_FULL,q,48,,,,,,,,,,,,,,,,,,,,,,,,,,,Q_err,0.6543381712294375,0.6155700599449166,0.6926297673836769
taco,R3,mlpG_seedavg,q,60,3.0,22245.0,0.15763036319607093,,0.9859156302533328,,0.23838542632341625,,0.092012674134867,,0.9345408693944023,,,,,,0.15256587857306306,0.16331737512744066,0.9851774450067676,0.9866330767323107,0.23084813749900834,0.24615039140331263,0.08727720976326095,0.09753289756703078,0.9322782876887381,0.9368771425003192,,,,
taco,R3,ratio_to_FULL,q,60,,,,,,,,,,,,,,,,,,,,,,,,,,,rel_l1,0.49866527743563466,0.483694034773633,0.516175006275047
taco,R3,ratio_to_FULL,q,60,,,,,,,,,,,,,,,,,,,,,,,,,,,abs_err,0.49157427242156415,0.47903182171743186,0.5058612458353104
taco,R3,ratio_to_FULL,q,60,,,,,,,,,,,,,,,,,,,,,,,,,,,Q_err,0.5138143411943048,0.48362884719626076,0.5469209869283662
taco,R4,mlpG_seedavg,q,90,3.0,22245.0,0.17569189512803665,,0.9857068681440935,,0.2706352401356478,,0.11946383866066061,,0.9300875651431797,,,,,,0.17024900153883787,0.1812233160144017,0.9849672709038111,0.9864458160902656,0.2610219772980105,0.2803316330844618,0.11461332586118898,0.12466392540610736,0.9267186523550375,0.9335669873898463,,,,
taco,R4,ratio_to_FULL,q,90,,,,,,,,,,,,,,,,,,,,,,,,,,,rel_l1,0.5558031197215348,0.54124336481575,0.5719554566218581
taco,R4,ratio_to_FULL,q,90,,,,,,,,,,,,,,,,,,,,,,,,,,,abs_err,0.5622497907139553,0.5474633334146638,0.5784215509455402
taco,R4,ratio_to_FULL,q,90,,,,,,,,,,,,,,,,,,,,,,,,,,,Q_err,0.6671062887271316,0.6344915232549198,0.6988926859446051
taco,R5,mlpG_seedavg,q,102,3.0,22245.0,0.15522131487646781,,0.9874254785486488,,0.23630285863143913,,0.09407697276598861,,0.9351652173386126,,,,,,0.15042634295933766,0.16020271853764095,0.9867114700109858,0.9881159361291902,0.22870699666623961,0.24410787554397215,0.08985609762246315,0.09830386176884416,0.9327402164834843,0.9374168836952572,,,,
taco,R5,ratio_to_FULL,q,102,,,,,,,,,,,,,,,,,,,,,,,,,,,rel_l1,0.49104422826532684,0.4786390129650203,0.5044492422307835
taco,R5,ratio_to_FULL,q,102,,,,,,,,,,,,,,,,,,,,,,,,,,,abs_err,0.48740409979844734,0.47529851676271,0.5008400526882507
taco,R5,ratio_to_FULL,q,102,,,,,,,,,,,,,,,,,,,,,,,,,,,Q_err,0.5253417340361148,0.5009209257880303,0.5503274747078877
taco,CONTACT_FULL,mlpG_seedavg,q,512,3.0,22245.0,0.3580521743596404,,0.946352988185441,,0.5295459948146871,,0.21144695375991784,,0.8761680588859685,,,,,,0.34027005878797567,0.37661812880643974,0.9422743273617393,0.9503531497450407,0.5128716623502155,0.5466845642882217,0.19592036316840908,0.2293141207979806,0.8696344570553404,0.8827970196634954,,,,
taco,CONTACT_FULL,ratio_to_FULL,q,512,,,,,,,,,,,,,,,,,,,,,,,,,,,rel_l1,1.1327017412336506,1.0987667329036555,1.1729992877397568
taco,CONTACT_FULL,ratio_to_FULL,q,512,,,,,,,,,,,,,,,,,,,,,,,,,,,abs_err,1.1237462069685151,1.1025479699210843,1.1445854214052031
taco,CONTACT_FULL,ratio_to_FULL,q,512,,,,,,,,,,,,,,,,,,,,,,,,,,,Q_err,1.1807555672651124,1.1142208227989563,1.2633742302712117
taco,FULL,mlpG_seedavg,q,812,3.0,22245.0,0.31610455014369254,,0.9556792898154254,,0.472688859280481,,0.17907766825074145,,0.8853987211737908,,,,,,0.3055310262066023,0.32824887300918226,0.9530280705278567,0.958402016778104,0.4598252361971787,0.48513428481126486,0.16991944124829586,0.1887626907998431,0.8797689084610237,0.8910768986190327,,,,
taco,FULL,ratio_to_FULL,q,812,,,,,,,,,,,,,,,,,,,,,,,,,,,rel_l1,1.0,1.0,1.0
taco,FULL,ratio_to_FULL,q,812,,,,,,,,,,,,,,,,,,,,,,,,,,,abs_err,1.0,1.0,1.0
taco,FULL,ratio_to_FULL,q,812,,,,,,,,,,,,,,,,,,,,,,,,,,,Q_err,1.0,1.0,1.0
taco,MEAN,mlpG_seedavg,q,0,1.0,22245.0,0.759860120244135,,0.8986210976163573,,0.8855565346782464,,0.6104168458958996,,0.8532840738513009,,,,,,0.7156141401554376,0.8079365538877101,0.8931881855312573,0.90370934782308,0.8669009506273679,0.9046231630486292,0.564620665179928,0.6595060689584025,0.8444915909178783,0.8611850633462963,,,,
taco,MEAN,ratio_to_FULL,q,0,,,,,,,,,,,,,,,,,,,,,,,,,,,rel_l1,2.4038253163351277,2.301463736226326,2.5169059608960427
taco,MEAN,ratio_to_FULL,q,0,,,,,,,,,,,,,,,,,,,,,,,,,,,abs_err,1.9156656770848992,1.857008492773706,1.9791238086977714
taco,MEAN,ratio_to_FULL,q,0,,,,,,,,,,,,,,,,,,,,,,,,,,,Q_err,3.4086709518754987,3.1954760940449454,3.650997811646142
taco,R0,mlpG_seedavg,q_strict,6,1.0,15580.0,2.656822697766632,,0.6724061198536168,,0.8094051637778845,,2.1308556710558038,,0.6818847050732516,,,,,,2.4533328863433246,2.8847138452507113,0.6554480057082004,0.6889633371760275,0.7727247193467204,0.8456911370356457,1.9357179809008738,2.3446344175958527,0.665009426864276,0.698499499290459,,,,
taco,R0,ratio_to_FULL,q_strict,6,,,,,,,,,,,,,,,,,,,,,,,,,,,rel_l1,1.1510928883771945,1.107473336344295,1.1948092750370285
taco,R0,ratio_to_FULL,q_strict,6,,,,,,,,,,,,,,,,,,,,,,,,,,,abs_err,1.0749541143328034,1.0586171906532518,1.0917156508913728
taco,R0,ratio_to_FULL,q_strict,6,,,,,,,,,,,,,,,,,,,,,,,,,,,Q_err,1.167986712461153,1.1080055819401875,1.2291409072079544
taco,R1,mlpG_seedavg,q_strict,12,1.0,15580.0,2.456982867039061,,0.6726523879006345,,0.8011612170840947,,1.9285996626874793,,0.6657819312208576,,,,,,2.25774059742978,2.6825826610970527,0.654942716767311,0.6894286606122191,0.765966690460406,0.8381027713234951,1.7350024158730004,2.1529052607433994,0.6469452242780362,0.6838877139120502,,,,
taco,R1,ratio_to_FULL,q_strict,12,,,,,,,,,,,,,,,,,,,,,,,,,,,rel_l1,1.0645104423003902,1.0179169708031524,1.1074202079978155
taco,R1,ratio_to_FULL,q_strict,12,,,,,,,,,,,,,,,,,,,,,,,,,,,abs_err,1.0589682182325229,1.0412597644729755,1.0766016116647157
taco,R1,ratio_to_FULL,q_strict,12,,,,,,,,,,,,,,,,,,,,,,,,,,,Q_err,1.0571240512783873,0.9934797074121491,1.1163851043977757
taco,R2,mlpG_seedavg,q_strict,48,1.0,15580.0,1.8661796737357075,,0.7599661091075964,,0.6517975547634285,,1.4573016045618479,,0.7209452636962558,,,,,,1.712694647803551,2.01933376853901,0.7466769330525022,0.7736336713351506,0.6210227314648095,0.6852268485560914,1.3202451696752986,1.6063803583952394,0.7069506941600562,0.7350033314207794,,,,
taco,R2,ratio_to_FULL,q_strict,48,,,,,,,,,,,,,,,,,,,,,,,,,,,rel_l1,0.808539520788125,0.7704288420933824,0.8470722122344523
taco,R2,ratio_to_FULL,q_strict,48,,,,,,,,,,,,,,,,,,,,,,,,,,,abs_err,0.8457868541078923,0.8275813177896946,0.8628038325745361
taco,R2,ratio_to_FULL,q_strict,48,,,,,,,,,,,,,,,,,,,,,,,,,,,Q_err,0.798791271176611,0.7500683552745179,0.85074022915276
taco,R3,mlpG_seedavg,q_strict,60,1.0,15580.0,1.546232642510258,,0.7699968788707964,,0.5947177993776862,,1.1060836414963937,,0.7334589700599528,,,,,,1.4347550999462777,1.666989386624863,0.7571643241601768,0.78371640319915,0.5689580179482775,0.6234576797876955,1.0081395573693364,1.2119359451726135,0.719707194109413,0.7476500797199293,,,,
taco,R3,ratio_to_FULL,q_strict,60,,,,,,,,,,,,,,,,,,,,,,,,,,,rel_l1,0.6699195245758822,0.637347572825779,0.7039204113781785
taco,R3,ratio_to_FULL,q_strict,60,,,,,,,,,,,,,,,,,,,,,,,,,,,abs_err,0.7582320619658404,0.7406508967482363,0.7743783585896107
taco,R3,ratio_to_FULL,q_strict,60,,,,,,,,,,,,,,,,,,,,,,,,,,,Q_err,0.6062780382954435,0.5676945981585249,0.6471037404066295
taco,R4,mlpG_seedavg,q_strict,90,1.0,15580.0,1.7028241734660023,,0.766688758817747,,0.6384166159371777,,1.3055695558882767,,0.7047164807063246,,,,,,1.5742949507780646,1.8427995224750524,0.7539124966422658,0.7804554469527449,0.6083554572773048,0.6707250222502624,1.1867428104935693,1.437306466937576,0.6902492858536629,0.7200712130196282,,,,
taco,R4,ratio_to_FULL,q_strict,90,,,,,,,,,,,,,,,,,,,,,,,,,,,rel_l1,0.737764246700086,0.7085460030704839,0.7657005213543876
taco,R4,ratio_to_FULL,q_strict,90,,,,,,,,,,,,,,,,,,,,,,,,,,,abs_err,0.8157039832743017,0.8004739549153084,0.8298950304680288
taco,R4,ratio_to_FULL,q_strict,90,,,,,,,,,,,,,,,,,,,,,,,,,,,Q_err,0.7156223268353784,0.6782032334537721,0.7533591967585082
taco,R5,mlpG_seedavg,q_strict,102,1.0,15580.0,1.4917889333304988,,0.7773451211788143,,0.5864532488791585,,1.0698258467429504,,0.736389841067689,,,,,,1.3850535676470277,1.602166842074287,0.7652924314660647,0.79058916139981,0.5598563546937347,0.6157031959841736,0.9763825751013852,1.1703407059003816,0.7231487338032945,0.7509241358773074,,,,
taco,R5,ratio_to_FULL,q_strict,102,,,,,,,,,,,,,,,,,,,,,,,,,,,rel_l1,0.646331286449801,0.6150247197466454,0.6776849101911743
taco,R5,ratio_to_FULL,q_strict,102,,,,,,,,,,,,,,,,,,,,,,,,,,,abs_err,0.7395834507046305,0.7229187461669012,0.7555392863947401
taco,R5,ratio_to_FULL,q_strict,102,,,,,,,,,,,,,,,,,,,,,,,,,,,Q_err,0.586404039755607,0.5483146959570758,0.6270324748508125
taco,CONTACT_FULL,mlpG_seedavg,q_strict,512,1.0,15580.0,2.6078772427038373,,0.6863675237811722,,0.7928762304231964,,2.1092069198834595,,0.6632680102906325,,,,,,2.3856443438488726,2.8466735973809496,0.6703283359784892,0.7029117670479484,0.7575109613956971,0.8293101486935913,1.8990049324327856,2.3339906550730647,0.6469888611403569,0.6795080370729423,,,,
taco,CONTACT_FULL,ratio_to_FULL,q_strict,512,,,,,,,,,,,,,,,,,,,,,,,,,,,rel_l1,1.129886819455648,1.0921317985596914,1.1714583177051219
taco,CONTACT_FULL,ratio_to_FULL,q_strict,512,,,,,,,,,,,,,,,,,,,,,,,,,,,abs_err,1.051936722232335,1.0384098666974309,1.0645879943320147
taco,CONTACT_FULL,ratio_to_FULL,q_strict,512,,,,,,,,,,,,,,,,,,,,,,,,,,,Q_err,1.1561203744195214,1.1048772269668221,1.2117349313226478
taco,FULL,mlpG_seedavg,q_strict,812,1.0,15580.0,2.3080871444807625,,0.6979213187918835,,0.7645106982798417,,1.824383486834124,,0.6558672760883304,,,,,,2.1282069155604693,2.501337832510355,0.6828071703850855,0.7142823246710638,0.730755512929697,0.7985727713387739,1.6578116229416044,2.008376707106803,0.6387417845510485,0.6751675912824296,,,,
taco,FULL,ratio_to_FULL,q_strict,812,,,,,,,,,,,,,,,,,,,,,,,,,,,rel_l1,1.0,1.0,1.0
taco,FULL,ratio_to_FULL,q_strict,812,,,,,,,,,,,,,,,,,,,,,,,,,,,abs_err,1.0,1.0,1.0
taco,FULL,ratio_to_FULL,q_strict,812,,,,,,,,,,,,,,,,,,,,,,,,,,,Q_err,1.0,1.0,1.0
arctic,CONTACT_FULL,mlp,q,512,3.0,10567.0,0.4005451798439026,0.006965300333789157,0.9395904739697775,0.001118816140020131,0.44784708817799884,0.005244056640851392,0.2400397708018621,0.00636347200669342,0.8757931192715963,0.002944069432252131,0.6250481406847636,0.008710417022663532,0.5040087997913361,0.006410823673928887,,,,,,,,,,,,,,
arctic,CONTACT_FULL,mlpG,q,512,3.0,10567.0,0.4043767948945363,0.005861334431817455,0.9362649520238241,0.0004659002573576839,0.45271965861320496,0.003069581515424391,0.23739507297674814,0.005482270933064932,0.8739531834920248,0.004109701850580408,0.6160698533058167,0.004290561916219325,0.5100180705388387,0.003809304546501332,,,,,,,,,,,,,,
arctic,CONTACT_FULL,mlpG,q_strict,512,1.0,5123.0,3.2759971618652344,0.0,0.5752754211425781,0.0,0.7243929505348206,0.0,2.5224053859710693,0.0,0.5401832461357117,0.0,0.181261658668518,0.0,0.1534280180931091,0.0,,,,,,,,,,,,,,
arctic,CONTACT_FULL,ridge,q,512,1.0,10567.0,0.607798159122467,0.0,0.9186614751815796,0.0,0.5837171673774719,0.0,0.4735758006572723,0.0,0.8832594156265259,0.0,0.3706567287445068,0.0,0.674872636795044,0.0,,,,,,,,,,,,,,
arctic,CONTACT_FULL,ridgeG,q,512,1.0,10567.0,0.5529947280883789,0.0,0.9200315475463868,0.0,0.5491504669189453,0.0,0.4047681987285614,0.0,0.8854348063468933,0.0,0.4511386752128601,0.0,0.6310504674911499,0.0,,,,,,,,,,,,,,
arctic,FULL,mlp,q,812,3.0,10567.0,0.3947497804959615,0.0029827230628692155,0.9422167340914408,0.0008037368786666316,0.4393575986226399,0.004329919450304143,0.24380451440811154,0.0030711834383365696,0.8642849127451578,0.005339906042425963,0.6292179723580679,0.008702054916049447,0.49596712986628216,0.004985429083218266,,,,,,,,,,,,,,
arctic,FULL,mlpG,q,812,3.0,10567.0,0.3944746255874633,0.007263852779701837,0.9430137475331625,0.001212851038350068,0.4379680852095286,0.005990344592692291,0.24104450146357215,0.006927427938994739,0.8716984589894613,0.007796506547247604,0.6442038516203562,0.0106048542118495,0.4937766095002492,0.00718235248287049,,,,,,,,,,,,,,
arctic,FULL,mlpG,q_strict,812,1.0,5123.0,3.2654054164886475,0.0,0.5795590877532959,0.0,0.7150074243545532,0.0,2.519522428512573,0.0,0.5553902983665466,0.0,0.2039610743522644,0.0,0.1522225886583328,0.0,,,,,,,,,,,,,,
arctic,FULL,ridge,q,812,1.0,10567.0,0.5856865644454956,0.0,0.928781270980835,0.0,0.5671803951263428,0.0,0.4589779078960418,0.0,0.8741140961647034,0.0,0.4079568386077881,0.0,0.6545493602752686,0.0,,,,,,,,,,,,,,
arctic,FULL,ridgeG,q,812,1.0,10567.0,0.5390685200691223,0.0,0.9303434491157532,0.0,0.5348111987113953,0.0,0.400126039981842,0.0,0.8769069314002991,0.0,0.4820619225502014,0.0,0.6119133234024048,0.0,,,,,,,,,,,,,,
arctic,MEAN,const,q,0,1.0,10567.0,0.8896061778068542,0.0,0.8600968718528748,0.0,0.8185510635375977,0.0,0.6893806457519531,0.0,0.8990168571472168,0.0,-0.0799552202224731,0.0,0.956732213497162,0.0,,,,,,,,,,,,,,
arctic,R0,mlp,q,6,3.0,10567.0,0.5385619203249613,0.0012565047922041305,0.8609477082888285,0.0001195142771820651,0.6452233195304871,0.00036901516545651024,0.1975691169500351,0.003077593993515491,0.8563453555107117,0.0018513954157938315,0.26764092842737836,0.0007778002318215817,0.7390958865483602,0.0007301155427868277,,,,,,,,,,,,,,
arctic,R0,mlpG,q,6,3.0,10567.0,0.5074972609678904,0.007996306512573208,0.876209557056427,0.0036553978035092256,0.606594463189443,0.009496771079794792,0.19250367085138956,0.0016140454355005496,0.8632501761118571,0.00418244915047416,0.3371745745340983,0.013443044549267407,0.6926675240198771,0.010786314177583326,,,,,,,,,,,,,,
arctic,R0,mlpG,q_strict,6,1.0,5123.0,3.2765815258026123,0.0,0.5086897611618042,0.0,0.7729649543762207,0.0,2.425410270690918,0.0,0.4962850511074066,0.0,0.0743260979652404,0.0,0.1626715213060379,0.0,,,,,,,,,,,,,,
arctic,R0,ridge,q,6,1.0,10567.0,0.5435116291046143,0.0,0.8611654043197632,0.0,0.6462868452072144,0.0,0.2074407041072845,0.0,0.86088627576828,0.0,0.266950249671936,0.0,0.7401814460754395,0.0,,,,,,,,,,,,,,
arctic,R0,ridgeG,q,6,1.0,10567.0,0.5470866560935974,0.0,0.8602961897850037,0.0,0.6427699327468872,0.0,0.2125454097986221,0.0,0.8570675253868103,0.0,0.287160575389862,0.0,0.7335942387580872,0.0,,,,,,,,,,,,,,
arctic,R1,mlp,q,12,3.0,10567.0,0.5345396796862284,0.0013350641724253621,0.8629603584607443,0.00013756075663296633,0.6388318538665771,0.000433464770801478,0.1969471673170725,0.00274800330827416,0.8563591639200846,0.0012809993782483225,0.2813252607981364,0.00018551051967505557,0.7308935523033142,0.000709530879073547,,,,,,,,,,,,,,
arctic,R1,mlpG,q,12,3.0,10567.0,0.5099504192670187,0.004013852815928605,0.8742945392926534,0.00034737000037342905,0.6111635565757751,0.0018854580124839308,0.1885966062545776,0.008685923014217865,0.8598325053850809,0.00597992024868776,0.32762136061986286,0.0012350431911365008,0.6981411377588908,0.00280342273931357,,,,,,,,,,,,,,
arctic,R1,mlpG,q_strict,12,1.0,5123.0,3.3846523761749268,0.0,0.5040838122367859,0.0,0.7729517221450806,0.0,2.5275697708129883,0.0,0.5088325142860413,0.0,0.0821945667266845,0.0,0.1642264425754547,0.0,,,,,,,,,,,,,,
arctic,R1,ridge,q,12,1.0,10567.0,0.5410824418067932,0.0,0.8619271516799927,0.0,0.6423588395118713,0.0,0.2082488536834716,0.0,0.8578301668167114,0.0,0.2754365801811218,0.0,0.7349738478660583,0.0,,,,,,,,,,,,,,
arctic,R1,ridgeG,q,12,1.0,10567.0,0.5421323776245117,0.0,0.862311601638794,0.0,0.6393617391586304,0.0,0.2096911519765854,0.0,0.855147123336792,0.0,0.2913912534713745,0.0,0.7290356159210205,0.0,,,,,,,,,,,,,,
arctic,R2,mlp,q,48,3.0,10567.0,0.19105257093906403,0.005037869949999252,0.9813341299692789,0.00020146358373683646,0.20809604227542874,0.002142403276101417,0.12829130639632538,0.006597008032857443,0.9262865583101908,0.0031251962431547383,0.9121644174059232,0.000773738039956732,0.2303203443686167,0.0029925054657045326,,,,,,,,,,,,,,
arctic,R2,mlpG,q,48,3.0,10567.0,0.18485392133394873,0.002298739660260547,0.9815578858057658,9.804286268272161e-05,0.2070866227149963,0.0012633925253520768,0.1158963044484456,0.0022551637402034863,0.9154630700747172,0.005489692500891342,0.9127744709451994,0.0009607503872422504,0.2282994041840235,0.001512697389190282,,,,,,,,,,,,,,
arctic,R2,mlpG,q_strict,48,1.0,5123.0,2.4850752353668213,0.0,0.6279417872428894,0.0,0.6463813781738281,0.0,1.77276349067688,0.0,0.5716233253479004,0.0,0.3518809676170349,0.0,0.1317225396633148,0.0,,,,,,,,,,,,,,
arctic,R2,ridge,q,48,1.0,10567.0,0.3208681344985962,0.0,0.9544495940208436,0.0,0.364163875579834,0.0,0.1904987245798111,0.0,0.8889029026031494,0.0,0.7555104643106461,0.0,0.4018697142601013,0.0,,,,,,,,,,,,,,
arctic,R2,ridgeG,q,48,1.0,10567.0,0.3185592591762543,0.0,0.9549379944801332,0.0,0.3610598444938659,0.0,0.1882987469434738,0.0,0.8910819292068481,0.0,0.7605607509613037,0.0,0.3983944356441498,0.0,,,,,,,,,,,,,,
arctic,R3,mlp,q,60,3.0,10567.0,0.17387831211090085,0.0025782576552804684,0.9824996987978617,9.393759252290237e-05,0.19171794752279914,0.0012303777036638541,0.102079930404822,0.00422497614773633,0.9306144316991171,0.003422450379970534,0.9245280300577482,0.00012275554166972294,0.21163197855154667,0.0016106106033789394,,,,,,,,,,,,,,
arctic,R3,mlpG,q,60,3.0,10567.0,0.17187220354874924,0.001475148781117995,0.9825598994890848,0.00017371814593474948,0.19280534982681274,0.0005788194168478613,0.0959752375880877,0.00147401256340988,0.9208788275718689,0.0008008415229452962,0.9233993118007978,0.0003618689397450211,0.21205547948678335,0.0007219322346806677,,,,,,,,,,,,,,
arctic,R3,mlpG,q_strict,60,1.0,5123.0,2.415380954742432,0.0,0.6344457268714905,0.0,0.6265280246734619,0.0,1.6832252740859983,0.0,0.5839498043060303,0.0,0.3892312049865722,0.0,0.1274498701095581,0.0,,,,,,,,,,,,,,
arctic,R3,ridge,q,60,1.0,10567.0,0.3189955353736877,0.0,0.954292058944702,0.0,0.3585928380489349,0.0,0.1837214529514312,0.0,0.8994985222816467,0.0,0.766924574971199,0.0,0.3962193131446838,0.0,,,,,,,,,,,,,,
arctic,R3,ridgeG,q,60,1.0,10567.0,0.3166753649711609,0.0,0.9546047449111938,0.0,0.3563854396343231,0.0,0.180456668138504,0.0,0.9006259441375732,0.0,0.7697763592004776,0.0,0.3934828341007232,0.0,,,,,,,,,,,,,,
arctic,R4,mlp,q,90,3.0,10567.0,0.18707080185413358,0.0007682702978198999,0.9851694107055664,0.00010061127502033245,0.20721106231212613,0.0009610855033013127,0.12764431039492283,0.0017869379634730875,0.9254270195960999,0.0017989963326425036,0.9163050651550293,0.00043263344512927706,0.2285471657911936,0.0013323247341253414,,,,,,,,,,,,,,
arctic,R4,mlpG,q,90,3.0,10567.0,0.1871861616770426,0.0005156277951328058,0.9846583803494772,9.248316217803641e-05,0.20841267208258307,0.00047145985224052926,0.12333984176317847,0.001121259690474872,0.9167982538541158,0.0010748095988761973,0.915193739036719,0.00046879448711471876,0.22978038589159647,0.00045705251166067835,,,,,,,,,,,,,,
arctic,R4,mlpG,q_strict,90,1.0,5123.0,2.377616167068481,0.0,0.6312577724456787,0.0,0.64226233959198,0.0,1.6819884777069092,0.0,0.5385492444038391,0.0,0.3527606725692749,0.0,0.12883161008358,0.0,,,,,,,,,,,,,,
arctic,R4,ridge,q,90,1.0,10567.0,0.3150741755962372,0.0,0.9582613110542296,0.0,0.3568307757377624,0.0,0.1866592168807983,0.0,0.8855079412460327,0.0,0.7690888941287994,0.0,0.3931599259376526,0.0,,,,,,,,,,,,,,
arctic,R4,ridgeG,q,90,1.0,10567.0,0.3168093562126159,0.0,0.9583356976509094,0.0,0.3566985130310058,0.0,0.1885686069726944,0.0,0.8892124891281128,0.0,0.7701981067657471,0.0,0.3936581909656524,0.0,,,,,,,,,,,,,,
arctic,R5,mlp,q,102,3.0,10567.0,0.17204343775908149,0.00245189469104042,0.9860583345095316,0.00012800367576323306,0.19139913717905677,0.0012058271881178009,0.1033638293544451,0.0030180331034901677,0.9302185972531637,0.0022837344021887757,0.928169826666514,0.00047617282037363146,0.21042592326800022,0.0015458821250990272,,,,,,,,,,,,,,
arctic,R5,mlpG,q,102,3.0,10567.0,0.173690840601921,0.002626877198144562,0.9854353268941244,0.0002807353810507039,0.1950670778751373,0.0013581343361834535,0.10271208981672915,0.003626173371124439,0.9186693032582601,0.004712581399897756,0.9248304143548012,0.0012482363973475828,0.21393414338429764,0.0015497951156525681,,,,,,,,,,,,,,
arctic,R5,mlpG,q_strict,102,1.0,5123.0,2.3565666675567627,0.0,0.6487918496131897,0.0,0.6121971011161804,0.0,1.65961492061615,0.0,0.5944116711616516,0.0,0.4182446599006653,0.0,0.1233749836683273,0.0,,,,,,,,,,,,,,
arctic,R5,ridge,q,102,1.0,10567.0,0.3098069429397583,0.0,0.9582287669181824,0.0,0.3520820736885071,0.0,0.176328420639038,0.0,0.8900246620178223,0.0,0.7758844494819641,0.0,0.3868566751480102,0.0,,,,,,,,,,,,,,
arctic,R5,ridgeG,q,102,1.0,10567.0,0.3142898380756378,0.0,0.9582621455192566,0.0,0.3522984087467193,0.0,0.1812547594308853,0.0,0.8983048796653748,0.0,0.7771898359060287,0.0,0.3889943063259125,0.0,,,,,,,,,,,,,,
arctic,R0,mlpG_seedavg,q,6,3.0,10567.0,0.5074972790021922,,0.8762095092378999,,0.6065944562968156,,0.19250366324563262,,0.8632502133870876,,,,,,0.48783298502116873,0.5319504146445511,0.8682672271237745,0.8841804856945816,0.5597737119744555,0.6557354638710933,0.1728385055363538,0.21535967225897254,0.8560969901981211,0.8700328739595808,,,,
arctic,R0,ratio_to_FULL,q,6,,,,,,,,,,,,,,,,,,,,,,,,,,,rel_l1,1.2865143506611725,1.193774522109112,1.379848323945472
arctic,R0,ratio_to_FULL,q,6,,,,,,,,,,,,,,,,,,,,,,,,,,,abs_err,1.4027953395102046,1.3113481458468799,1.4967058037590042
arctic,R0,ratio_to_FULL,q,6,,,,,,,,,,,,,,,,,,,,,,,,,,,Q_err,0.7986229633787982,0.7055248475509577,0.9061956811663384
arctic,R1,mlpG_seedavg,q,12,3.0,10567.0,0.5099504398541802,,0.874294517244331,,0.6111635413855312,,0.18859660844023757,,0.8598325288661259,,,,,,0.4905400176279226,0.5341941908742229,0.8663123623533525,0.8826425526328082,0.5624117972859193,0.6611701796270129,0.16999892859904442,0.21062379577358192,0.8519756581364504,0.8677144968640232,,,,
arctic,R1,ratio_to_FULL,q,12,,,,,,,,,,,,,,,,,,,,,,,,,,,rel_l1,1.292733155709286,1.1969005394760965,1.3900111684439798
arctic,R1,ratio_to_FULL,q,12,,,,,,,,,,,,,,,,,,,,,,,,,,,abs_err,1.4138805340739533,1.3199330068627049,1.5132203320679278
arctic,R1,ratio_to_FULL,q,12,,,,,,,,,,,,,,,,,,,,,,,,,,,Q_err,0.7824141098216244,0.6847656454773989,0.8950727220973499
arctic,R2,mlpG_seedavg,q,48,3.0,10567.0,0.18485391878943247,,0.981557841136596,,0.2070866235297163,,0.11589630337533405,,0.9154630522352525,,,,,,0.17121992828843988,0.20081019405646716,0.9794135908218173,0.983444951353386,0.19359635273161543,0.2206293505793006,0.10433414705133938,0.12935158783097353,0.9098191357593571,0.9208829994984533,,,,
arctic,R2,ratio_to_FULL,q,48,,,,,,,,,,,,,,,,,,,,,,,,,,,rel_l1,0.46860787069861815,0.4431162544674404,0.49580478360677643
arctic,R2,ratio_to_FULL,q,48,,,,,,,,,,,,,,,,,,,,,,,,,,,abs_err,0.462353631107732,0.43763255635977016,0.4905106497691191
arctic,R2,ratio_to_FULL,q,48,,,,,,,,,,,,,,,,,,,,,,,,,,,Q_err,0.48080876844486425,0.4370716924606,0.5377747717895291
arctic,R3,mlpG_seedavg,q,60,3.0,10567.0,0.17187220161248204,,0.982559874959821,,0.1928053444297777,,0.09597523891862514,,0.9208788738448606,,,,,,0.15978846669448585,0.18595257034516868,0.9806150252000214,0.9842843092512082,0.17989309066042514,0.2054309707022151,0.08604655034773076,0.1073501942871882,0.9158039804670799,0.9252193802879844,,,,
arctic,R3,ratio_to_FULL,q,60,,,,,,,,,,,,,,,,,,,,,,,,,,,rel_l1,0.43569899387230665,0.41125859880027577,0.46163413923050334
arctic,R3,ratio_to_FULL,q,60,,,,,,,,,,,,,,,,,,,,,,,,,,,abs_err,0.42945632021497965,0.4048013822538898,0.45511325399929775
arctic,R3,ratio_to_FULL,q,60,,,,,,,,,,,,,,,,,,,,,,,,,,,Q_err,0.3981640059409078,0.3619782483845274,0.44210033253575665
arctic,R4,mlpG_seedavg,q,90,3.0,10567.0,0.18718615602241837,,0.9846583454348545,,0.2084126694823655,,0.12333984151519599,,0.9167982626967593,,,,,,0.17200773246455237,0.20455442232380536,0.9826955644601991,0.9864249010671124,0.1951066788677083,0.22116831202183296,0.10957556660760982,0.13870946657656316,0.9120780121053228,0.9216615897068356,,,,
arctic,R4,ratio_to_FULL,q,90,,,,,,,,,,,,,,,,,,,,,,,,,,,rel_l1,0.47452013228804374,0.4496525610931373,0.5001842316326665
arctic,R4,ratio_to_FULL,q,90,,,,,,,,,,,,,,,,,,,,,,,,,,,abs_err,0.4653529284476706,0.43998919541204723,0.4927385324015081
arctic,R4,ratio_to_FULL,q,90,,,,,,,,,,,,,,,,,,,,,,,,,,,Q_err,0.5116891183927738,0.47547988054593654,0.5573994492288123
arctic,R5,mlpG_seedavg,q,102,3.0,10567.0,0.1736908366397239,,0.9854353232737735,,0.19506708492840533,,0.10271208755402461,,0.9186692902772668,,,,,,0.16004753302186633,0.1897203967265331,0.9835786107805041,0.9870934397983582,0.18218560531923547,0.20755498604595177,0.09038620333316717,0.11628366728448497,0.9137634351258478,0.923059932165559,,,,
arctic,R5,ratio_to_FULL,q,102,,,,,,,,,,,,,,,,,,,,,,,,,,,rel_l1,0.44030926501654194,0.4178449998559862,0.46285192720672097
arctic,R5,ratio_to_FULL,q,102,,,,,,,,,,,,,,,,,,,,,,,,,,,abs_err,0.43326099587826566,0.4103998856099526,0.46017871507416447
arctic,R5,ratio_to_FULL,q,102,,,,,,,,,,,,,,,,,,,,,,,,,,,Q_err,0.42611257549187814,0.39572915162006295,0.4612831290865118
arctic,CONTACT_FULL,mlpG_seedavg,q,512,3.0,10567.0,0.4043767984786931,,0.9362649419675028,,0.45271965180424717,,0.23739506524123444,,0.8739532055168444,,,,,,0.37051967486335285,0.44174911706939235,0.9278149997161091,0.9442761321307317,0.4207866293752884,0.48586793366423225,0.20483347866419238,0.2762052293017787,0.8588827655105108,0.8883565481019808,,,,
arctic,CONTACT_FULL,ratio_to_FULL,q,512,,,,,,,,,,,,,,,,,,,,,,,,,,,rel_l1,1.0251021549122679,0.9970659771452005,1.0564358154657145
arctic,CONTACT_FULL,ratio_to_FULL,q,512,,,,,,,,,,,,,,,,,,,,,,,,,,,abs_err,1.0328923778838621,1.0008997148358383,1.0700587499656364
arctic,CONTACT_FULL,ratio_to_FULL,q,512,,,,,,,,,,,,,,,,,,,,,,,,,,,Q_err,0.984859962132482,0.9342369095375563,1.0472649999573145
arctic,FULL,mlpG_seedavg,q,812,3.0,10567.0,0.3944746350799557,,0.9430137454047609,,0.43796807679169575,,0.24104448791603977,,0.8716984595262622,,,,,,0.3605403398567954,0.4321433869772934,0.9358185503753157,0.9496800533025261,0.41205428400251076,0.46458776853224326,0.20779509703651977,0.27727961425981373,0.8567896200749688,0.8856745258375252,,,,
arctic,FULL,ratio_to_FULL,q,812,,,,,,,,,,,,,,,,,,,,,,,,,,,rel_l1,1.0,1.0,1.0
arctic,FULL,ratio_to_FULL,q,812,,,,,,,,,,,,,,,,,,,,,,,,,,,abs_err,1.0,1.0,1.0
arctic,FULL,ratio_to_FULL,q,812,,,,,,,,,,,,,,,,,,,,,,,,,,,Q_err,1.0,1.0,1.0
arctic,MEAN,mlpG_seedavg,q,0,1.0,10567.0,0.8896062442352635,,0.8600968726087206,,0.818550995192781,,0.6893806644676275,,0.8990168200430857,,,,,,0.7659092552065537,1.036708317776089,0.849452017887669,0.868999886024549,0.7766352532859102,0.8674074304524056,0.5453314613291007,0.8519982422994619,0.8793587807538186,0.9171624783823804,,,,
arctic,MEAN,ratio_to_FULL,q,0,,,,,,,,,,,,,,,,,,,,,,,,,,,rel_l1,2.255167164436187,2.0343142993225265,2.5057444669527467
arctic,MEAN,ratio_to_FULL,q,0,,,,,,,,,,,,,,,,,,,,,,,,,,,abs_err,1.9375810421442312,1.8051433843290596,2.0879306912914837
arctic,MEAN,ratio_to_FULL,q,0,,,,,,,,,,,,,,,,,,,,,,,,,,,Q_err,2.8599727395871897,2.4504010639972487,3.3331440702423643
arctic,R0,mlpG_seedavg,q_strict,6,1.0,5123.0,3.2765815976818815,,0.508689728457893,,0.772964930576684,,2.4254103570214873,,0.49628502240351946,,,,,,2.7367925364345544,3.889150930357158,0.45418732485700725,0.5501910543001095,0.7035260664657664,0.8463037387917047,1.925776289774603,2.980375848615301,0.43557457517871545,0.551795678936972,,,,
arctic,R0,ratio_to_FULL,q_strict,6,,,,,,,,,,,,,,,,,,,,,,,,,,,rel_l1,1.0034225264194618,0.8863185064202523,1.1433041005077609
arctic,R0,ratio_to_FULL,q_strict,6,,,,,,,,,,,,,,,,,,,,,,,,,,,abs_err,1.0686424647138253,1.0143377431791032,1.1237896794320394
arctic,R0,ratio_to_FULL,q_strict,6,,,,,,,,,,,,,,,,,,,,,,,,,,,Q_err,0.9626468472460942,0.8101467038386689,1.1417527204450504
arctic,R1,mlpG_seedavg,q_strict,12,1.0,5123.0,3.3846520904699573,,0.5040838287696932,,0.7729516676328051,,2.527569750349955,,0.5088325379385874,,,,,,2.8201390705872775,4.005068519299981,0.4454193965172272,0.5470327656729318,0.7049983690846732,0.8440394826199468,1.9877115622341293,3.1092162475496035,0.4488110804166796,0.5628856729240799,,,,
arctic,R1,ratio_to_FULL,q_strict,12,,,,,,,,,,,,,,,,,,,,,,,,,,,rel_l1,1.0365181059653905,0.9187117548105392,1.183578955795317
arctic,R1,ratio_to_FULL,q_strict,12,,,,,,,,,,,,,,,,,,,,,,,,,,,abs_err,1.0788572618228816,1.0236328211603754,1.1393467720203765
arctic,R1,ratio_to_FULL,q_strict,12,,,,,,,,,,,,,,,,,,,,,,,,,,,Q_err,1.0031939726508825,0.8535556393041713,1.2020466431535812
arctic,R2,mlpG_seedavg,q_strict,48,1.0,5123.0,2.4850753788083133,,0.627941815999377,,0.6463813916620986,,1.7727632392111154,,0.5716233230886524,,,,,,2.150109991914873,2.8516928098849035,0.5805760910146271,0.6654380277016831,0.5949345133938599,0.6949894893727421,1.4611717237649724,2.100687177340314,0.5179098193053627,0.6173584489834184,,,,
arctic,R2,ratio_to_FULL,q_strict,48,,,,,,,,,,,,,,,,,,,,,,,,,,,rel_l1,0.7610311358370563,0.698995480154709,0.8205425713582503
arctic,R2,ratio_to_FULL,q_strict,48,,,,,,,,,,,,,,,,,,,,,,,,,,,abs_err,0.8653285802004306,0.81764278684941,0.9095845622996619
arctic,R2,ratio_to_FULL,q_strict,48,,,,,,,,,,,,,,,,,,,,,,,,,,,Q_err,0.7036108088678518,0.6231693245852817,0.7795799489300141
arctic,R3,mlpG_seedavg,q_strict,60,1.0,5123.0,2.4153810302924534,,0.6344457283296361,,0.6265280097962973,,1.683225279977793,,0.5839498038983835,,,,,,2.0566366799716143,2.8436209931383063,0.5876046019313486,0.6718784904703637,0.5740973829146606,0.6772527739984863,1.3546098887808526,2.05485680661286,0.5329387193678751,0.6266934341738319,,,,
arctic,R3,ratio_to_FULL,q_strict,60,,,,,,,,,,,,,,,,,,,,,,,,,,,rel_l1,0.7396878922216924,0.675907278135527,0.7996787777364368
arctic,R3,ratio_to_FULL,q_strict,60,,,,,,,,,,,,,,,,,,,,,,,,,,,abs_err,0.8372598868134945,0.7959218182460721,0.8768187397265748
arctic,R3,ratio_to_FULL,q_strict,60,,,,,,,,,,,,,,,,,,,,,,,,,,,Q_err,0.6680731383391184,0.5868428107819411,0.7415670683982082
arctic,R4,mlpG_seedavg,q_strict,90,1.0,5123.0,2.377616133708845,,0.631257808998999,,0.642262304811454,,1.6819885919796311,,0.5385492656044713,,,,,,2.0494124880323326,2.7119124576270908,0.5834430292667884,0.6693491924012568,0.5900412398893259,0.6926005503551158,1.3858274326952411,1.9757474733124045,0.48623564559779586,0.5848325414835764,,,,
arctic,R4,ratio_to_FULL,q_strict,90,,,,,,,,,,,,,,,,,,,,,,,,,,,rel_l1,0.7281227451895832,0.6660420043539834,0.7841373122351404
arctic,R4,ratio_to_FULL,q_strict,90,,,,,,,,,,,,,,,,,,,,,,,,,,,abs_err,0.8463370480909087,0.7916618244855678,0.8936409204072909
arctic,R4,ratio_to_FULL,q_strict,90,,,,,,,,,,,,,,,,,,,,,,,,,,,Q_err,0.6675822961197755,0.5909027333971062,0.7364846894455299
arctic,R5,mlpG_seedavg,q_strict,102,1.0,5123.0,2.356566615223815,,0.6487918669695768,,0.612197127567705,,1.659614823133793,,0.5944116480149315,,,,,,1.977955020523851,2.746359107309262,0.6026348503307528,0.6848324041731508,0.5615326974969967,0.6602649545370413,1.2969261212587913,2.024560627220337,0.5460583180539454,0.63457923351745,,,,
arctic,R5,ratio_to_FULL,q_strict,102,,,,,,,,,,,,,,,,,,,,,,,,,,,rel_l1,0.7216765266571026,0.6437405904210107,0.806059406842233
arctic,R5,ratio_to_FULL,q_strict,102,,,,,,,,,,,,,,,,,,,,,,,,,,,abs_err,0.8104906391563151,0.7624236210870998,0.8508774914794932
arctic,R5,ratio_to_FULL,q_strict,102,,,,,,,,,,,,,,,,,,,,,,,,,,,Q_err,0.6587021336441322,0.5578501990206846,0.7658222381216828
arctic,CONTACT_FULL,mlpG_seedavg,q_strict,512,1.0,5123.0,3.275997043100973,,0.5752754068592385,,0.7243929793489193,,2.522405271885858,,0.540183223633264,,,,,,2.7854645862580836,3.7873859234422453,0.5313638770759489,0.6118784435888257,0.6535995043415729,0.7990412631130039,2.0437838053228354,2.996665878239519,0.4946390349072532,0.5821590055590485,,,,
arctic,CONTACT_FULL,ratio_to_FULL,q_strict,512,,,,,,,,,,,,,,,,,,,,,,,,,,,rel_l1,1.0032435120360506,0.9584285428171178,1.0419678359635944
arctic,CONTACT_FULL,ratio_to_FULL,q_strict,512,,,,,,,,,,,,,,,,,,,,,,,,,,,abs_err,1.0079189314217663,0.9898997021258243,1.0240746677029788
arctic,CONTACT_FULL,ratio_to_FULL,q_strict,512,,,,,,,,,,,,,,,,,,,,,,,,,,,Q_err,1.001144188004445,0.9401654611419106,1.052549700914937
arctic,FULL,mlpG_seedavg,q_strict,812,1.0,5123.0,3.2654056605384287,,0.5795590750983391,,0.7150073782476322,,2.5195224645050414,,0.5553903119740048,,,,,,2.8223753467351096,3.7767680351727537,0.5335338412547043,0.6174620225455495,0.6482454105628038,0.7859030539669174,2.094695422135901,2.9699710758988305,0.5066271399453104,0.5940018769601235,,,,
arctic,FULL,ratio_to_FULL,q_strict,812,,,,,,,,,,,,,,,,,,,,,,,,,,,rel_l1,1.0,1.0,1.0
arctic,FULL,ratio_to_FULL,q_strict,812,,,,,,,,,,,,,,,,,,,,,,,,,,,abs_err,1.0,1.0,1.0
arctic,FULL,ratio_to_FULL,q_strict,812,,,,,,,,,,,,,,,,,,,,,,,,,,,Q_err,1.0,1.0,1.0
