dataset,frm,to,added,dim_from,dim_to,functional_ratio,functional_lo,functional_hi,functional_rel_l1_from,functional_rel_l1_to,temporal_ratio_h1,temporal_lo_h1,temporal_hi_h1,T1_ratio_h1,T2_ratio_h1,T4_ratio_h1,T3_ratio_h1,temporal_ratio_h4,temporal_lo_h4,temporal_hi_h4,T1_ratio_h4,T2_ratio_h4,T4_ratio_h4,T3_ratio_h4,temporal_ratio_h8,temporal_lo_h8,temporal_hi_h8,T1_ratio_h8,T2_ratio_h8,T4_ratio_h8,T3_ratio_h8,temporal_ratio,temporal_lo,temporal_hi,dense_E_C_ratio,dense_E_C_lo,dense_E_C_hi,dense_E_H_ratio,dense_E_H_lo,dense_E_H_hi
taco,R0,R1,amount,6,12,0.9430775354468436,0.9319675858266003,0.9524562995220773,0.3669927220117526,0.3461025918017722,0.7897716351183813,0.7822082776654432,0.7975388921767982,0.8321242904894802,0.42923073186067784,0.9458840135089744,0.9518475046143928,0.8584732507119226,0.8504610632906511,0.867398797345783,0.8843697145631242,0.6375445922305649,0.9545809992488202,0.9573976968051807,0.9081406438446578,0.8985888245646633,0.9179490380576228,0.9411113847595245,0.7641714843748196,0.9621457236184401,0.9651339826258469,0.8521285098916538,0.8441562911034636,0.860641567283045,0.9240654536522649,0.9065781399230581,0.9404191452849707,0.9250452618526251,0.9014185688661377,0.9487170970548284
taco,R1,R2,geom,12,48,0.5085041817389264,0.49333360524662706,0.5244166653850763,0.3461025918017722,0.17599461524188184,0.8465201382460608,0.8367041514173847,0.8561698490137343,0.9608358811502148,1.0611334683352922,0.8054114718209637,0.5586997316777724,0.8940662874486576,0.8853344809388154,0.9025826424315588,0.9794068138019181,1.0330097106904281,0.9034150060964387,0.660433619205845,0.913259785937948,0.9032435313476269,0.923200174144192,0.9658098838224413,1.0204099665223245,0.9480316497756041,0.7187876436314223,0.8846154038775554,0.8759381230345432,0.8929673284784952,0.7408870359318382,0.7200036418127034,0.7615443194260781,0.7004376696547198,0.6780302032849532,0.7250543184472531
taco,R2,R3,topo,48,60,0.8956544663564188,0.8856182903867458,0.9051003213838551,0.17599461524188184,0.15763036319607093,0.9856854585652826,0.980258020770728,0.9905972233395447,0.949712924119872,1.000663678926954,0.985963161266825,1.006402069947479,0.9945509575026569,0.9908121059892463,0.9979915576624184,0.9846729249419723,0.9955219410613759,0.9956018992883988,1.0024070647188803,0.9961547758179476,0.9925523275180409,0.9995150934935313,0.991818737738621,0.9940207859544195,0.9969523441651157,1.0018272354136346,0.9921303972952957,0.9883296814456286,0.9957069564264619,0.9962390396443581,0.9904832398758583,1.0019394557453782,0.9931035687663363,0.9863700344039048,0.999522391875549
taco,R2,R4,hand,48,90,0.9982799467277499,0.9823721041814537,1.0129874083271895,0.17599461524188184,0.17569189512803665,1.0231462918945102,1.0166811239823046,1.029801879593586,1.1196170738607942,1.0288890718391253,0.9995365527023597,0.9445424691757616,0.9607046410043276,0.9515529554660811,0.9693410499036949,0.9701218510796596,0.97917748409695,0.9674037920988745,0.9261154367418258,0.9494641665477177,0.9367966416731708,0.9619996575023928,0.9481686928766997,0.9709326146911209,0.9486624672877499,0.9300928913353002,0.9777716998155185,0.969432270914191,0.9862369602859278,0.8739157622031613,0.8604548204574456,0.8868574686492696,0.6381309064613491,0.6198930947162119,0.656762877244323
taco,R3,R5,hand,60,102,0.9847171048092646,0.9695931531202282,0.9970087222475651,0.15763036319607093,0.15522131487646781,1.024410868254203,1.017156046678276,1.0314919233998476,1.1205033695962023,1.0296526458127442,1.0005723201645735,0.9469151374432918,0.9621603036075155,0.9517547438898195,0.9715605307657168,0.9743006198973396,0.9778540154268762,0.9664658788819409,0.9300207002239054,0.9500687108757966,0.9362442724100131,0.9627210621445614,0.9487767977626811,0.97056188640809,0.9479981200161856,0.9329380393162292,0.9788799609125051,0.9693774846540942,0.9878512065978945,0.8746381222531935,0.8607180945242948,0.8884029435515421,0.6414497957806378,0.6245848275276065,0.6591854242279327
taco,R5,FULL,dense detail,102,812,2.036476436211502,1.9771452467195219,2.089564353873836,0.15522131487646781,0.31610455014369254,1.6782818586998887,1.639077971045284,1.7133250409171543,2.424411401490876,1.7863725368785817,1.2397432981042482,1.2626001983258486,1.2282853952719752,1.2082130360028787,1.247577109799064,1.3692409209170895,1.3063875032081327,1.1018627109770511,1.1356504459856271,1.1205928703940906,1.107383667238098,1.1342338974689758,1.1779123683055328,1.1522793874420623,1.0624437619031408,1.0897359639256263,1.3423867081219847,1.318787644092855,1.3641123181969812,0.7328942087546063,0.7196868956786507,0.7476771137752886,0.8334802426930717,0.8191852098479777,0.8479025849175518
taco,CONTACT_FULL,FULL,H (100 points),512,812,0.8828449393137489,0.8533281845841503,0.9083733067135414,0.3580521743596404,0.31610455014369254,0.8658384859573155,0.8523083744535883,0.8787045075561691,0.8279758827491736,0.8599811232387369,0.9112647605456872,0.8641321772956646,0.8818314386479594,0.8675820873581108,0.8949127741735448,0.852317528380948,0.8838948728489814,0.9143243765470827,0.8767889768148258,0.9034873102780953,0.8895309917221463,0.916753641612234,0.8861855324599853,0.910307568282913,0.9236795674964448,0.8937765728730378,0.8837190782944567,0.8700192129997862,0.8963831006455627,0.9101857923085097,0.9023987882528595,0.9180482119299864,0.5375129036851708,0.5230058579898904,0.5525542608469478
arctic,R0,R1,amount,6,12,1.0048338404036594,0.9975827171312265,1.0118579691322114,0.5074972790021922,0.5099504398541802,0.7369852750283586,0.7205324165975617,0.7531966263950747,0.7436355265412512,0.3363070928223003,0.928375104759691,0.939623375990192,0.7840682684496104,0.7675651843058909,0.7994266529496007,0.7535489176340303,0.5074020518946157,0.9334900120472082,0.9418320922225875,0.852339765451013,0.8361912093522195,0.8676120658543919,0.8532609933747825,0.6695535994856266,0.938354032221029,0.9481904367226138,0.7911311029763274,0.7753481125706152,0.8060266529290998,0.9205709638290864,0.9012418142227988,0.9386018213146419,0.9354789917638725,0.9030198071605368,0.9637368539662506
arctic,R1,R2,geom,12,48,0.3624938902735161,0.34128107993364065,0.38446516758753674,0.5099504398541802,0.18485391878943247,0.8257527136122746,0.8054482087987074,0.8466363268856524,1.1982685430054745,1.1156137517375937,0.6434423964875713,0.345686163218459,0.8579325920045668,0.838160197192723,0.8799596468516645,1.150702885223702,1.0640393750685702,0.7618665716270706,0.4551215360989245,0.873822976994458,0.8523997499314837,0.8994828457921981,1.0928449897622212,1.0220349606072492,0.8421373514593521,0.5382746061490096,0.8525027608704332,0.8330006826436447,0.8744978019205334,0.7444515176172155,0.7131056336915578,0.775727840557318,0.6619678763283524,0.5975589871831666,0.72784146748193
arctic,R2,R3,topo,48,60,0.9297731026641749,0.9147038506045948,0.9455541250320939,0.18485391878943247,0.17187220161248204,1.0002605528769257,0.992262396725089,1.0084820799136067,0.987799480167217,1.0134808863231763,0.9818984147248465,1.0178634302924632,0.9994808733879516,0.9922799999642822,1.0059845834494578,0.9964154841396888,1.0064232271244176,0.9870633989462992,1.0080213833414007,1.0034362608961969,0.9972831317249019,1.0090915284336541,1.0046036560984055,1.0067399685516316,0.9986112084805225,1.0037902104542278,1.0010592290536915,0.9944790553958975,1.007366782468987,0.9769628016977759,0.9633914477349107,0.987950955600446,0.9675332224613564,0.9563005968926265,0.9797134608799457
arctic,R2,R4,hand,48,90,1.012616650208225,0.9906846915424367,1.0352469840266902,0.18485391878943247,0.18718615602241837,1.0564001468369877,1.0399860826008105,1.073624730749027,1.0919350493243087,1.1604784887916717,1.0439076329359798,0.929279416295991,0.9946053081932991,0.9725041823586185,1.0192022702597552,0.9901203420231682,1.0611428365577105,1.0495978229995429,0.8775602311927748,0.9850197495589172,0.9579366247599373,1.0196300100782372,0.9663697112681124,1.028644842688997,1.065083918250288,0.8799805260282716,1.0120084015297346,0.9925750293577246,1.035229562710197,0.8845896995384805,0.8561933045263893,0.9128395714668376,0.5825197975795765,0.5418086193683211,0.6385540178142858
arctic,R3,R5,hand,60,102,1.0105813215294834,0.9899177968639421,1.031106728012089,0.17187220161248204,0.1736908366397239,1.0283570292512605,1.0154157377487305,1.042297913517115,1.0406185576431612,1.1212921559309843,1.0399039283782237,0.9116134750526729,0.9822378906819049,0.9597412280684287,1.0085627773567367,0.9701089081184388,1.033210547832994,1.0564082819606733,0.8692238248155134,0.9811506756819355,0.9537303390720346,1.0161094212132784,0.9614637626246989,1.0135520459991898,1.0735844927570848,0.8760024013467682,0.9972485318717004,0.977389353328115,1.0213037197957886,0.8932426479148111,0.8652980832517718,0.920957392867815,0.5927121058088393,0.5522939767420848,0.6440347625731394
arctic,R5,FULL,dense detail,102,812,2.271130951474371,2.155988785886987,2.384474351487685,0.1736908366397239,0.3944746350799557,2.247930240270121,2.1092876220110712,2.3737020317311517,3.6785735351404742,2.275965360678045,1.4149211454057384,1.6222609198562261,1.508699768288552,1.439240758636565,1.5806431434629327,1.8869908974137373,1.6218861378717968,1.1889686496024972,1.336953388266176,1.2488509478150176,1.2042874122367482,1.2966945630695368,1.4003652227562216,1.3110004305791711,1.0793040389173887,1.2047340990072888,1.6684936521245632,1.5909185072048455,1.7475355906045877,0.6234085005388091,0.5891612737051231,0.6574002449389221,0.69488058386003,0.6387077181314726,0.7553683091965855
arctic,CONTACT_FULL,FULL,H (100 points),512,812,0.9755125332709731,0.9473483446074302,1.0029315105904701,0.4043767984786931,0.3944746350799557,0.9218371317175972,0.9030243002836954,0.939366923786084,0.9536543082704407,0.9543256441443781,0.953626614700551,0.8257419597550189,0.9258159830896492,0.9083838227984914,0.9422289356130417,0.947342333349394,0.9581011345047036,0.9577487436883764,0.8400717208161228,0.938078422755658,0.9244857447331805,0.9523786353002438,0.9538998493727214,0.969620413371977,0.9683236472827796,0.8604697809951541,0.9285771791876348,0.9121981147761041,0.9442793449182664,0.8041114387365629,0.7857964848550949,0.825210168254582,0.43607711054067205,0.4115573340220495,0.46418599368049757
