dataset,zstar,model,block,h,metric,value,lo,hi,seed_sd,n_seeds
taco,R2,decoder,C,0,decoder_r2_test,0.8927482565244039,,,0.0018591458315831012,3
taco,R2,decoder,H,0,decoder_r2_test,0.8479247689247131,,,0.0027020338523353854,3
taco,R2,condmean,C,1,mse_ratio_to_zero,0.8862937481922725,0.8707402009622308,0.9008995908693199,0.017539543275820312,3
taco,R2,condmean,C,4,mse_ratio_to_zero,0.9082180646882451,0.8935621051906801,0.9221952761818497,0.019587176262311306,3
taco,R2,condmean,C,8,mse_ratio_to_zero,0.9270572702506612,0.9131479933372346,0.9409198229628857,0.020674015405052735,3
taco,R2,condmean,C,1,mse_ratio_to_last,4.575201436912876,4.202568332468638,4.971483091766446,0.09054213509714433,3
taco,R2,condmean,C,4,mse_ratio_to_last,1.8136935677389772,1.6856440092161162,1.9501853967495129,0.03911522781904958,3
taco,R2,condmean,C,8,mse_ratio_to_last,1.2402318163636166,1.1581881567696355,1.3219951429586336,0.02765801651466226,3
taco,R2,condmean,H,1,mse_ratio_to_zero,0.5679243765669556,0.5218414752840741,0.6223631597323794,0.014481680260891056,3
taco,R2,condmean,H,4,mse_ratio_to_zero,0.6927663693092897,0.6406503797247053,0.7494616742580131,0.016050846055455332,3
taco,R2,condmean,H,8,mse_ratio_to_zero,0.7875028631342653,0.7462889339279559,0.8390463546144179,0.01749331063327843,3
taco,R2,condmean,H,1,mse_ratio_to_last,2.2487891676592713,2.054739328204256,2.458031175625772,0.0573425558762677,3
taco,R2,condmean,H,4,mse_ratio_to_last,0.9516015257456101,0.8772338228239759,1.0332796052978968,0.022047844831811818,3
taco,R2,condmean,H,8,mse_ratio_to_last,0.6367377503521868,0.5848964214165177,0.6973830904121214,0.014144289222971652,3
taco,R2,history_delta,C,1,mse_ratio_to_zero,0.18576834002099366,0.17329985879569376,0.19947735969724006,0.0026999119558236773,3
taco,R2,history_delta,C,4,mse_ratio_to_zero,0.4293640455348415,0.4071209299639304,0.45427240454738904,0.004318428233935211,3
taco,R2,history_delta,C,8,mse_ratio_to_zero,0.5949779030740913,0.5677245308609475,0.6262050614083425,0.003484268623667366,3
taco,R2,history_delta,C,1,mse_ratio_to_last,0.9589682629833769,0.9387366563268537,0.9802261151480955,0.013937379377558347,3
taco,R2,history_delta,C,4,mse_ratio_to_last,0.8574315331111981,0.8301671990857195,0.8852950263744687,0.008623831041363477,3
taco,R2,history_delta,C,8,mse_ratio_to_last,0.795970809037803,0.7683041313533236,0.8226650275615196,0.00466131182589609,3
taco,R2,history_delta,H,1,mse_ratio_to_zero,0.1979420703423253,0.18024289780732045,0.21708414393949746,0.0021522364748272154,3
taco,R2,history_delta,H,4,mse_ratio_to_zero,0.4694660559748678,0.4335749123459621,0.5113339922325204,0.007031391134438462,3
taco,R2,history_delta,H,8,mse_ratio_to_zero,0.6708489366189255,0.620228304092966,0.7322998704392923,0.011853714825230262,3
taco,R2,history_delta,H,1,mse_ratio_to_last,0.7837839014775798,0.7424246572565205,0.8272057845008794,0.00852211951388257,3
taco,R2,history_delta,H,4,mse_ratio_to_last,0.644870529146611,0.5936604487126197,0.706030675409292,0.009658521492999587,3
taco,R2,history_delta,H,8,mse_ratio_to_last,0.5424168758305374,0.4878898906610071,0.6082278678371233,0.009584354842670709,3
taco,R2,history,C,1,mse_ratio_to_zero,0.6782760957873939,0.6621814014595468,0.6926093314801798,0.011215002213258163,3
taco,R2,history,C,4,mse_ratio_to_zero,0.7392791205823083,0.7239447353802639,0.753134509995753,0.011950370737783968,3
taco,R2,history,C,8,mse_ratio_to_zero,0.7970633857789173,0.7823022615776248,0.8107714922883494,0.012671763759760101,3
taco,R2,history,C,1,mse_ratio_to_last,3.501378379797531,3.2115537675690033,3.7938756451059024,0.05789382275083816,3
taco,R2,history,C,4,mse_ratio_to_last,1.4763258273486468,1.3707153060497363,1.5815034615860766,0.023864651653709195,3
taco,R2,history,C,8,mse_ratio_to_last,1.0663239504440052,0.9945685526968296,1.1383136853142257,0.016952488224618745,3
taco,R2,history,H,1,mse_ratio_to_zero,0.443134018265339,0.3991196208915655,0.4992528750931104,0.00934225052034117,3
taco,R2,history,H,4,mse_ratio_to_zero,0.5759631840773013,0.5190853222421569,0.6349449451028938,0.013812442359168781,3
taco,R2,history,H,8,mse_ratio_to_zero,0.7411355664444417,0.6625483700531226,0.8287063722139667,0.013399556972999962,3
taco,R2,history,H,1,mse_ratio_to_last,1.7546613972096963,1.5942713530847954,1.9297705765345832,0.03699220911381238,3
taco,R2,history,H,4,mse_ratio_to_last,0.7911576961908823,0.711100526578768,0.8845186099985503,0.018973133254088292,3
taco,R2,history,H,8,mse_ratio_to_last,0.5992473365818981,0.52219066181929,0.6938930845657382,0.010834253505240633,3
taco,R2,oracle_delta,C,1,mse_ratio_to_zero,0.2001954709309658,0.18843742603851343,0.2131377131364964,0.0003113119494921445,3
taco,R2,oracle_delta,C,4,mse_ratio_to_zero,0.46972073138478865,0.45100101636025575,0.49136905473678577,0.005946338552249019,3
taco,R2,oracle_delta,C,8,mse_ratio_to_zero,0.6369454548221508,0.6152513432972923,0.6597219229060218,0.008876741883738035,3
taco,R2,oracle_delta,C,1,mse_ratio_to_last,1.0334436050519245,0.9977131965071644,1.0703615768611394,0.0016070211774553893,3
taco,R2,oracle_delta,C,4,mse_ratio_to_last,0.9380230390359746,0.8954386715539427,0.9812406554567538,0.011874723976345505,3
taco,R2,oracle_delta,C,8,mse_ratio_to_last,0.8521156607132089,0.8103319476220362,0.8909309374531829,0.011875463597923035,3
taco,R2,oracle_delta,H,1,mse_ratio_to_zero,0.1745277899773189,0.1561237019176492,0.19687420260751315,0.004025432139312541,3
taco,R2,oracle_delta,H,4,mse_ratio_to_zero,0.3134250734373979,0.281301736763711,0.35261261842589475,0.008891169416316727,3
taco,R2,oracle_delta,H,8,mse_ratio_to_zero,0.4727710303269143,0.4245111537784912,0.5223569097195756,0.01190143706863448,3
taco,R2,oracle_delta,H,1,mse_ratio_to_last,0.6910712407327633,0.6418741232504503,0.7419803221354155,0.015939338314702633,3
taco,R2,oracle_delta,H,4,mse_ratio_to_last,0.43052866204710305,0.3876757013071663,0.4802525469780712,0.01221314756984373,3
taco,R2,oracle_delta,H,8,mse_ratio_to_last,0.3822604035799177,0.33087747955615143,0.44296051180465507,0.00962294169061444,3
taco,R2,oracle,C,1,mse_ratio_to_zero,0.6022450064363775,0.5857180569727186,0.6173090218108606,0.011705742886414029,3
taco,R2,oracle,C,4,mse_ratio_to_zero,0.7084081310430694,0.6905695079266239,0.7253102674671726,0.011248643555977437,3
taco,R2,oracle,C,8,mse_ratio_to_zero,0.7993576911650612,0.7816093122258617,0.8158982211418466,0.013370147375138228,3
taco,R2,oracle,C,1,mse_ratio_to_last,3.1088927620682756,2.839868674037436,3.3751878281105183,0.06042699615827574,3
taco,R2,oracle,C,4,mse_ratio_to_last,1.414677069925754,1.307077268864034,1.5194340802399062,0.022463274079106567,3
taco,R2,oracle,C,8,mse_ratio_to_last,1.0693933083225973,0.9960906115173962,1.1410068925630328,0.017886790876649267,3
taco,R2,oracle,H,1,mse_ratio_to_zero,0.24065853567414425,0.20603109207468798,0.2841574013410095,0.001961939591998422,3
taco,R2,oracle,H,4,mse_ratio_to_zero,0.2831645110998161,0.24358616412498385,0.3329623467035466,0.0019498146504728531,3
taco,R2,oracle,H,8,mse_ratio_to_zero,0.356164546920234,0.3132625391486536,0.40836412608664246,0.004781573365335986,3
taco,R2,oracle,H,1,mse_ratio_to_last,0.9529267107712432,0.840944977015201,1.0782751270929851,0.0077686477225711046,3
taco,R2,oracle,H,4,mse_ratio_to_last,0.3889619830539043,0.33802826740326936,0.454036151579198,0.0026783051804691728,3
taco,R2,oracle,H,8,mse_ratio_to_last,0.2879778893229627,0.24786756992677592,0.33781591712340986,0.0038661486816562295,3
taco,R2,zero,C,1,mse_ratio_to_zero,0.9866056793293115,0.9770496377845644,0.9961588810964228,0.01764309840028857,3
taco,R2,zero,C,4,mse_ratio_to_zero,0.9859299467575462,0.9760517849252844,0.9959458477378514,0.018619255530954146,3
taco,R2,zero,C,8,mse_ratio_to_zero,0.9855178411513901,0.9752845283539562,0.99596342879023,0.019241982052033802,3
taco,R2,zero,C,1,mse_ratio_to_last,5.0930289544980765,4.710822534367529,5.516624806309989,0.09107657420016071,3
taco,R2,zero,C,4,mse_ratio_to_last,1.9688826639769632,1.8370485024798395,2.1080829518715483,0.037182296815786296,3
taco,R2,zero,C,8,mse_ratio_to_last,1.3184412888099746,1.236020359589633,1.4014848589565605,0.02574220402032912,3
taco,R2,zero,C,1,residual_energy,0.11309205019770126,0.10078327706909584,0.12559227807662066,0.0,1
taco,R2,zero,C,1,last_residual_mse,0.021907839128521844,0.0203806098107626,0.023577609315033974,0.0,1
taco,R2,zero,C,4,residual_energy,0.11109396686200514,0.09864039527283001,0.12373117902461939,0.0,1
taco,R2,zero,C,4,last_residual_mse,0.05563097833981583,0.051571330962823014,0.060029967361408886,0.0,1
taco,R2,zero,C,8,residual_energy,0.10977782179314838,0.09721614061930389,0.12268663338300559,0.0,1
taco,R2,zero,C,8,last_residual_mse,0.0820575044623611,0.075717574958733,0.08910263329869311,0.0,1
taco,R2,zero,H,1,mse_ratio_to_zero,1.006895369962506,1.0005078665825275,1.0135776750130452,0.018104539463654028,3
taco,R2,zero,H,4,mse_ratio_to_zero,1.0068102432417223,1.0001956890624688,1.013426265513684,0.01829642167631664,3
taco,R2,zero,H,8,mse_ratio_to_zero,1.0062250643372552,0.999094804692926,1.013255918133471,0.018250329754840585,3
taco,R2,zero,H,1,mse_ratio_to_last,3.9869663891262968,3.5875938486736647,4.39961075316972,0.0716878086989755,3
taco,R2,zero,H,4,mse_ratio_to_last,1.3829801879100603,1.265158817417121,1.5189710835471462,0.02513246211785593,3
taco,R2,zero,H,8,mse_ratio_to_last,0.8135862278190246,0.752775581210683,0.8906839213645362,0.014756356420920802,3
taco,R2,zero,H,1,residual_energy,0.158296373976112,0.1367983825640624,0.1788130778378651,0.0,1
taco,R2,zero,H,1,last_residual_mse,0.039977233435702156,0.035556346512854234,0.044229546827718395,0.0,1
taco,R2,zero,H,4,residual_energy,0.15694407363063054,0.13461780014988092,0.17781329927359288,0.0,1
taco,R2,zero,H,4,last_residual_mse,0.11425536123275107,0.09994695986426297,0.1273965110934111,0.0,1
taco,R2,zero,H,8,residual_energy,0.15177616638932961,0.12869270748344647,0.1746449311809686,0.0,1
taco,R2,zero,H,8,last_residual_mse,0.18771333334803778,0.16285028982683286,0.2116511605961922,0.0,1
taco,R2,last,C,1,mse_ratio_to_zero,0.19371688010097768,0.17841457217763207,0.20994439944123514,0.0,1
taco,R2,last,C,4,mse_ratio_to_zero,0.5007560708397207,0.46635809157512526,0.5387917270989064,0.0,1
taco,R2,last,C,8,mse_ratio_to_zero,0.7474870891224278,0.701483184148142,0.8002159056492057,0.0,1
taco,R2,last,C,1,mse_ratio_to_last,1.0,1.0,1.0,0.0,1
taco,R2,last,C,4,mse_ratio_to_last,1.0,1.0,1.0,0.0,1
taco,R2,last,C,8,mse_ratio_to_last,1.0,1.0,1.0,0.0,1
taco,R2,last,H,1,mse_ratio_to_zero,0.2525467414795932,0.2289652780247237,0.2809060408475514,0.0,1
taco,R2,last,H,4,mse_ratio_to_zero,0.728000481889187,0.6610351526988886,0.7971508002928716,0.0,1
taco,R2,last,H,8,mse_ratio_to_zero,1.2367774059236922,1.12654338039125,1.3384213007258992,0.0,1
taco,R2,last,H,1,mse_ratio_to_last,1.0,1.0,1.0,0.0,1
taco,R2,last,H,4,mse_ratio_to_last,1.0,1.0,1.0,0.0,1
taco,R2,last,H,8,mse_ratio_to_last,1.0,1.0,1.0,0.0,1
taco,R3,decoder,C,0,decoder_r2_test,0.8967800339063009,,,0.0017996441345726505,3
taco,R3,decoder,H,0,decoder_r2_test,0.847799022992452,,,0.002538692403127908,3
taco,R3,condmean,C,1,mse_ratio_to_zero,0.9337254180613719,0.9122262480339873,0.9518178914859814,0.014356273139005072,3
taco,R3,condmean,C,4,mse_ratio_to_zero,0.9561812669426103,0.9368170087515676,0.9729464499779035,0.0164849693569945,3
taco,R3,condmean,C,8,mse_ratio_to_zero,0.972879086877367,0.9544426391601034,0.9894186194863169,0.016554186548811044,3
taco,R3,condmean,C,1,mse_ratio_to_last,4.735435157123744,4.329416906072769,5.142736497294727,0.0728085602705992,3
taco,R3,condmean,C,4,mse_ratio_to_last,1.912892248119694,1.7616056186352886,2.06379744955284,0.032979103705500196,3
taco,R3,condmean,C,8,mse_ratio_to_last,1.2995470871720378,1.2061559950115233,1.397340386680138,0.02211270666512506,3
taco,R3,condmean,H,1,mse_ratio_to_zero,0.556191107404188,0.5103332801517906,0.6073306872780077,0.004359156528199731,3
taco,R3,condmean,H,4,mse_ratio_to_zero,0.6963342284173082,0.6484036050282707,0.748876586461377,0.011863801284739918,3
taco,R3,condmean,H,8,mse_ratio_to_zero,0.7786617945594604,0.7321529569529309,0.8302080630342333,0.006501306610201301,3
taco,R3,condmean,H,1,mse_ratio_to_last,2.2664559678862513,2.075159304769943,2.4650222897499288,0.01776334705144446,3
taco,R3,condmean,H,4,mse_ratio_to_last,0.980141139761995,0.9019578050252186,1.0646133231382975,0.016699163446311487,3
taco,R3,condmean,H,8,mse_ratio_to_last,0.6428453324240896,0.5863917303283815,0.7120647920269418,0.005367335986520919,3
taco,R3,history_delta,C,1,mse_ratio_to_zero,0.1870706810964867,0.17516661234592343,0.20028735231678754,0.004193190360837557,3
taco,R3,history_delta,C,4,mse_ratio_to_zero,0.43453083500280415,0.4125245195973698,0.45889067919723964,0.012729772738455257,3
taco,R3,history_delta,C,8,mse_ratio_to_zero,0.6077707492699489,0.5793164065001382,0.6382190724605621,0.015450122438260513,3
taco,R3,history_delta,C,1,mse_ratio_to_last,0.9487383153503929,0.9290584500474539,0.9694305375726017,0.021265937241721943,3
taco,R3,history_delta,C,4,mse_ratio_to_last,0.8693023954585912,0.8420125241134111,0.8970473886533692,0.02546658022689561,3
taco,R3,history_delta,C,8,mse_ratio_to_last,0.8118446758036727,0.7823326593907854,0.840113558894365,0.02063788806083998,3
taco,R3,history_delta,H,1,mse_ratio_to_zero,0.19150011721640178,0.1742197650370102,0.2099255171866771,0.0016574067278653103,3
taco,R3,history_delta,H,4,mse_ratio_to_zero,0.460372354150794,0.42374603638770536,0.5002104205668357,0.003530087888527647,3
taco,R3,history_delta,H,8,mse_ratio_to_zero,0.6574663933096562,0.6089812280505602,0.7173629914537358,0.008963266410703021,3
taco,R3,history_delta,H,1,mse_ratio_to_last,0.780355129267862,0.7379399646556886,0.8259844791019447,0.006753865015213335,3
taco,R3,history_delta,H,4,mse_ratio_to_last,0.6480076168851681,0.597686406622238,0.7126260483808218,0.004968854430191299,3
taco,R3,history_delta,H,8,mse_ratio_to_last,0.5427891866762685,0.4871822711726432,0.606603818649049,0.007399858436499749,3
taco,R3,history,C,1,mse_ratio_to_zero,0.7104208416682882,0.6886924244197324,0.7288724016906398,0.01068873975415645,3
taco,R3,history,C,4,mse_ratio_to_zero,0.7715948808907855,0.7516094887084479,0.789515639984027,0.011168589894357688,3
taco,R3,history,C,8,mse_ratio_to_zero,0.830630129503362,0.8129194138742908,0.8486144317460895,0.012825164146001345,3
taco,R3,history,C,1,mse_ratio_to_last,3.6029348295714207,3.2809200497216664,3.9212945077660595,0.05420842352753554,3
taco,R3,history,C,4,mse_ratio_to_last,1.5436172171248048,1.4156028742940985,1.6639650070237815,0.022343380451959386,3
taco,R3,history,C,8,mse_ratio_to_last,1.109534555602481,1.0256745096193163,1.196394987078266,0.01713157830326709,3
taco,R3,history,H,1,mse_ratio_to_zero,0.43668033417339464,0.3915309344735607,0.4929053292430817,0.005930213055404397,3
taco,R3,history,H,4,mse_ratio_to_zero,0.5524365060650527,0.5015412446658885,0.6093263476058759,0.007265422332166065,3
taco,R3,history,H,8,mse_ratio_to_zero,0.7113252286472894,0.635853335452932,0.7957213094901636,0.007750264333634146,3
taco,R3,history,H,1,mse_ratio_to_last,1.7794544649679531,1.6198238604358943,1.9491190285076845,0.02416539889456853,3
taco,R3,history,H,4,mse_ratio_to_last,0.7775946156365567,0.7038430922982051,0.8616518051597618,0.010226609311127646,3
taco,R3,history,H,8,mse_ratio_to_last,0.5872538068085348,0.5142415745075287,0.681314825764454,0.006398443058095993,3
taco,R3,oracle_delta,C,1,mse_ratio_to_zero,0.19967287250183327,0.18831067991131173,0.21192512884394615,0.001706645980833086,3
taco,R3,oracle_delta,C,4,mse_ratio_to_zero,0.47665617635115803,0.4583429949981392,0.49664551152275677,0.005864406800119605,3
taco,R3,oracle_delta,C,8,mse_ratio_to_zero,0.6541037553748865,0.630831142317952,0.6772036052404394,0.00890032714761659,3
taco,R3,oracle_delta,C,1,mse_ratio_to_last,1.0126509593497217,0.978943987323167,1.0473199888044487,0.008655359117385311,3
taco,R3,oracle_delta,C,4,mse_ratio_to_last,0.9535764151455912,0.9042020981216826,1.0030448906620175,0.011732057247652734,3
taco,R3,oracle_delta,C,8,mse_ratio_to_last,0.8737351244069591,0.8255285670121998,0.9210831120919958,0.011888803699367801,3
taco,R3,oracle_delta,H,1,mse_ratio_to_zero,0.1680675327873736,0.14953481943315863,0.1890245056509542,0.0012747630316924934,3
taco,R3,oracle_delta,H,4,mse_ratio_to_zero,0.2953439889817448,0.26429527070527636,0.3341584862550633,0.008951383955803851,3
taco,R3,oracle_delta,H,8,mse_ratio_to_zero,0.44322219171302535,0.3972200245152231,0.49181493984058267,0.010923930532302804,3
taco,R3,oracle_delta,H,1,mse_ratio_to_last,0.6848683080742705,0.6302113323376748,0.738590635412824,0.005194610114762013,3
taco,R3,oracle_delta,H,4,mse_ratio_to_last,0.41571817407335443,0.37405284467352035,0.46040376109406445,0.012599726410299269,3
taco,R3,oracle_delta,H,8,mse_ratio_to_last,0.3659140838298006,0.3169007094509615,0.4261157955179915,0.00901855200824763,3
taco,R3,oracle,C,1,mse_ratio_to_zero,0.6231924497398711,0.6007479218595834,0.642824340936364,0.011546525823163883,3
taco,R3,oracle,C,4,mse_ratio_to_zero,0.730902004224329,0.7083682841621401,0.750450309672323,0.011424343480814753,3
taco,R3,oracle,C,8,mse_ratio_to_zero,0.8280361500836042,0.805615818229105,0.8476188426838966,0.012868838028851286,3
taco,R3,oracle,C,1,mse_ratio_to_last,3.1605516772579585,2.860357579969331,3.4441640165321634,0.05855875717111775,3
taco,R3,oracle,C,4,mse_ratio_to_last,1.4622089203717714,1.336957945041363,1.578754271756917,0.022855013585250772,3
taco,R3,oracle,C,8,mse_ratio_to_last,1.1060695840098134,1.0194904214461054,1.1953856701527696,0.017189860081823327,3
taco,R3,oracle,H,1,mse_ratio_to_zero,0.2344346774283138,0.19762940751041935,0.2805618310971178,0.003417342270509664,3
taco,R3,oracle,H,4,mse_ratio_to_zero,0.26996070590862165,0.22943721489391358,0.3199674499526767,0.0015197629945192892,3
taco,R3,oracle,H,8,mse_ratio_to_zero,0.34562949726523473,0.3035059156747611,0.3969948828279753,0.00025609829587754204,3
taco,R3,oracle,H,1,mse_ratio_to_last,0.9553117025130079,0.8306213045395402,1.0883550543296128,0.013925520181463346,3
taco,R3,oracle,H,4,mse_ratio_to_last,0.3799893545110302,0.32939326961456616,0.4459200642453456,0.002139192117151905,3
taco,R3,oracle,H,8,mse_ratio_to_last,0.2853437918971561,0.2462638326991023,0.3324594228158843,0.00021143608886444625,3
taco,R3,zero,C,1,mse_ratio_to_zero,1.019190632300844,1.0093125047071196,1.0284220949525404,0.018241337301466595,3
taco,R3,zero,C,4,mse_ratio_to_zero,1.0198387682440997,1.0094115162632362,1.0294343949347255,0.018891380603273816,3
taco,R3,zero,C,8,mse_ratio_to_zero,1.020776745462327,1.0098135883666608,1.0308792743647144,0.01988856352085563,3
taco,R3,zero,C,1,mse_ratio_to_last,5.1688762656039975,4.766005681563535,5.57677699238418,0.09251185522753992,3
taco,R3,zero,C,4,mse_ratio_to_last,2.04024251630017,1.8952170825366284,2.191392004442944,0.03779329707860653,3
taco,R3,zero,C,8,mse_ratio_to_last,1.3635275586777347,1.2703532185475008,1.461940566599486,0.02656659114167632,3
taco,R3,zero,C,1,residual_energy,0.10524020955333396,0.09415672827956362,0.1165089829558414,0.0,1
taco,R3,zero,C,1,last_residual_mse,0.020751093701331262,0.019324757086512025,0.022277530459512463,0.0,1
taco,R3,zero,C,4,residual_energy,0.10338964850980585,0.09193890430765439,0.11488710890968427,0.0,1
taco,R3,zero,C,4,last_residual_mse,0.05168050902921087,0.047986912314110314,0.05550843741381446,0.0,1
taco,R3,zero,C,8,residual_energy,0.10229741320070608,0.09071273842494848,0.11418845356035973,0.0,1
taco,R3,zero,C,8,last_residual_mse,0.07658284561369225,0.07039545543838406,0.08304013461618516,0.0,1
taco,R3,zero,H,1,mse_ratio_to_zero,1.0007992461769935,0.9936091727105685,1.0089050766678913,0.01745697146305344,3
taco,R3,zero,H,4,mse_ratio_to_zero,1.000748396404366,0.9932040152911465,1.009141709428528,0.018104507755724978,3
taco,R3,zero,H,8,mse_ratio_to_zero,1.0007495971167792,0.9929603556559692,1.009344626447683,0.01885807223334075,3
taco,R3,zero,H,1,mse_ratio_to_last,4.078215911685805,3.6611633629764455,4.5113106604865125,0.07113645050747607,3
taco,R3,zero,H,4,mse_ratio_to_last,1.4086262513566012,1.2876429559746119,1.5493990278023992,0.025483434623202194,3
taco,R3,zero,H,8,mse_ratio_to_last,0.8261959324661379,0.7641745213473622,0.902021405273189,0.015568782560764794,3
taco,R3,zero,H,1,residual_energy,0.15923560812926227,0.13699965313176235,0.18008895818124118,0.0,1
taco,R3,zero,H,1,last_residual_mse,0.039076615861278724,0.03475957307623094,0.04316328165545505,0.0,1
taco,R3,zero,H,4,residual_energy,0.15781864597750597,0.134919627116367,0.17913459038611104,0.0,1
taco,R3,zero,H,4,last_residual_mse,0.11212112278370064,0.09811453341036928,0.12471802692765702,0.0,1
taco,R3,zero,H,8,residual_energy,0.15254363139714686,0.1292699395415631,0.17496200131191617,0.0,1
taco,R3,zero,H,8,last_residual_mse,0.18477212446175043,0.16042951529447583,0.2077808435756844,0.0,1
taco,R3,last,C,1,mse_ratio_to_zero,0.19717837687138923,0.18264358542232953,0.21332814357811544,0.0,1
taco,R3,last,C,4,mse_ratio_to_zero,0.49986154101596836,0.46665351148105905,0.5356090786276247,0.0,1
taco,R3,last,C,8,mse_ratio_to_zero,0.7486293467014438,0.6991859169225997,0.8006691462738449,0.0,1
taco,R3,last,C,1,mse_ratio_to_last,1.0,1.0,1.0,0.0,1
taco,R3,last,C,4,mse_ratio_to_last,1.0,1.0,1.0,0.0,1
taco,R3,last,C,8,mse_ratio_to_last,1.0,1.0,1.0,0.0,1
taco,R3,last,H,1,mse_ratio_to_zero,0.24540124109399955,0.22173578001737365,0.2741346385516815,0.0,1
taco,R3,last,H,4,mse_ratio_to_zero,0.710442812946712,0.647220433995298,0.7781875933146952,0.0,1
taco,R3,last,H,8,mse_ratio_to_zero,1.2112739336898097,1.110045393843009,1.3088496538370704,0.0,1
taco,R3,last,H,1,mse_ratio_to_last,1.0,1.0,1.0,0.0,1
taco,R3,last,H,4,mse_ratio_to_last,1.0,1.0,1.0,0.0,1
taco,R3,last,H,8,mse_ratio_to_last,1.0,1.0,1.0,0.0,1
arctic,R2,decoder,C,0,decoder_r2_test,0.743804136912028,,,0.0016638993336468336,3
arctic,R2,decoder,H,0,decoder_r2_test,0.6921873291333517,,,0.0027989041888216467,3
arctic,R2,condmean,C,1,mse_ratio_to_zero,0.9667805366831548,0.9283170496473634,0.9926725836435422,0.007599522100542846,3
arctic,R2,condmean,C,4,mse_ratio_to_zero,0.9711916886374858,0.9356435108346264,0.9954503300194394,0.00784518001230914,3
arctic,R2,condmean,C,8,mse_ratio_to_zero,0.9754703138593082,0.9442887023848867,0.9973866382721984,0.008164435844673445,3
arctic,R2,condmean,C,1,mse_ratio_to_last,11.060312466492082,9.326153229023044,13.290123329935142,0.08694102660885981,3
arctic,R2,condmean,C,4,mse_ratio_to_last,3.7332079700532015,3.120299209003949,4.535725289828514,0.03015635398257161,3
arctic,R2,condmean,C,8,mse_ratio_to_last,2.3106949621869632,1.9531852174791713,2.7989161642574274,0.01933995441680295,3
arctic,R2,condmean,H,1,mse_ratio_to_zero,0.6769694966363164,0.5622362882696093,0.803609190024206,0.01009907062299182,3
arctic,R2,condmean,H,4,mse_ratio_to_zero,0.7137266705877158,0.6046867423859934,0.8397960475136997,0.01261252060325913,3
arctic,R2,condmean,H,8,mse_ratio_to_zero,0.7949813779134156,0.6930260003330736,0.9143216413396893,0.01912581316340453,3
arctic,R2,condmean,H,1,mse_ratio_to_last,8.042934115554283,6.01059098748294,10.31924459724687,0.11998509398544482,3
arctic,R2,condmean,H,4,mse_ratio_to_last,2.7209698573093783,2.1295500975767263,3.419731629685183,0.04808328482680419,3
arctic,R2,condmean,H,8,mse_ratio_to_last,1.6622490397265872,1.3621597514565398,1.980043594921819,0.03999068016979979,3
arctic,R2,history_delta,C,1,mse_ratio_to_zero,0.09010372029978911,0.07862434184747186,0.10228371912216493,0.0011545489703418197,3
arctic,R2,history_delta,C,4,mse_ratio_to_zero,0.26601421753364196,0.23175557425309626,0.29853240887806526,0.004270502184321305,3
arctic,R2,history_delta,C,8,mse_ratio_to_zero,0.4115167530128147,0.3580798645653557,0.46207194277153313,0.005553061521341542,3
arctic,R2,history_delta,C,1,mse_ratio_to_last,1.0308185395706648,0.9919300532691944,1.0744275936545797,0.013208452971178073,3
arctic,R2,history_delta,C,4,mse_ratio_to_last,1.0225441678123186,0.9619772178904238,1.087082365615475,0.016415576649101503,3
arctic,R2,history_delta,C,8,mse_ratio_to_last,0.974801256924149,0.9218316682974895,1.034128877397109,0.013154090160242713,3
arctic,R2,history_delta,H,1,mse_ratio_to_zero,0.07491185525250182,0.059098620062331304,0.09756772640587703,0.0006002482689569362,3
arctic,R2,history_delta,H,4,mse_ratio_to_zero,0.2515976348206573,0.2031118391412116,0.3203459757301462,0.00392745453436676,3
arctic,R2,history_delta,H,8,mse_ratio_to_zero,0.4773303448546613,0.40286301423671494,0.5792851408621507,0.00831031612988932,3
arctic,R2,history_delta,H,1,mse_ratio_to_last,0.8900122077339241,0.8145094565070148,0.9658319268068506,0.007131430327716202,3
arctic,R2,history_delta,H,4,mse_ratio_to_last,0.959176122637561,0.834745845905727,1.0769613206380253,0.014972809438617793,3
arctic,R2,history_delta,H,8,mse_ratio_to_last,0.9980635137008684,0.8748368312137178,1.1177184647047413,0.017376257210627317,3
arctic,R2,history,C,1,mse_ratio_to_zero,0.6425398879763012,0.6101517778355174,0.6708461604813247,0.014074709561263114,3
arctic,R2,history,C,4,mse_ratio_to_zero,0.6982875760738156,0.6687748760874275,0.7240970519017393,0.01622502373317485,3
arctic,R2,history,C,8,mse_ratio_to_zero,0.7622400345573487,0.7337817847322684,0.7881678501666526,0.020249107266994835,3
arctic,R2,history,C,1,mse_ratio_to_last,7.350884366771032,6.197166184429044,8.830642726024239,0.16101984199847882,3
arctic,R2,history,C,4,mse_ratio_to_last,2.684179420897982,2.263575255911268,3.2434981495948776,0.06236813301777178,3
arctic,R2,history,C,8,mse_ratio_to_last,1.8055948836213531,1.5528875522119583,2.1507535997576634,0.047966116717769756,3
arctic,R2,history,H,1,mse_ratio_to_zero,0.2598155373944075,0.20108767095774127,0.3502467413435919,0.007427567679363398,3
arctic,R2,history,H,4,mse_ratio_to_zero,0.3458453210838752,0.2751006444492386,0.45460727066348533,0.009723650883521028,3
arctic,R2,history,H,8,mse_ratio_to_zero,0.5612817321266109,0.45713737905403673,0.6930139214220804,0.006146402346765349,3
arctic,R2,history,H,1,mse_ratio_to_last,3.086814486980015,2.5882513917601875,3.693493977120011,0.08824543993726838,3
arctic,R2,history,H,4,mse_ratio_to_last,1.318480495041353,1.1249801254769054,1.5393798394980212,0.03706992139347917,3
arctic,R2,history,H,8,mse_ratio_to_last,1.1735998429200314,0.9665462129559497,1.3866743746290855,0.012851649154100789,3
arctic,R2,oracle_delta,C,1,mse_ratio_to_zero,0.08973287571814785,0.07851012418215653,0.10174394710648824,0.0010893022164054438,3
arctic,R2,oracle_delta,C,4,mse_ratio_to_zero,0.2627234075790319,0.2286288159918195,0.29490695326758465,0.004091126043176293,3
arctic,R2,oracle_delta,C,8,mse_ratio_to_zero,0.4064678963746471,0.35441075866469407,0.45617294374440504,0.005077100226805751,3
arctic,R2,oracle_delta,C,1,mse_ratio_to_last,1.0265759459376467,0.9846874004218786,1.0722627019422526,0.012462029531390154,3
arctic,R2,oracle_delta,C,4,mse_ratio_to_last,1.0098944735303215,0.9413133193621799,1.0824403761054844,0.01572609269302076,3
arctic,R2,oracle_delta,C,8,mse_ratio_to_last,0.962841520750875,0.9032716689689063,1.0266573454730346,0.012026641634505026,3
arctic,R2,oracle_delta,H,1,mse_ratio_to_zero,0.06840240251056287,0.05394587419814183,0.09067172073523945,0.00052684567630767,3
arctic,R2,oracle_delta,H,4,mse_ratio_to_zero,0.19928111285557185,0.16069338030378535,0.2564253350048852,0.0010603270161646883,3
arctic,R2,oracle_delta,H,8,mse_ratio_to_zero,0.3805180626730089,0.3212520087421923,0.45920378994622957,0.004287649193925261,3
arctic,R2,oracle_delta,H,1,mse_ratio_to_last,0.8126747504454229,0.7535445784979599,0.8768442964528914,0.006259362681913248,3
arctic,R2,oracle_delta,H,4,mse_ratio_to_last,0.7597276710488842,0.6518945213456178,0.8648251071921752,0.004042341068456536,3
arctic,R2,oracle_delta,H,8,mse_ratio_to_last,0.7956359756966787,0.6789324227068929,0.9048730863253011,0.008965170980311113,3
arctic,R2,oracle,C,1,mse_ratio_to_zero,0.6018783508672496,0.5674938005907808,0.6321933894274331,0.015074254218912002,3
arctic,R2,oracle,C,4,mse_ratio_to_zero,0.6653351400740335,0.6277604033838035,0.6954866449383964,0.011157045983931607,3
arctic,R2,oracle,C,8,mse_ratio_to_zero,0.7518315969874908,0.713670799469579,0.7812231701520715,0.019158701723592596,3
arctic,R2,oracle,C,1,mse_ratio_to_last,6.885701950773175,5.757233569335157,8.26672435902027,0.17245491555048004,3
arctic,R2,oracle,C,4,mse_ratio_to_last,2.557512051164165,2.1363825332642175,3.0968033428791255,0.04288707494414641,3
arctic,R2,oracle,C,8,mse_ratio_to_last,1.7809393672871296,1.5133945134972362,2.128465447219872,0.04538317709637625,3
arctic,R2,oracle,H,1,mse_ratio_to_zero,0.1845460834313161,0.14076907837043776,0.25134659231467527,0.010293354259187225,3
arctic,R2,oracle,H,4,mse_ratio_to_zero,0.2336252436781103,0.18207673156027107,0.30733864954095247,0.004785341399471058,3
arctic,R2,oracle,H,8,mse_ratio_to_zero,0.3722017584542124,0.30094575073022584,0.4620586805201412,0.0024348338595284558,3
arctic,R2,oracle,H,1,mse_ratio_to_last,2.192553723168793,1.7917763837886198,2.6397379826294745,0.12229317236201116,3
arctic,R2,oracle,H,4,mse_ratio_to_last,0.8906592287370207,0.7297373029115759,1.0631465018970627,0.018243398958611424,3
arctic,R2,oracle,H,8,mse_ratio_to_last,0.7782471800772746,0.627668345110268,0.9266163939540587,0.005091059153176618,3
arctic,R2,zero,C,1,mse_ratio_to_zero,1.0082964165997386,0.998630677060513,1.0184672939930914,0.006579177443810225,3
arctic,R2,zero,C,4,mse_ratio_to_zero,1.0083479803177129,0.9985779021048493,1.0184174407016948,0.0066303224048881145,3
arctic,R2,zero,C,8,mse_ratio_to_zero,1.0079048241627788,0.9983919146042304,1.0176110717236306,0.006465780802796525,3
arctic,R2,zero,C,1,mse_ratio_to_last,11.535268867428883,9.918013047841646,13.636921617805237,0.0752679118910228,3
arctic,R2,zero,C,4,mse_ratio_to_last,3.8760347321240847,3.295286727144456,4.661724179466314,0.025486648518133724,3
arctic,R2,zero,C,8,mse_ratio_to_last,2.3875258595442768,2.0495810849651344,2.867644970874299,0.015316158079588377,3
arctic,R2,zero,C,1,residual_energy,0.1973820596147904,0.15960431501989505,0.23843672510233369,0.0,1
arctic,R2,zero,C,1,last_residual_mse,0.017253141274636716,0.014686985454604597,0.01995273935221453,0.0,1
arctic,R2,zero,C,4,residual_energy,0.19655706662776268,0.1590235738979534,0.23785002056031185,0.0,1
arctic,R2,zero,C,4,last_residual_mse,0.051134196375651496,0.04201835410615961,0.060400587507794874,0.0,1
arctic,R2,zero,C,8,residual_energy,0.1959249266217658,0.15859875931802694,0.2370670059851268,0.0,1
arctic,R2,zero,C,8,last_residual_mse,0.08271059261050658,0.06714451720469294,0.09969958592548542,0.0,1
arctic,R2,zero,H,1,mse_ratio_to_zero,0.9877139061061918,0.9779619136665585,1.0012897833965346,0.009083394472055266,3
arctic,R2,zero,H,4,mse_ratio_to_zero,0.9874802466974939,0.9774209945990002,1.0012775977246295,0.009291875206076949,3
arctic,R2,zero,H,8,mse_ratio_to_zero,0.9873750936764254,0.9771190217863279,1.001132797876653,0.009350655882638776,3
arctic,R2,zero,H,1,mse_ratio_to_last,11.734823963710484,8.697457630272584,15.174679364712688,0.10791805871544127,3
arctic,R2,zero,H,4,mse_ratio_to_last,3.7646119959897084,2.9019823505311644,4.620296435291335,0.03542381447466849,3
arctic,R2,zero,H,8,mse_ratio_to_last,2.0645304995966125,1.6789558415270924,2.417485538791027,0.019551552110086412,3
arctic,R2,zero,H,1,residual_energy,0.3141286047983817,0.23873288887318073,0.3911231722914646,0.0,1
arctic,R2,zero,H,1,last_residual_mse,0.02644003797795297,0.022767079238439465,0.030896272488635215,0.0,1
arctic,R2,zero,H,4,residual_energy,0.31510182178633933,0.2361681020147164,0.3959773202609259,0.0,1
arctic,R2,zero,H,4,last_residual_mse,0.08265309281377925,0.0706983538464073,0.0954063448849352,0.0,1
arctic,R2,zero,H,8,residual_energy,0.3253569313306971,0.24125641981809987,0.411796657320332,0.0,1
arctic,R2,zero,H,8,last_residual_mse,0.15560406136586022,0.1290724743961707,0.1836538307352874,0.0,1
arctic,R2,last,C,1,mse_ratio_to_zero,0.08740987559005026,0.07378385015307201,0.10126751211188809,0.0,1
arctic,R2,last,C,4,mse_ratio_to_zero,0.2601493665576969,0.2157855355741882,0.30519883868685294,0.0,1
arctic,R2,last,C,8,mse_ratio_to_zero,0.422154516204974,0.3510898405059563,0.4941213332358322,0.0,1
arctic,R2,last,C,1,mse_ratio_to_last,1.0,1.0,1.0,0.0,1
arctic,R2,last,C,4,mse_ratio_to_last,1.0,1.0,1.0,0.0,1
arctic,R2,last,C,8,mse_ratio_to_last,1.0,1.0,1.0,0.0,1
arctic,R2,last,H,1,mse_ratio_to_zero,0.08416946936406214,0.06526258827714364,0.11374119401609838,0.0,1
arctic,R2,last,H,4,mse_ratio_to_zero,0.26230598206386674,0.2149648811564622,0.34139193604565504,0.0,1
arctic,R2,last,H,8,mse_ratio_to_zero,0.47825648197948545,0.40934217805325207,0.5880907181611345,0.0,1
arctic,R2,last,H,1,mse_ratio_to_last,1.0,1.0,1.0,0.0,1
arctic,R2,last,H,4,mse_ratio_to_last,1.0,1.0,1.0,0.0,1
arctic,R2,last,H,8,mse_ratio_to_last,1.0,1.0,1.0,0.0,1
arctic,R3,decoder,C,0,decoder_r2_test,0.762550155321757,,,0.005042994571443404,3
arctic,R3,decoder,H,0,decoder_r2_test,0.6978136698404948,,,0.0019681312510836098,3
arctic,R3,condmean,C,1,mse_ratio_to_zero,0.9498771700443626,0.9196522360665209,0.9741190342240553,0.020353978365295334,3
arctic,R3,condmean,C,4,mse_ratio_to_zero,0.9537911360746135,0.9253902409110967,0.9775742807936182,0.020642744841594625,3
arctic,R3,condmean,C,8,mse_ratio_to_zero,0.9568919173215605,0.9295646672689367,0.9793199682823773,0.020965903423466263,3
arctic,R3,condmean,C,1,mse_ratio_to_last,10.61312810038508,8.9807393998096,12.570725746623268,0.22741852947654675,3
arctic,R3,condmean,C,4,mse_ratio_to_last,3.48405686964397,2.9375363048282592,4.152998818141849,0.07540483112142257,3
arctic,R3,condmean,C,8,mse_ratio_to_last,2.136981915448025,1.8228946842629035,2.561251355322598,0.04682220759822254,3
arctic,R3,condmean,H,1,mse_ratio_to_zero,0.6744044988049595,0.5679078407757426,0.7946196290255271,0.014383954589769947,3
arctic,R3,condmean,H,4,mse_ratio_to_zero,0.7007445412870142,0.5962470531882902,0.8251589956854543,0.011151821716619315,3
arctic,R3,condmean,H,8,mse_ratio_to_zero,0.772791379332572,0.6741524731094126,0.8861530797854048,0.005217140428791526,3
arctic,R3,condmean,H,1,mse_ratio_to_last,7.976187851590466,5.996933530490126,10.185246036972176,0.170118917006843,3
arctic,R3,condmean,H,4,mse_ratio_to_last,2.6065426184955056,2.050962676518549,3.234767851441504,0.0414811242236069,3
arctic,R3,condmean,H,8,mse_ratio_to_last,1.578649641150775,1.3005825729511582,1.8615964933103117,0.010657568169619994,3
arctic,R3,history_delta,C,1,mse_ratio_to_zero,0.0894618967576165,0.0786732349678512,0.10075548271588274,0.0008327190150783734,3
arctic,R3,history_delta,C,4,mse_ratio_to_zero,0.26621042685117524,0.2321425328735786,0.2983062485848241,0.0028341353383297655,3
arctic,R3,history_delta,C,8,mse_ratio_to_zero,0.41434193742768993,0.3611694873377259,0.46526702997112185,0.006301726425019835,3
arctic,R3,history_delta,C,1,mse_ratio_to_last,0.9995719450207071,0.9634720524761365,1.0398993363942073,0.009304063729529013,3
arctic,R3,history_delta,C,4,mse_ratio_to_last,0.972427014009422,0.9165322664883153,1.0283425985532515,0.010352652227422692,3
arctic,R3,history_delta,C,8,mse_ratio_to_last,0.9253304485767967,0.8796015867445194,0.9739038220058871,0.01407336611337473,3
arctic,R3,history_delta,H,1,mse_ratio_to_zero,0.07524100682918108,0.059403474935523774,0.09899394097725407,0.00040501939266737583,3
arctic,R3,history_delta,H,4,mse_ratio_to_zero,0.25202200015804016,0.20436761258344696,0.3216103602437335,0.003068107335624693,3
arctic,R3,history_delta,H,8,mse_ratio_to_zero,0.4820582583295996,0.4065041183505153,0.5887613357597132,0.007717403417845821,3
arctic,R3,history_delta,H,1,mse_ratio_to_last,0.8898760397888618,0.8198077064103632,0.9682163506235484,0.0047901631963961,3
arctic,R3,history_delta,H,4,mse_ratio_to_last,0.9374401732818552,0.8184188868106586,1.0579494419629523,0.011412381641189634,3
arctic,R3,history_delta,H,8,mse_ratio_to_last,0.9847432526784073,0.8642411093940581,1.105445087634194,0.015765037525787798,3
arctic,R3,history,C,1,mse_ratio_to_zero,0.6162730355889766,0.5894435925355346,0.64588667294807,0.007594554165888218,3
arctic,R3,history,C,4,mse_ratio_to_zero,0.6732436991156663,0.6495812577429075,0.6987644076896368,0.009284867101503455,3
arctic,R3,history,C,8,mse_ratio_to_zero,0.7397440478286355,0.7129929514815017,0.7646129926619364,0.010910156806429894,3
arctic,R3,history,C,1,mse_ratio_to_last,6.885716256569799,5.836175697154305,8.117855804967082,0.08485535755251278,3
arctic,R3,history,C,4,mse_ratio_to_last,2.4592588944598464,2.087530594396837,2.9127961817759,0.03391625476516339,3
arctic,R3,history,C,8,mse_ratio_to_last,1.652035745787247,1.4323513580804632,1.9324852018183656,0.02436508031728315,3
arctic,R3,history,H,1,mse_ratio_to_zero,0.26572197393217284,0.20482448139157897,0.35939019756039825,0.005871134642565936,3
arctic,R3,history,H,4,mse_ratio_to_zero,0.35121198907292484,0.2748547893385168,0.46822008190843895,0.00791798773664155,3
arctic,R3,history,H,8,mse_ratio_to_zero,0.5763849294509668,0.46702714243973403,0.716347403796492,0.005724842741736467,3
arctic,R3,history,H,1,mse_ratio_to_last,3.1426960883773534,2.6127174182581214,3.779638359143787,0.0694380632617143,3
arctic,R3,history,H,4,mse_ratio_to_last,1.3063947896958394,1.0966375223325833,1.5556253399691122,0.029452349978786835,3
arctic,R3,history,H,8,mse_ratio_to_last,1.177432728129466,0.9664271273596535,1.4087310950226328,0.01169469815746476,3
arctic,R3,oracle_delta,C,1,mse_ratio_to_zero,0.08958034951347635,0.07902307991031189,0.10044614450231755,0.0006060403915901438,3
arctic,R3,oracle_delta,C,4,mse_ratio_to_zero,0.2658667631752535,0.23363198999288895,0.2956610408001435,0.003574062001692412,3
arctic,R3,oracle_delta,C,8,mse_ratio_to_zero,0.41199884951674964,0.3596827442642579,0.45886000456366755,0.0021370849382633156,3
arctic,R3,oracle_delta,C,1,mse_ratio_to_last,1.0008954364272071,0.9574060831100782,1.0464319859724351,0.006771430808266142,3
arctic,R3,oracle_delta,C,4,mse_ratio_to_last,0.9711716618199794,0.9028939272713374,1.0406483020284634,0.013055530583620618,3
arctic,R3,oracle_delta,C,8,mse_ratio_to_last,0.9200977400531426,0.8615616451926736,0.9816390032449583,0.004772657140090037,3
arctic,R3,oracle_delta,H,1,mse_ratio_to_zero,0.06742952107804107,0.05254220443452332,0.09023415573620708,0.0010898684237774462,3
arctic,R3,oracle_delta,H,4,mse_ratio_to_zero,0.1912419400111771,0.15341763337864783,0.2486298568544534,0.0022480739646713165,3
arctic,R3,oracle_delta,H,8,mse_ratio_to_zero,0.36230474975477467,0.3039315256879388,0.437039128450257,0.006181747963256502,3
arctic,R3,oracle_delta,H,1,mse_ratio_to_last,0.7974895301177065,0.7325688320697114,0.8698573393201651,0.012889860045973277,3
arctic,R3,oracle_delta,H,4,mse_ratio_to_last,0.711358045211977,0.6100036215931723,0.8256688023818323,0.008362122418340216,3
arctic,R3,oracle_delta,H,8,mse_ratio_to_last,0.740112116262953,0.6205373483144804,0.8599069445664005,0.012628023197887478,3
arctic,R3,oracle,C,1,mse_ratio_to_zero,0.564412737435483,0.5331454902814835,0.5962778228013563,0.016345422171731096,3
arctic,R3,oracle,C,4,mse_ratio_to_zero,0.6344280880610483,0.6022239391330191,0.6619549028302771,0.007331818804473371,3
arctic,R3,oracle,C,8,mse_ratio_to_zero,0.7281363671128781,0.6938305516844343,0.7567752150759202,0.023264159351058005,3
arctic,R3,oracle,C,1,mse_ratio_to_last,6.3062729295957585,5.281681893438452,7.488658856033171,0.18263012101625967,3
arctic,R3,oracle,C,4,mse_ratio_to_last,2.3174712522504195,1.943980686279089,2.765929471346357,0.026781969710775032,3
arctic,R3,oracle,C,8,mse_ratio_to_last,1.6261128559385156,1.391294151658774,1.909721783900187,0.05195478536662567,3
arctic,R3,oracle,H,1,mse_ratio_to_zero,0.17497995478438338,0.1333907740718249,0.23777449441161694,0.007586053410529219,3
arctic,R3,oracle,H,4,mse_ratio_to_zero,0.231981896578749,0.17914006020499945,0.3095278060212702,0.002221066414763882,3
arctic,R3,oracle,H,8,mse_ratio_to_zero,0.3688184451575516,0.29485622784970833,0.4640034461832044,0.0016284939119991552,3
arctic,R3,oracle,H,1,mse_ratio_to_last,2.0694894415683343,1.6981401183831875,2.4751213085769304,0.08972030267474482,3
arctic,R3,oracle,H,4,mse_ratio_to_last,0.8628974819288134,0.704661902562789,1.0404657624014109,0.008261629355770765,3
arctic,R3,oracle,H,8,mse_ratio_to_last,0.7534182208406723,0.595853469568321,0.9074658951355487,0.0033266475469620736,3
arctic,R3,zero,C,1,mse_ratio_to_zero,0.9798574739298153,0.9667217614890322,0.9927271046408588,0.02144604252207838,3
arctic,R3,zero,C,4,mse_ratio_to_zero,0.9798031911687219,0.9661092978433091,0.993266464123899,0.02185744388594215,3
arctic,R3,zero,C,8,mse_ratio_to_zero,0.9802177045452716,0.9659217675103954,0.9941089699395093,0.02186371165499895,3
arctic,R3,zero,C,1,mse_ratio_to_last,10.948102785175033,9.4461062034418,12.795914293435288,0.23961997443214042,3
arctic,R3,zero,C,4,mse_ratio_to_last,3.57907503013681,3.0696068230848828,4.230512863948508,0.07984196751228374,3
arctic,R3,zero,C,8,mse_ratio_to_last,2.1890743038968536,1.886385420853503,2.590864672254691,0.048827152914754784,3
arctic,R3,zero,C,1,residual_energy,0.18790381352971847,0.15588295611767503,0.22150640389543225,0.0,1
arctic,R3,zero,C,1,last_residual_mse,0.016817430351158822,0.01454083117574058,0.01901632134779114,0.0,1
arctic,R3,zero,C,4,residual_energy,0.18645998168176317,0.1549931253249462,0.21930061355699257,0.0,1
arctic,R3,zero,C,4,last_residual_mse,0.051045055926103214,0.04246247986490545,0.05957276258554823,0.0,1
arctic,R3,zero,C,8,residual_energy,0.18543682277315535,0.15480588847615834,0.21781859522380273,0.0,1
arctic,R3,zero,C,8,last_residual_mse,0.08303439332018003,0.06801568650362333,0.09844809402646727,0.0,1
arctic,R3,zero,H,1,mse_ratio_to_zero,0.9908428727620217,0.9732652866743533,1.009142241301873,0.006711161114145275,3
arctic,R3,zero,H,4,mse_ratio_to_zero,0.9909258848893546,0.97276939393512,1.0096488459293076,0.006605893263888239,3
arctic,R3,zero,H,8,mse_ratio_to_zero,0.9918221473814027,0.9733710482191194,1.0105159991391233,0.00596324918433983,3
arctic,R3,zero,H,1,mse_ratio_to_last,11.718707242558088,8.574253191604555,15.179885294628129,0.07937301532600116,3
arctic,R3,zero,H,4,mse_ratio_to_last,3.6859231839189768,2.8401625383747136,4.524044005638939,0.024571774483575982,3
arctic,R3,zero,H,8,mse_ratio_to_last,2.026083259884844,1.648118074785791,2.3800738502366663,0.012181649624515622,3
arctic,R3,zero,H,1,residual_energy,0.3072051737678423,0.23327817233406173,0.38210434592989817,0.0,1
arctic,R3,zero,H,1,last_residual_mse,0.025974883628634697,0.02242562553526473,0.030185828759996206,0.0,1
arctic,R3,zero,H,4,residual_energy,0.30773568726025813,0.2310136989526265,0.38671976795802965,0.0,1
arctic,R3,zero,H,4,last_residual_mse,0.08273185386521831,0.07156497796766549,0.09520605521337651,0.0,1
arctic,R3,zero,H,8,residual_energy,0.317538177451214,0.2359285768700666,0.40201720765337523,0.0,1
arctic,R3,zero,H,8,last_residual_mse,0.15544346240397852,0.12926740767070335,0.1836574734241366,0.0,1
arctic,R3,last,C,1,mse_ratio_to_zero,0.08950020776719898,0.07647927119767596,0.10376472871530967,0.0,1
arctic,R3,last,C,4,mse_ratio_to_zero,0.2737587736827269,0.2309673266850207,0.3202894107118179,0.0,1
arctic,R3,last,C,8,mse_ratio_to_zero,0.44777726493812886,0.37729302439877227,0.52160660147047,0.0,1
arctic,R3,last,C,1,mse_ratio_to_last,1.0,1.0,1.0,0.0,1
arctic,R3,last,C,4,mse_ratio_to_last,1.0,1.0,1.0,0.0,1
arctic,R3,last,C,8,mse_ratio_to_last,1.0,1.0,1.0,0.0,1
arctic,R3,last,H,1,mse_ratio_to_zero,0.08455223364260184,0.0650363273986484,0.11426854381174194,0.0,1
arctic,R3,last,H,4,mse_ratio_to_zero,0.2688406229442292,0.22098920711687867,0.34874412980645053,0.0,1
arctic,R3,last,H,8,mse_ratio_to_zero,0.48952684572191507,0.4186449457043578,0.6028809405926084,0.0,1
arctic,R3,last,H,1,mse_ratio_to_last,1.0,1.0,1.0,0.0,1
arctic,R3,last,H,4,mse_ratio_to_last,1.0,1.0,1.0,0.0,1
arctic,R3,last,H,8,mse_ratio_to_last,1.0,1.0,1.0,0.0,1
