dataset,threshold,reference,criterion,smallest_saturated,dim
taco,0.025,FULL,functional,R2,48
taco,0.025,FULL,temporal,R1,12
taco,0.025,FULL,both,R2,48
taco,0.025,best,functional,R3,60
taco,0.025,best,temporal,R4,90
taco,0.025,best,both,R5,102
taco,0.05,FULL,functional,R2,48
taco,0.05,FULL,temporal,R1,12
taco,0.05,FULL,both,R2,48
taco,0.05,best,functional,R3,60
taco,0.05,best,temporal,R2,48
taco,0.05,best,both,R3,60
taco,0.1,FULL,functional,R1,12
taco,0.1,FULL,temporal,R1,12
taco,0.1,FULL,both,R1,12
taco,0.1,best,functional,R3,60
taco,0.1,best,temporal,R2,48
taco,0.1,best,both,R3,60
arctic,0.025,FULL,functional,R2,48
arctic,0.025,FULL,temporal,R1,12
arctic,0.025,FULL,both,R2,48
arctic,0.025,best,functional,R3,60
arctic,0.025,best,temporal,R2,48
arctic,0.025,best,both,R3,60
arctic,0.05,FULL,functional,R2,48
arctic,0.05,FULL,temporal,R1,12
arctic,0.05,FULL,both,R2,48
arctic,0.05,best,functional,R3,60
arctic,0.05,best,temporal,R2,48
arctic,0.05,best,both,R3,60
arctic,0.1,FULL,functional,R2,48
arctic,0.1,FULL,temporal,R1,12
arctic,0.1,FULL,both,R2,48
arctic,0.1,best,functional,R2,48
arctic,0.1,best,temporal,R2,48
arctic,0.1,best,both,R2,48
