dataset,rep,dim,best_functional,best_temporal,functional_gap,functional_gap_lo,functional_gap_hi,functional_gap_best,functional_gap_best_lo,functional_gap_best_hi,temporal_gap,temporal_gap_lo,temporal_gap_hi,temporal_gap_best,temporal_gap_best_lo,temporal_gap_best_hi,functional_saturated_0.025,temporal_saturated_0.025,saturated_0.025,functional_saturated_0.025_best,temporal_saturated_0.025_best,saturated_0.025_best,functional_saturated_0.05,temporal_saturated_0.05,saturated_0.05,functional_saturated_0.05_best,temporal_saturated_0.05_best,saturated_0.05_best,functional_saturated_0.1,temporal_saturated_0.1,saturated_0.1,functional_saturated_0.1_best,temporal_saturated_0.1_best,saturated_0.1_best
taco,R0,6,R5,R5,0.16098525581149548,0.13468682899807638,0.18782203827099136,1.364319116249093,1.2941777302301178,1.4316809818705762,0.1534972360460254,0.13469098613202812,0.17223557680781007,0.467016889799335,0.44092738572750356,0.4939988338136052,False,False,False,False,False,False,False,False,False,False,False,False,False,False,False,False,False,False
taco,R1,12,R5,R5,0.09489911374082838,0.0716584074692255,0.11727871844848364,1.2297362451620537,1.1626296362001787,1.2962462668423058,-0.010674228742894698,-0.025060408019462087,0.005015048185461345,0.25822374826220806,0.23685765643372625,0.281797408408132,False,True,False,False,False,False,False,True,False,False,False,False,True,True,True,False,False,False
taco,R2,48,R5,R5,-0.44323922208054434,-0.4603572788805312,-0.42382777010288714,0.13383020483975638,0.11442774598327039,0.15515270663650443,-0.182430350124546,-0.19375948404682627,-0.17052227432157435,0.03978444635541667,0.030890407631405277,0.049529531657494553,True,True,True,False,False,False,True,True,True,False,True,False,True,True,True,False,True,False
taco,R3,60,R5,R5,-0.5013347225643654,-0.5163059652263671,-0.48382499372495297,0.01552008705454111,0.0027658291410470603,0.031009903135487574,-0.18711284650407622,-0.1981871182739633,-0.17482206806564962,0.03382925109310131,0.02420643290858181,0.04451695502527955,True,True,True,True,False,False,True,True,True,True,True,True,True,True,True,True,True,True
taco,R4,90,R5,R5,-0.44419688027846516,-0.4587566351842501,-0.4280445433781419,0.13187995648574602,0.1188045666331087,0.145171156028063,-0.20983083341989295,-0.2219882171614788,-0.1987488109692727,0.004936532960559958,0.0025097085320383186,0.0074263026919013635,True,True,True,False,True,False,True,True,True,False,True,False,True,True,True,False,True,False
taco,R5,102,R5,R5,-0.5089557717346731,-0.5213609870349797,-0.4955507577692165,0.0,0.0,0.0,-0.21371236823060313,-0.22560570784934014,-0.20290190308747097,0.0,0.0,0.0,True,True,True,True,True,True,True,True,True,True,True,True,True,True,True,True,True,True
taco,CONTACT_FULL,512,R5,R5,0.13270174123365064,0.09876673290365545,0.17299928773975687,1.3067204052780674,1.2131269479676499,1.4010756139546436,0.13300508239042874,0.11637222331341876,0.15076021875655002,0.44095498468010685,0.40945585941365437,0.4723335260584043,False,False,False,False,False,False,False,False,False,False,False,False,False,False,False,False,False,False
taco,FULL,812,R5,R5,0.0,0.0,0.0,1.036476436211502,0.9823600004946492,1.0892572009408494,0.0,0.0,0.0,0.2717992240952365,0.2545507308043933,0.2913318321985697,True,True,True,False,False,False,True,True,True,False,False,False,True,True,True,False,False,False
arctic,R0,6,R3,R5,0.2865143506611725,0.19377452210911214,0.37984832394547186,1.952759516902213,1.8041914523741014,2.1023881177702615,0.22843789939265835,0.17999170800765252,0.29073538615446715,0.8371050699327709,0.7440080913568525,0.9416276980670426,False,False,False,False,False,False,False,False,False,False,False,False,False,False,False,False,False,False
arctic,R1,12,R3,R5,0.29273315570928604,0.1969005394760965,0.3900111684439798,1.9670326851573048,1.814310572594156,2.1314775607740013,0.015498806256172948,-0.02682301819950259,0.06345537544912311,0.5186587831637535,0.43798897692064087,0.610399131255656,False,True,False,False,False,False,False,True,False,False,False,False,False,True,False,False,False,False
arctic,R2,48,R3,R5,-0.5313921293013819,-0.5568837455325596,-0.5041952163932236,0.07553122061134787,0.05781591703710389,0.09502788056256875,-0.3196839301489157,-0.35270693042652385,-0.2867932462125389,0.01739949711586819,-0.006014935439906726,0.03911792221941465,True,True,True,False,True,False,True,True,True,False,True,False,True,True,True,True,True,True
arctic,R3,60,R3,R5,-0.5643010061276934,-0.5887414011997243,-0.5383658607694967,0.0,0.0,0.0,-0.31865724865789036,-0.35079237117578155,-0.28578871343250223,0.018934879387370263,-0.0059452278875936765,0.03959065387590519,True,True,True,True,True,True,True,True,True,True,True,True,True,True,True,True,True,True
arctic,R4,90,R3,R5,-0.5254798677119563,-0.5503474389068628,-0.4998157683673335,0.08910082180982659,0.06520937679117958,0.1160875702315768,-0.3248173304254077,-0.35221734374780994,-0.29925919398391043,0.009722596493866531,0.004828929326772552,0.01527650876913668,True,True,True,False,True,False,True,True,True,False,True,False,True,True,True,True,True,True
arctic,R5,102,R3,R5,-0.5596907349834581,-0.5821550001440138,-0.537148072793279,0.010581321529483434,-0.009597279364154162,0.03176245719191071,-0.3313186493804553,-0.3579039622098921,-0.3052108051909519,0.0,0.0,0.0,True,True,True,True,True,True,True,True,True,True,True,True,True,True,True,True,True,True
arctic,CONTACT_FULL,512,R3,R5,0.02510215491226786,-0.0029340228547995173,0.05643581546571456,1.3527760433908682,1.2133039433522155,1.48782902790754,0.08088240427944604,0.06322874686479028,0.09889964421113166,0.6164386867945248,0.5497489474353775,0.6914040928522022,True,False,False,False,False,False,True,False,False,False,False,False,True,True,True,False,False,False
arctic,FULL,812,R3,R5,0.0,0.0,0.0,1.295162518307483,1.1662176078414501,1.4315601032674563,0.0,0.0,0.0,0.4954806187932157,0.4392854811720371,0.557399425533848,True,True,True,False,False,False,True,True,True,False,False,False,True,True,True,False,False,False
