dataset,rep,vs,metric,h,ratio,lo,hi
taco,R0,FULL,composite_T1_T4,1,1.0978642935212575,1.079464283413767,1.1164218977617806
taco,R0,FULL,T1_ratio,1,0.4847867649431685,0.4646862519269734,0.5055269613593493
taco,R0,FULL,T2_ratio,1,1.1928566856280853,1.1573882335631407,1.2316514779389165
taco,R0,FULL,T4_ratio,1,1.0732560891435776,1.049436848905614,1.0968424272129833
taco,R0,FULL,T3_ratio,1,1.6405576343701984,1.587238052390627,1.693271526439583
taco,R0,FULL,composite_T1_T4,4,1.1842119895809802,1.1652999637029031,1.2038513679295089
taco,R0,FULL,T1_ratio,4,0.8788973842697568,0.8490868214910787,0.9093691534664906
taco,R0,FULL,T2_ratio,4,1.193955533286026,1.161768926027042,1.2287765146327216
taco,R0,FULL,T4_ratio,4,1.0937049710447462,1.0687912302288314,1.1187098658840713
taco,R0,FULL,T3_ratio,4,1.5702900697233917,1.5207537182084436,1.6200484114722122
taco,R0,FULL,composite_T1_T4,8,1.1784154250358387,1.1591800967215327,1.1992342771315425
taco,R0,FULL,T1_ratio,8,0.9925627693227532,0.9644762757748969,1.0224275971124632
taco,R0,FULL,T2_ratio,8,1.1536072818270633,1.1247588878370185,1.1852634552239774
taco,R0,FULL,T4_ratio,8,1.0918135600248307,1.0654637216362444,1.1209991707886384
taco,R0,FULL,T3_ratio,8,1.4756780889687073,1.428322852056831,1.5211410187435341
taco,R0,FULL,composite_T1_T4,0,1.1534972360460254,1.134690986132028,1.17223557680781
taco,R1,FULL,composite_T1_T4,1,0.8735091698469348,0.8597104938873502,0.8879689560080412
taco,R1,FULL,T1_ratio,1,0.4034028428170245,0.38505236028558243,0.4212083236777246
taco,R1,FULL,T2_ratio,1,0.5120107481770455,0.49462729658580407,0.5283311477647793
taco,R1,FULL,T4_ratio,1,1.0151757771220726,0.9932709120277188,1.0374855302055264
taco,R1,FULL,T3_ratio,1,1.5634473112715965,1.5161680333713143,1.6146900598393081
taco,R1,FULL,composite_T1_T4,4,1.021722010262775,1.006570074695847,1.0383463364224552
taco,R1,FULL,T1_ratio,4,0.7772702288569213,0.7495215417994898,0.8046001873397125
taco,R1,FULL,T2_ratio,4,0.7611998936102661,0.7396080987106121,0.7827754398157317
taco,R1,FULL,T4_ratio,4,1.0440299841432958,1.019530395533485,1.0687961211656434
taco,R1,FULL,T3_ratio,4,1.5043879344406175,1.459251689081136,1.5510850456503331
taco,R1,FULL,composite_T1_T4,8,1.0727461336616062,1.0565692737231591,1.0897470548561174
taco,R1,FULL,T1_ratio,8,0.9341121222980848,0.9057888281688516,0.9649788281977091
taco,R1,FULL,T2_ratio,8,0.8815537889393877,0.8618199527028941,0.902881849693164
taco,R1,FULL,T4_ratio,8,1.0504837477665159,1.0255147310488957,1.0783585521180983
taco,R1,FULL,T3_ratio,8,1.424834875642437,1.3830519017987688,1.4659396753345253
taco,R1,FULL,composite_T1_T4,0,0.9893257712571053,0.9749395919805379,1.0050150481854614
taco,R2,FULL,composite_T1_T4,1,0.6478044466547508,0.6353761084774165,0.6594508496317649
taco,R2,FULL,T1_ratio,1,0.3876039259365973,0.3711670332058041,0.40534664726482933
taco,R2,FULL,T2_ratio,1,0.5433117410380562,0.5247831833583645,0.5608115739746684
taco,R2,FULL,T4_ratio,1,0.8176342168088793,0.8009280212636835,0.8336190815571324
taco,R2,FULL,T3_ratio,1,0.8426679028354702,0.8242847279140124,0.8591664718219447
taco,R2,FULL,composite_T1_T4,4,0.8596482004089869,0.8468509522820469,0.8728980175533918
taco,R2,FULL,T1_ratio,4,0.761263758307845,0.7368283984474445,0.7860053710578618
taco,R2,FULL,T2_ratio,4,0.7863268818759256,0.7649956029578113,0.8067627475234965
taco,R2,FULL,T4_ratio,4,0.9431923544896803,0.9257746330735803,0.962289945674186
taco,R2,FULL,T3_ratio,4,0.9478098069624973,0.9311866426438722,0.963285909423868
taco,R2,FULL,composite_T1_T4,8,0.9452563025626244,0.9327983303605732,0.9590848401121925
taco,R2,FULL,T1_ratio,8,0.9021747203138473,0.8791590375381557,0.9272965829571685
taco,R2,FULL,T2_ratio,8,0.8995462722592691,0.8806003597968787,0.9190988942684731
taco,R2,FULL,T4_ratio,8,0.9958918404575495,0.9741775443254612,1.0216300368756004
taco,R2,FULL,T3_ratio,8,0.9834123772198315,0.9680133319313903,0.9978245152616106
taco,R2,FULL,composite_T1_T4,0,0.817569649875454,0.8062405159531737,0.8294777256784257
taco,R3,FULL,composite_T1_T4,1,0.6415259753148433,0.6302957706499238,0.6527440303768408
taco,R3,FULL,T1_ratio,1,0.36811245790158814,0.3530209177493882,0.3837220920170246
taco,R3,FULL,T2_ratio,1,0.5436723255913499,0.5257441008028035,0.5607758514540396
taco,R3,FULL,T4_ratio,1,0.8061572171648071,0.7904949629789514,0.8218606571758215
taco,R3,FULL,T3_ratio,1,0.8481619006016282,0.8296514950782228,0.8645582826090094
taco,R3,FULL,composite_T1_T4,4,0.8553782745921674,0.8426553804335625,0.8693030198899885
taco,R3,FULL,T1_ratio,4,0.7495958115453044,0.7255366344517896,0.7740684935926031
taco,R3,FULL,T2_ratio,4,0.7828056637538607,0.7610989480669118,0.8034496978136301
taco,R3,FULL,T4_ratio,4,0.9390440995242225,0.9219278286726843,0.9587073238076138
taco,R3,FULL,T3_ratio,4,0.9500675235452821,0.9338739724498504,0.9652365086139331
taco,R3,FULL,composite_T1_T4,8,0.9417572105807603,0.9286872523736804,0.9556434871294102
taco,R3,FULL,T1_ratio,8,0.8947937923213735,0.8716492496923852,0.9194842544343583
taco,R3,FULL,T2_ratio,8,0.8941676925535268,0.8740953563252527,0.9138281658194582
taco,R3,FULL,T4_ratio,8,0.9928567048790654,0.9719876909864295,1.0179879659376732
taco,R3,FULL,T3_ratio,8,0.9852106525690757,0.9703787473411658,0.9991500870069729
taco,R3,FULL,composite_T1_T4,0,0.8128871534959238,0.8018128817260367,0.8251779319343504
taco,R4,FULL,composite_T1_T4,1,0.6499511046504951,0.63788962902709,0.6621256460539272
taco,R4,FULL,T1_ratio,1,0.43396797337408916,0.4161454329696037,0.451616572109261
taco,R4,FULL,T2_ratio,1,0.5590075129559449,0.5401900222784373,0.5768218041090347
taco,R4,FULL,T4_ratio,1,0.8172552864406409,0.8010788600500408,0.8327630837193405
taco,R4,FULL,T3_ratio,1,0.7895736458313054,0.7723386710022989,0.806348945543745
taco,R4,FULL,composite_T1_T4,4,0.8238861868164954,0.8101771251166061,0.836488363150789
taco,R4,FULL,T1_ratio,4,0.7385186063694652,0.7135091188539906,0.7625075124874864
taco,R4,FULL,T2_ratio,4,0.7699535778730685,0.7496788479898144,0.788923003192601
taco,R4,FULL,T4_ratio,4,0.9124478604119827,0.8962204206416928,0.927766018162077
taco,R4,FULL,T3_ratio,4,0.8746247026114653,0.859426359203422,0.889736024243385
taco,R4,FULL,composite_T1_T4,8,0.8966702082733307,0.884793433264161,0.9073479696281161
taco,R4,FULL,T1_ratio,8,0.8554138253063828,0.833776315421162,0.8774042820165212
taco,R4,FULL,T2_ratio,8,0.873398814160343,0.854927478664125,0.8911737460573858
taco,R4,FULL,T4_ratio,8,0.9447652105201971,0.9287535961378026,0.9615136596609253
taco,R4,FULL,T3_ratio,8,0.9131029831063997,0.8988068843326311,0.9260738433558494
taco,R4,FULL,composite_T1_T4,0,0.790169166580107,0.7780117828385212,0.8012511890307273
taco,R5,FULL,composite_T1_T4,1,0.6439275511239558,0.63249165804901,0.6557286663299368
taco,R5,FULL,T1_ratio,1,0.4124712494690697,0.39652947644342856,0.42877889614282944
taco,R5,FULL,T2_ratio,1,0.5597936485003011,0.5414795771034674,0.5773207594581274
taco,R5,FULL,T4_ratio,1,0.8066185971960071,0.7920248128498025,0.8206546969506083
taco,R5,FULL,T3_ratio,1,0.7968267093304453,0.7797509237928995,0.8128777185966684
taco,R5,FULL,composite_T1_T4,4,0.821012649285019,0.808115650364906,0.8330645005589826
taco,R5,FULL,T1_ratio,4,0.7303316638610395,0.7061656900578257,0.7539482760083609
taco,R5,FULL,T2_ratio,4,0.7654696616006138,0.7457419131540813,0.784419986956178
taco,R5,FULL,T4_ratio,4,0.9075540809555785,0.8920146360493741,0.9223873858378289
taco,R5,FULL,T3_ratio,4,0.8806951907228444,0.8659067139154621,0.89616796665879
taco,R5,FULL,composite_T1_T4,8,0.8939226948992158,0.8827057203774752,0.9047010447850764
taco,R5,FULL,T1_ratio,8,0.8489595889365982,0.8287685677921395,0.8707454046082638
taco,R5,FULL,T2_ratio,8,0.8678450824499201,0.8500553018023878,0.8858308090424857
taco,R5,FULL,T4_ratio,8,0.9412262896708188,0.925951803113211,0.9579205100918915
taco,R5,FULL,T3_ratio,8,0.9176598185395264,0.9046833508951698,0.9304859114809092
taco,R5,FULL,composite_T1_T4,0,0.7862876317693969,0.7743942921506598,0.7970980969125291
taco,CONTACT_FULL,FULL,composite_T1_T4,1,1.156637573363258,1.140183793045917,1.1734831818812141
taco,CONTACT_FULL,FULL,T1_ratio,1,1.2077646472982346,1.1798843088415734,1.236469254450042
taco,CONTACT_FULL,FULL,T2_ratio,1,1.1628162211676742,1.1394441494118903,1.1870460715102904
taco,CONTACT_FULL,FULL,T4_ratio,1,1.0973759145488915,1.0725294567968242,1.1219416938695128
taco,CONTACT_FULL,FULL,T3_ratio,1,1.1585935104382308,1.1376474979389017,1.1793663832264158
taco,CONTACT_FULL,FULL,composite_T1_T4,4,1.1350568011928135,1.1180299771444984,1.153852346289755
taco,CONTACT_FULL,FULL,T1_ratio,4,1.1732716583918998,1.1480094480136087,1.199168977411728
taco,CONTACT_FULL,FULL,T2_ratio,4,1.1313562627383356,1.1114410890372426,1.1526720699343576
taco,CONTACT_FULL,FULL,T4_ratio,4,1.09370375071533,1.0659115032351347,1.1241116909758895
taco,CONTACT_FULL,FULL,T3_ratio,4,1.141895532925689,1.122583805547316,1.1616052779142638
taco,CONTACT_FULL,FULL,composite_T1_T4,8,1.107320872615215,1.0903034879972762,1.1264840340814037
taco,CONTACT_FULL,FULL,T1_ratio,8,1.1284318727525082,1.1051385564388325,1.1518485601621928
taco,CONTACT_FULL,FULL,T2_ratio,8,1.0985298099699108,1.0825754562384502,1.1156120470834292
taco,CONTACT_FULL,FULL,T4_ratio,8,1.0826265245970692,1.0504729349897577,1.119980429473546
taco,CONTACT_FULL,FULL,T3_ratio,8,1.119695283141372,1.1004130741595415,1.14011229593604
taco,CONTACT_FULL,FULL,composite_T1_T4,0,1.1330050823904287,1.1163722233134188,1.15076021875655
taco,R0,FULL,E_C_ratio,1,3.0863863379641647,2.9625305326363613,3.1967348031957457
taco,R0,PERSIST,E_C_ratio,1,6.222597765787424,5.8433773424422455,6.598986377782289
taco,R0,FULL,E_C_ratio,4,2.2356407398519327,2.1502008536650488,2.3139592186960596
taco,R0,PERSIST,E_C_ratio,4,2.52429931724683,2.3926792414808866,2.6512992120909606
taco,R0,FULL,E_C_ratio,8,1.8080932827171912,1.7482736046816858,1.8655754553862325
taco,R0,PERSIST,E_C_ratio,8,1.6849944569013673,1.606936315589087,1.7667614964648648
taco,R0,FULL,E_H_ratio,1,4.104868680520125,3.920816405726624,4.3027179965335245
taco,R0,PERSIST,E_H_ratio,1,9.21552289023025,8.532658634430128,9.993450769120852
taco,R0,FULL,E_H_ratio,4,2.889741849107655,2.7523992237523736,3.021412920093685
taco,R0,PERSIST,E_H_ratio,4,3.18752157350507,2.9527194681775373,3.4217890835269307
taco,R0,FULL,E_H_ratio,8,2.1507541558053376,2.058134484273755,2.2402464026585256
taco,R0,PERSIST,E_H_ratio,8,1.9328076515354207,1.7965417402042638,2.0720171767811495
taco,R1,FULL,E_C_ratio,1,2.7995886332865347,2.689543570954779,2.896588702507669
taco,R1,PERSIST,E_C_ratio,1,5.644372436570488,5.300266571376346,6.020100041297515
taco,R1,FULL,E_C_ratio,4,2.0638515014004386,1.990960679081429,2.128423953792787
taco,R1,PERSIST,E_C_ratio,4,2.330329217488235,2.214720114794953,2.4516957165397697
taco,R1,FULL,E_C_ratio,8,1.703153335120951,1.650267150629557,1.7569574247582262
taco,R1,PERSIST,E_C_ratio,8,1.5871990435245442,1.5137254351580962,1.6658342444249319
taco,R1,FULL,E_H_ratio,1,3.755364483194218,3.5784004918168373,3.959444935363574
taco,R1,PERSIST,E_H_ratio,1,8.430878074191863,7.7783544823268524,9.191804408567963
taco,R1,FULL,E_H_ratio,4,2.6680293849031025,2.536719112881812,2.800888321613596
taco,R1,PERSIST,E_H_ratio,4,2.942962266940986,2.73208983024175,3.175752817422
taco,R1,FULL,E_H_ratio,8,2.0152643306692233,1.9259931904652972,2.099017459379735
taco,R1,PERSIST,E_H_ratio,8,1.8110476772392325,1.6892041208900306,1.943549257493083
taco,R2,FULL,E_C_ratio,1,2.00160701223892,1.9505760922291318,2.050852454269838
taco,R2,PERSIST,E_C_ratio,1,4.035526975070144,3.8196299345632516,4.261592461305792
taco,R2,FULL,E_C_ratio,4,1.525591293466126,1.4902783591389175,1.5612812492752595
taco,R2,PERSIST,E_C_ratio,4,1.7225706223037012,1.6513163407266283,1.7944158473431269
taco,R2,FULL,E_C_ratio,8,1.3088736255961566,1.2795878837004868,1.3386778140886872
taco,R2,PERSIST,E_C_ratio,8,1.2197627329269156,1.1730712635584786,1.268492424155378
taco,R2,FULL,E_H_ratio,1,2.5229678488528378,2.439024015378856,2.6188496950354647
taco,R2,PERSIST,E_H_ratio,1,5.66411979821782,5.290309477582301,6.0675308196376765
taco,R2,FULL,E_H_ratio,4,1.8547778863581383,1.7978303841341599,1.9153662976446184
taco,R2,PERSIST,E_H_ratio,4,2.0459075016172656,1.9278038177168695,2.164520875467746
taco,R2,FULL,E_H_ratio,8,1.4798009433216968,1.4403241331597336,1.5206075629497835
taco,R2,PERSIST,E_H_ratio,8,1.329845430395337,1.26005969802152,1.4033800339581477
taco,R3,FULL,E_C_ratio,1,1.9939691686088643,1.9450504714238062,2.043860411966757
taco,R3,PERSIST,E_C_ratio,1,4.020127986251664,3.7963840286351367,4.239787220758796
taco,R3,FULL,E_C_ratio,4,1.519784325038925,1.4861529885412892,1.555277610253638
taco,R3,PERSIST,E_C_ratio,4,1.7160138772172664,1.6437574930392567,1.7907313167538503
taco,R3,FULL,E_C_ratio,8,1.3040822934004417,1.2757499537502137,1.3349819711005277
taco,R3,PERSIST,E_C_ratio,8,1.2152976047899315,1.168263684482936,1.2649328650715856
taco,R3,FULL,E_H_ratio,1,2.5050848667771803,2.425388877228752,2.5949818963324036
taco,R3,PERSIST,E_H_ratio,1,5.623972099596943,5.249592549635245,6.018561530590534
taco,R3,FULL,E_H_ratio,4,1.8401049634403623,1.7843755355131985,1.8974412521091832
taco,R3,PERSIST,E_H_ratio,4,2.0297225754927295,1.9116271551347472,2.145632986550411
taco,R3,FULL,E_H_ratio,8,1.4713803709431397,1.43227009984529,1.5105202197338943
taco,R3,PERSIST,E_H_ratio,8,1.322278156060587,1.2516131004080948,1.3921506515389868
taco,R4,FULL,E_C_ratio,1,1.7271339521952185,1.6860752078899361,1.7665977971534812
taco,R4,PERSIST,E_C_ratio,1,3.48214989806968,3.292556525124035,3.679156068996836
taco,R4,FULL,E_C_ratio,4,1.3258649150768949,1.30015642403961,1.3529752073024293
taco,R4,PERSIST,E_C_ratio,4,1.497056231007759,1.4343452925904847,1.5596892204014925
taco,R4,FULL,E_C_ratio,8,1.1646239600383432,1.142769420430576,1.1864352295136522
taco,R4,PERSIST,E_C_ratio,8,1.0853338905667897,1.0450704977055771,1.1283262775936442
taco,R4,FULL,E_H_ratio,1,1.3846580718098607,1.3480802684152535,1.4232480637498364
taco,R4,PERSIST,E_H_ratio,1,3.1085886416929167,2.9298502884876894,3.299009606888043
taco,R4,FULL,E_H_ratio,4,1.1763928502577614,1.1521845471544547,1.2013562696507794
taco,R4,PERSIST,E_H_ratio,4,1.2976168062457396,1.23807307279266,1.3583956865098634
taco,R4,FULL,E_H_ratio,8,1.0822103935737533,1.0620280702236857,1.1019155364929434
taco,R4,PERSIST,E_H_ratio,8,0.9725446879293754,0.9318573083110889,1.0128741035129782
taco,R5,FULL,E_C_ratio,1,1.7243624647404163,1.6839609710007601,1.7661971535384686
taco,R5,PERSIST,E_C_ratio,1,3.4765621816415626,3.2840005030008044,3.6750224999329646
taco,R5,FULL,E_C_ratio,4,1.3222708931367542,1.2964583715984264,1.3494597066824574
taco,R5,PERSIST,E_C_ratio,4,1.49299816077852,1.431658640163336,1.5570279158202116
taco,R5,FULL,E_C_ratio,8,1.1594425148814334,1.138699461078569,1.1809189828660909
taco,R5,PERSIST,E_C_ratio,8,1.0805052091864735,1.0408345419285647,1.1222363161818893
taco,R5,FULL,E_H_ratio,1,1.3831477821602987,1.351705452434847,1.4161284388490822
taco,R5,PERSIST,E_H_ratio,1,3.105198007321965,2.9262711392907343,3.287609263718801
taco,R5,FULL,E_H_ratio,4,1.174206240028394,1.1529829906714972,1.1945263277666656
taco,R5,PERSIST,E_H_ratio,4,1.2952048720166984,1.2362741651864857,1.3523728791798408
taco,R5,FULL,E_H_ratio,8,1.0801316879715408,1.0616243457574916,1.0972922082980252
taco,R5,PERSIST,E_H_ratio,8,0.970676627796886,0.9304493879769556,1.0101386205900367
taco,CONTACT_FULL,FULL,E_C_ratio,1,1.1715607879596004,1.1627664332270178,1.181009570651027
taco,CONTACT_FULL,PERSIST,E_C_ratio,1,2.3620346720593237,2.2663239732311506,2.46010571990989
taco,CONTACT_FULL,FULL,E_C_ratio,4,1.080545705619073,1.0704908520851024,1.0917257059129852
taco,CONTACT_FULL,PERSIST,E_C_ratio,4,1.220062212289472,1.1846764361539432,1.2589879919980158
taco,CONTACT_FULL,FULL,E_C_ratio,8,1.0509314236756155,1.03862373540068,1.0627035586585063
taco,CONTACT_FULL,PERSIST,E_C_ratio,8,0.9793817832317296,0.9519817447786876,1.010220103686068
taco,CONTACT_FULL,FULL,E_H_ratio,1,2.505724989766345,2.42177592809484,2.596009704198445
taco,CONTACT_FULL,PERSIST,E_H_ratio,1,5.62540919016386,5.2210641416379255,6.053306833796826
taco,CONTACT_FULL,FULL,E_H_ratio,4,1.8522489805291917,1.7977624222804611,1.910555333727736
taco,CONTACT_FULL,PERSIST,E_H_ratio,4,2.0431179991952346,1.9168108011738516,2.172179703266327
taco,CONTACT_FULL,FULL,E_H_ratio,8,1.4846302293976374,1.4460561556567908,1.523448144420606
taco,CONTACT_FULL,PERSIST,E_H_ratio,8,1.334185341144242,1.2556564532778907,1.4115034796506802
taco,FULL,FULL,E_C_ratio,1,1.0,1.0,1.0
taco,FULL,PERSIST,E_C_ratio,1,2.016143503891985,1.9387552277896334,2.097553409064374
taco,FULL,FULL,E_C_ratio,4,1.0,1.0,1.0
taco,FULL,PERSIST,E_C_ratio,4,1.1291167101445896,1.094025590856913,1.1666174391651862
taco,FULL,FULL,E_C_ratio,8,1.0,1.0,1.0
taco,FULL,PERSIST,E_C_ratio,8,0.9319178789100794,0.9021524250163977,0.9642769865756301
taco,FULL,FULL,E_H_ratio,1,1.0,1.0,1.0
taco,FULL,PERSIST,E_H_ratio,1,2.245022583539154,2.137253703400349,2.355652099295841
taco,FULL,FULL,E_H_ratio,4,1.0,1.0,1.0
taco,FULL,PERSIST,E_H_ratio,4,1.1030471716666899,1.060161531210768,1.144539558779433
taco,FULL,FULL,E_H_ratio,8,1.0,1.0,1.0
taco,FULL,PERSIST,E_H_ratio,8,0.8986650781626373,0.8601141515643097,0.9368439870863682
taco,R0,,T1_l1,1,0.059803793035386195,0.05741093648193168,0.062415698385432095
taco,R0,PERSIST,T2_rel_l1_ratio,1,3.365084599117657,3.2258564322925127,3.5184821154647152
taco,R0,PERSIST,T3_cent_ratio,1,7.093133189297947,6.504727601336591,7.6715159285806855
taco,R0,PERSIST,T3_ang_ratio,1,1.9644408569014329,1.8807380584943283,2.0562330348767084
taco,R0,PERSIST,T4_rel_l1_ratio,1,1.7384093453711298,1.6644727528243866,1.825101946036576
taco,R0,PERSIST,T1_l1_ratio,1,2.301684827881867,2.226096927047662,2.3868557765014806
taco,R0,,T1_l1,4,0.11466069313735469,0.10939212476794319,0.12007677309199907
taco,R0,PERSIST,T2_rel_l1_ratio,4,1.611934935260534,1.5456071249481682,1.6807524231687316
taco,R0,PERSIST,T3_cent_ratio,4,4.196542179795928,3.8925923009918617,4.494839163907083
taco,R0,PERSIST,T3_ang_ratio,4,1.3397565234426387,1.2874938130029578,1.3978588998892825
taco,R0,PERSIST,T4_rel_l1_ratio,4,1.1668659838174325,1.1196617046311628,1.2192535647074678
taco,R0,PERSIST,T1_l1_ratio,4,1.308581855548366,1.2662164678036647,1.354262111364097
taco,R0,,T1_l1,8,0.14353661425114722,0.13613835301583563,0.15084241385181116
taco,R0,PERSIST,T2_rel_l1_ratio,8,1.1715863037390166,1.1255172421244533,1.2194346983812587
taco,R0,PERSIST,T3_cent_ratio,8,3.05282005678143,2.8419460705630715,3.262668199239086
taco,R0,PERSIST,T3_ang_ratio,8,1.1449674407494035,1.1051197058890752,1.1888266320841976
taco,R0,PERSIST,T4_rel_l1_ratio,8,0.9948053324052235,0.9513547024322158,1.0435997693336825
taco,R0,PERSIST,T1_l1_ratio,8,1.0041815423068776,0.9659222118128793,1.0454385680802374
taco,R1,,T1_l1,1,0.049764188848150454,0.04744464978625566,0.052141655412336445
taco,R1,PERSIST,T2_rel_l1_ratio,1,1.4443977252523674,1.398669854860377,1.498399601739734
taco,R1,PERSIST,T3_cent_ratio,1,6.783052132404072,6.232160631365434,7.380137594210622
taco,R1,PERSIST,T3_ang_ratio,1,1.8611322429758923,1.789178249376301,1.9463926228152373
taco,R1,PERSIST,T4_rel_l1_ratio,1,1.644333608721153,1.577108162758866,1.7283286191104368
taco,R1,PERSIST,T1_l1_ratio,1,1.9152878543315996,1.8489727562879923,1.9905865378977252
taco,R1,,T1_l1,4,0.10140244446149234,0.0968069899469712,0.10635086755116636
taco,R1,PERSIST,T2_rel_l1_ratio,4,1.0276804010028793,1.0009123412738221,1.0559499178423573
taco,R1,PERSIST,T3_cent_ratio,4,4.028629683423438,3.7361946522665965,4.326782302425177
taco,R1,PERSIST,T3_ang_ratio,4,1.279209578099698,1.234828942650954,1.3317511289526618
taco,R1,PERSIST,T4_rel_l1_ratio,4,1.1138680968219024,1.0705254978097514,1.1650806499276651
taco,R1,PERSIST,T1_l1_ratio,4,1.1572701620737917,1.119282225325637,1.1980890698942575
taco,R1,,T1_l1,8,0.13508394180159086,0.12813983079914257,0.14184193601332645
taco,R1,PERSIST,T2_rel_l1_ratio,8,0.8952928448014525,0.8720180860355926,0.9201824275754591
taco,R1,PERSIST,T3_cent_ratio,8,2.952172718282514,2.7497535303421525,3.164609223266036
taco,R1,PERSIST,T3_ang_ratio,8,1.102874555650151,1.0684865389586227,1.142351797549494
taco,R1,PERSIST,T4_rel_l1_ratio,8,0.9571476964065065,0.916835231504299,1.0042671467653137
taco,R1,PERSIST,T1_l1_ratio,8,0.9450466818303805,0.9070621864600626,0.9842677272033681
taco,R2,,T1_l1,1,0.047815218241638334,0.04524803018783183,0.050543370630205434
taco,R2,PERSIST,T2_rel_l1_ratio,1,1.5326987678526514,1.4850564476596,1.5836247917930328
taco,R2,PERSIST,T3_cent_ratio,1,3.282145153209775,3.086570652456128,3.4879317613857435
taco,R2,PERSIST,T3_ang_ratio,1,1.179073957134894,1.1607262123871267,1.198864770973153
taco,R2,PERSIST,T4_rel_l1_ratio,1,1.3243651519647806,1.2823138112568624,1.3752135756119144
taco,R2,PERSIST,T1_l1_ratio,1,1.840277293173007,1.7645768189623776,1.9270656702102964
taco,R2,,T1_l1,4,0.09931424504175616,0.09456216352244869,0.10447280771983125
taco,R2,PERSIST,T2_rel_l1_ratio,4,1.0616038337222073,1.0304818833435159,1.0954608654690763
taco,R2,PERSIST,T3_cent_ratio,4,2.1655132612271246,2.0649237372027236,2.2743879994349148
taco,R2,PERSIST,T3_ang_ratio,4,1.0020512448110102,0.9864769806616958,1.0200227288297956
taco,R2,PERSIST,T4_rel_l1_ratio,4,1.0062851534809873,0.9729432949099419,1.0458925635633352
taco,R2,PERSIST,T1_l1_ratio,4,1.1334382821447218,1.0936449512991995,1.1792474593507045
taco,R2,,T1_l1,8,0.13046540613767188,0.12311578381966291,0.13788188731644846
taco,R2,PERSIST,T2_rel_l1_ratio,8,0.9135657417915269,0.8865244948176924,0.9449539292210929
taco,R2,PERSIST,T3_cent_ratio,8,1.7364512205966323,1.6575974471161539,1.8236989683532159
taco,R2,PERSIST,T3_ang_ratio,8,0.9367606583256284,0.9211293578685785,0.954983675639357
taco,R2,PERSIST,T4_rel_l1_ratio,8,0.9074063097031795,0.8693935650217937,0.9531453901881421
taco,R2,PERSIST,T1_l1_ratio,8,0.9127354259853834,0.8727138485154784,0.9573722749436798
taco,R3,,T1_l1,1,0.045410730733696184,0.04318590260252052,0.047871853862883756
taco,R3,PERSIST,T2_rel_l1_ratio,1,1.5337159877262436,1.4863998324031589,1.5843642095865687
taco,R3,PERSIST,T3_cent_ratio,1,3.306033009084545,3.110263463086065,3.51865513858617
taco,R3,PERSIST,T3_ang_ratio,1,1.1855895398337253,1.1668031384374427,1.2063266535918826
taco,R3,PERSIST,T4_rel_l1_ratio,1,1.3057752519028143,1.2628863416780272,1.3573137325352804
taco,R3,PERSIST,T1_l1_ratio,1,1.7477351292907393,1.6846908422834825,1.8215823869174446
taco,R3,,T1_l1,4,0.09779204815366982,0.09320360621205157,0.10292761752613626
taco,R3,PERSIST,T2_rel_l1_ratio,4,1.05684990918533,1.0262884802694128,1.090129769000134
taco,R3,PERSIST,T3_cent_ratio,4,2.169882085775195,2.0690363136649474,2.2797919362654677
taco,R3,PERSIST,T3_ang_ratio,4,1.0048536563792987,0.9891327046165936,1.0222608523826997
taco,R3,PERSIST,T4_rel_l1_ratio,4,1.0018594100313891,0.9662777735611896,1.0433680149311222
taco,R3,PERSIST,T1_l1_ratio,4,1.1160659885206476,1.0760960721465465,1.1599569468654087
taco,R3,,T1_l1,8,0.12939803443402226,0.12226410879632506,0.13644770337822967
taco,R3,PERSIST,T2_rel_l1_ratio,8,0.9081033366766458,0.8804098785479101,0.9382530641753252
taco,R3,PERSIST,T3_cent_ratio,8,1.7396855195787153,1.6628797228233656,1.8282264001056592
taco,R3,PERSIST,T3_ang_ratio,8,0.9384392205465659,0.9227482494958585,0.9562673711262947
taco,R3,PERSIST,T4_rel_l1_ratio,8,0.9046408475688017,0.8652772639272664,0.9512377667339451
taco,R3,PERSIST,T1_l1_ratio,8,0.9052680980901455,0.863523768167579,0.9500310504180954
taco,R4,,T1_l1,1,0.053534734733718385,0.05073564845687752,0.05656499393021822
taco,R4,PERSIST,T2_rel_l1_ratio,1,1.5769770126648852,1.5271583410496548,1.6310011559978992
taco,R4,PERSIST,T3_cent_ratio,1,2.9156830567943355,2.7521702577508793,3.088539161756171
taco,R4,PERSIST,T3_ang_ratio,1,1.1799443081657948,1.1609911983726617,1.2010136505870468
taco,R4,PERSIST,T4_rel_l1_ratio,1,1.3237513785140136,1.2847189426441263,1.367778904425218
taco,R4,PERSIST,T1_l1_ratio,1,2.060405878074825,1.9793584007242446,2.1554436260663974
taco,R4,,T1_l1,4,0.0963469192384874,0.09146243981609806,0.10161108718861046
taco,R4,PERSIST,T2_rel_l1_ratio,4,1.0394985710117879,1.0097492108095725,1.0725871667202533
taco,R4,PERSIST,T3_cent_ratio,4,1.8932512686960463,1.81151880640438,1.9809905185480425
taco,R4,PERSIST,T3_ang_ratio,4,0.9799632135170587,0.9652159871358504,0.9963347765655176
taco,R4,PERSIST,T4_rel_l1_ratio,4,0.9734840734103052,0.9489101982502584,1.0017218662914151
taco,R4,PERSIST,T1_l1_ratio,4,1.0995732443587871,1.0604389016564364,1.1439290686269667
taco,R4,,T1_l1,8,0.1237032136031841,0.11671506090285529,0.13044562017650937
taco,R4,PERSIST,T2_rel_l1_ratio,8,0.8870107743698806,0.8606995164063383,0.9161253971492123
taco,R4,PERSIST,T3_cent_ratio,8,1.5440014139234652,1.4799088607784996,1.6122890437173396
taco,R4,PERSIST,T3_ang_ratio,8,0.9096088000572727,0.8954944426817706,0.9264996813067731
taco,R4,PERSIST,T4_rel_l1_ratio,8,0.8608223085954904,0.835569925326653,0.8900053802840102
taco,R4,PERSIST,T1_l1_ratio,8,0.8654271557988187,0.8301395910475223,0.9043922207460355
taco,R5,,T1_l1,1,0.0508828768029324,0.04836604108768166,0.05378177360267632
taco,R5,PERSIST,T2_rel_l1_ratio,1,1.5791947246876328,1.530093829718504,1.63387740411749
taco,R5,PERSIST,T3_cent_ratio,1,2.9485983042318678,2.7847983544542707,3.1232069478767746
taco,R5,PERSIST,T3_ang_ratio,1,1.1878968938951184,1.168311044485925,1.209396658123204
taco,R5,PERSIST,T4_rel_l1_ratio,1,1.3065225734098793,1.2673361700048102,1.3526901933827675
taco,R5,PERSIST,T1_l1_ratio,1,1.9583431015319277,1.8794441989160677,2.0523686778457724
taco,R5,,T1_l1,4,0.095278853137151,0.09048991114588535,0.10038035609480632
taco,R5,PERSIST,T2_rel_l1_ratio,4,1.0334449274004045,1.0037606485504083,1.0664496313962124
taco,R5,PERSIST,T3_cent_ratio,4,1.9147646493776298,1.8297264145731083,2.0028976600849937
taco,R5,PERSIST,T3_ang_ratio,4,0.9823584276623226,0.9673404948840113,0.9994594521466159
taco,R5,PERSIST,T4_rel_l1_ratio,4,0.9682629352321293,0.9425748290519531,0.9971472447862195
taco,R5,PERSIST,T1_l1_ratio,4,1.0873837844620042,1.0488394042732765,1.1313100714138675
taco,R5,,T1_l1,8,0.12276985274709679,0.11601387873163035,0.1293965520965736
taco,R5,PERSIST,T2_rel_l1_ratio,8,0.8813704874983662,0.8562711363622036,0.9100977342092313
taco,R5,PERSIST,T3_cent_ratio,8,1.5557124930177533,1.4904035124146002,1.625913506316363
taco,R5,PERSIST,T3_ang_ratio,8,0.9118127119111915,0.8976399129012327,0.9288620797351576
taco,R5,PERSIST,T4_rel_l1_ratio,8,0.8575978227850727,0.8317205016430276,0.8871437093006678
taco,R5,PERSIST,T1_l1_ratio,8,0.858897367222681,0.822624014274275,0.8993449672283289
taco,CONTACT_FULL,,T1_l1,1,0.148991086856398,0.14123098358618824,0.15732297791869188
taco,CONTACT_FULL,PERSIST,T2_rel_l1_ratio,1,3.2803395450604347,3.0948485802767265,3.490545400649219
taco,CONTACT_FULL,PERSIST,T3_cent_ratio,1,4.1146493659809344,3.827148405515944,4.405834095542513
taco,CONTACT_FULL,PERSIST,T3_ang_ratio,1,1.8084829162672766,1.7321892736531117,1.8993844308625365
taco,CONTACT_FULL,PERSIST,T4_rel_l1_ratio,1,1.7774774953844008,1.6781803455067281,1.8887954372418292
taco,CONTACT_FULL,PERSIST,T1_l1_ratio,1,5.734260432345605,5.3901473590128015,6.145530699883924
taco,CONTACT_FULL,,T1_l1,4,0.15306467398512433,0.1449848035312794,0.16152336656043811
taco,CONTACT_FULL,PERSIST,T2_rel_l1_ratio,4,1.5274209409747228,1.4533746255377074,1.6050908626377844
taco,CONTACT_FULL,PERSIST,T3_cent_ratio,4,2.5363854990814905,2.3988027973600405,2.686976405249554
taco,CONTACT_FULL,PERSIST,T3_ang_ratio,4,1.245433256836602,1.197578113402815,1.298604228793053
taco,CONTACT_FULL,PERSIST,T4_rel_l1_ratio,4,1.166864681856737,1.1061506332155708,1.238150134926378
taco,CONTACT_FULL,PERSIST,T1_l1_ratio,4,1.746872878767779,1.6508559463673336,1.8561569005855405
taco,CONTACT_FULL,,T1_l1,8,0.16318493442837162,0.15430069883758796,0.17220144541003754
taco,CONTACT_FULL,PERSIST,T2_rel_l1_ratio,8,1.1156504469800226,1.0690247484648592,1.166318673804529
taco,CONTACT_FULL,PERSIST,T3_cent_ratio,8,1.955585015534278,1.8558913812877909,2.0710310983244296
taco,CONTACT_FULL,PERSIST,T3_ang_ratio,8,1.0791174883737626,1.0406904040288185,1.122865776983635
taco,CONTACT_FULL,PERSIST,T4_rel_l1_ratio,8,0.9864345700634141,0.9301167660883071,1.051619542949335
taco,CONTACT_FULL,PERSIST,T1_l1_ratio,8,1.1416411066294827,1.080973961389568,1.206838382647043
taco,FULL,,T1_l1,1,0.12336102666168493,0.11687703531242037,0.13047788501309784
taco,FULL,PERSIST,T2_rel_l1_ratio,1,2.82103008656552,2.673239192647805,2.9869453987547763
taco,FULL,PERSIST,T3_cent_ratio,1,3.4336408557984535,3.211376148451749,3.6682359341166504
taco,FULL,PERSIST,T3_ang_ratio,1,1.6163725278585257,1.5628090717765235,1.6743967868035856
taco,FULL,PERSIST,T4_rel_l1_ratio,1,1.6197526042068136,1.550698386085334,1.7010169081868634
taco,FULL,PERSIST,T1_l1_ratio,1,4.74782934338501,4.468520776657828,5.068555667675429
taco,FULL,,T1_l1,4,0.13045970461343676,0.12348581580372331,0.13801723238078759
taco,FULL,PERSIST,T2_rel_l1_ratio,4,1.3500795384097242,1.2910542394742002,1.4114292478138577
taco,FULL,PERSIST,T3_cent_ratio,4,2.14683838781403,2.0346931804336816,2.2746487651131932
taco,FULL,PERSIST,T3_ang_ratio,4,1.1298091168185114,1.0996321073186492,1.1646018909347766
taco,FULL,PERSIST,T4_rel_l1_ratio,4,1.0668928227534709,1.0280816576831475,1.1117393975055598
taco,FULL,PERSIST,T1_l1_ratio,4,1.4888903744270647,1.4121448282143587,1.574190521997143
taco,FULL,,T1_l1,8,0.1446121280058543,0.13674470290998594,0.15313862600482708
taco,FULL,PERSIST,T2_rel_l1_ratio,8,1.0155850454441293,0.9774797770885357,1.0562121462479659
taco,FULL,PERSIST,T3_cent_ratio,8,1.6997712981432849,1.618392623271305,1.7942571656945727
taco,FULL,PERSIST,T3_ang_ratio,8,0.9910237406849869,0.968298475722142,1.0185348211290033
taco,FULL,PERSIST,T4_rel_l1_ratio,8,0.9111494570397157,0.8747709323734689,0.9508050408703801
taco,FULL,PERSIST,T1_l1_ratio,8,1.011705831956655,0.9621342364161982,1.064565524003281
arctic,R0,FULL,composite_T1_T4,1,1.1813482667256978,1.1329065476406202,1.2401984495044063
arctic,R0,FULL,T1_ratio,1,0.2967877081762706,0.26369144263062805,0.33470925571283705
arctic,R0,FULL,T2_ratio,1,1.0305050386725116,0.9699787255633799,1.095763428488265
arctic,R0,FULL,T4_ratio,1,1.1587101897630607,1.0945564240504289,1.226015037826202
arctic,R0,FULL,T3_ratio,1,2.239390130290948,2.0814015472813265,2.4181059567587595
arctic,R0,FULL,composite_T1_T4,4,1.2616175699793466,1.2100628215538056,1.325799225003907
arctic,R0,FULL,T1_ratio,4,0.6322583623012771,0.5652392421214858,0.6986551899825618
arctic,R0,FULL,T2_ratio,4,1.0982475347671752,1.044220296615924,1.1558362948510317
arctic,R0,FULL,T4_ratio,4,1.1341334431178183,1.0650299763156605,1.2003470745649851
arctic,R0,FULL,T3_ratio,4,2.1818309397311157,2.023481629744815,2.365042990222869
arctic,R0,FULL,composite_T1_T4,8,1.2423478614729304,1.1881916350724842,1.3077488116178437
arctic,R0,FULL,T1_ratio,8,0.7928491236024656,0.7233449431573363,0.8578195562963189
arctic,R0,FULL,T2_ratio,8,1.092402534565084,1.0413131642351496,1.1484052663122961
arctic,R0,FULL,T4_ratio,8,1.0936387177145388,1.0225131038316535,1.1589086128446093
arctic,R0,FULL,T3_ratio,8,1.9905010700096335,1.8372725262005996,2.1696256166274592
arctic,R0,FULL,composite_T1_T4,0,1.2284378993926584,1.1799917080076525,1.290735386154467
arctic,R1,FULL,composite_T1_T4,1,0.9336609499144674,0.8919100218445882,0.9831466887769232
arctic,R1,FULL,T1_ratio,1,0.2207018836406322,0.19823136008420889,0.24721134530017
arctic,R1,FULL,T2_ratio,1,0.3465661536946846,0.3202129006487243,0.38066380391905474
arctic,R1,FULL,T4_ratio,1,1.075717693807403,1.0226339151847168,1.1349183551620416
arctic,R1,FULL,T3_ratio,1,2.09165806851515,1.9393889760542853,2.269498372659677
arctic,R1,FULL,composite_T1_T4,4,1.0340093512311155,0.9919757126597996,1.0824202802788507
arctic,R1,FULL,T1_ratio,4,0.4764376045771919,0.4307714959613365,0.5218144643810159
arctic,R1,FULL,T2_ratio,4,0.557253052629068,0.5209790335396352,0.5944128349947484
arctic,R1,FULL,T4_ratio,4,1.058702241479194,0.9945736617937702,1.120095740133472
arctic,R1,FULL,T3_ratio,4,2.0436445062390085,1.8875199992569227,2.2277589304629775
arctic,R1,FULL,composite_T1_T4,8,1.078826117622936,1.0312961983145499,1.1302355947683236
arctic,R1,FULL,T1_ratio,8,0.6765072308013654,0.6251766861965625,0.7276356494967072
arctic,R1,FULL,T2_ratio,8,0.7314220491052738,0.6901740951324496,0.769232873614705
arctic,R1,FULL,T4_ratio,8,1.0262203005604733,0.9555044390780782,1.093022191707847
arctic,R1,FULL,T3_ratio,8,1.8811548900246315,1.7386379797475482,2.0678656823617234
arctic,R1,FULL,composite_T1_T4,0,1.015498806256173,0.9731769818004974,1.0634553754491232
arctic,R2,FULL,composite_T1_T4,1,0.5104431643578825,0.4852820529785124,0.5372192176953893
arctic,R2,FULL,T1_ratio,1,0.2644601245486241,0.24050046555855553,0.29085882478489256
arctic,R2,FULL,T2_ratio,1,0.3866339669485946,0.35908979835837,0.42407940787867116
arctic,R2,FULL,T4_ratio,1,0.6921623708475187,0.6589655993363068,0.7265531727402683
arctic,R2,FULL,T3_ratio,1,0.6985161950867927,0.6642561713540138,0.734419432606738
arctic,R2,FULL,composite_T1_T4,4,0.7043416681876777,0.6670807542344662,0.7419072704133236
arctic,R2,FULL,T1_ratio,4,0.548238126216044,0.4978675326582028,0.5988909259682081
arctic,R2,FULL,T2_ratio,4,0.5929391898744866,0.5544986431629096,0.6330614767293593
arctic,R2,FULL,T4_ratio,4,0.8065898470896485,0.7650135335278182,0.8465718608086475
arctic,R2,FULL,T3_ratio,4,0.8695995095705321,0.8272302453373327,0.913605984048417
arctic,R2,FULL,composite_T1_T4,8,0.8261633770076925,0.7896495766299974,0.8604619944132135
arctic,R2,FULL,T1_ratio,8,0.7393175377191868,0.685079993465474,0.7905843052065699
arctic,R2,FULL,T2_ratio,8,0.7475389051445819,0.7054015180632482,0.7873836074573637
arctic,R2,FULL,T4_ratio,8,0.8642184459278172,0.8211644741503596,0.9066041687642902
arctic,R2,FULL,T3_ratio,8,0.9535786192391841,0.9092283243768138,0.9975588136070122
arctic,R2,FULL,composite_T1_T4,0,0.6803160698510843,0.6472930695734762,0.7132067537874611
arctic,R3,FULL,composite_T1_T4,1,0.5110494041805644,0.4871455962541327,0.5379685878876682
arctic,R3,FULL,T1_ratio,1,0.2612335735540884,0.23833664602710164,0.28699512238777397
arctic,R3,FULL,T2_ratio,1,0.3918461355057073,0.3662485861151733,0.4251334442776219
arctic,R3,FULL,T4_ratio,1,0.67963313466737,0.646186588452479,0.7137440882885732
arctic,R3,FULL,T3_ratio,1,0.7114847729950922,0.6781309237981112,0.7472511272242399
arctic,R3,FULL,composite_T1_T4,4,0.704012028452477,0.6675574940658021,0.7414903168131936
arctic,R3,FULL,T1_ratio,4,0.5462729579573953,0.49679987020365557,0.5955360968368734
arctic,R3,FULL,T2_ratio,4,0.5967477729620185,0.558360131646181,0.6374082684208517
arctic,R3,FULL,T4_ratio,4,0.7961553160238842,0.7558832747872936,0.8353137877467717
arctic,R3,FULL,T3_ratio,4,0.8768720668666101,0.8352705191578035,0.920060541968601
arctic,R3,FULL,composite_T1_T4,8,0.8289668213932877,0.7927493546295942,0.8635036814089939
arctic,R3,FULL,T1_ratio,8,0.7427211014103658,0.68652568349955,0.7964318531709088
arctic,R3,FULL,T2_ratio,8,0.7525772938563776,0.7120860463068623,0.7903591098654167
arctic,R3,FULL,T4_ratio,8,0.8630182266791366,0.8215796411844629,0.9021674173156198
arctic,R3,FULL,T3_ratio,8,0.9575506636272708,0.9147866903487605,1.0008010460451116
arctic,R3,FULL,composite_T1_T4,0,0.6813427513421096,0.6492076288242185,0.7142112865674978
arctic,R4,FULL,composite_T1_T4,1,0.5237000547253985,0.49931863197650805,0.5491282707457678
arctic,R4,FULL,T1_ratio,1,0.2887732791433147,0.2628201853201259,0.31740103725380514
arctic,R4,FULL,T2_ratio,1,0.44868040168003426,0.4208512493065499,0.48816719293859606
arctic,R4,FULL,T4_ratio,1,0.7225535821587891,0.6872275639722902,0.75570728756264
arctic,R4,FULL,T3_ratio,1,0.6347929559194561,0.6037909588760824,0.6677947404939276
arctic,R4,FULL,composite_T1_T4,4,0.6928250825681819,0.661124772778265,0.7219545607796723
arctic,R4,FULL,T1_ratio,4,0.5428217210391704,0.49762628768492145,0.584105994098303
arctic,R4,FULL,T2_ratio,4,0.6291931738496436,0.5957020823540672,0.6626077184971695
arctic,R4,FULL,T4_ratio,4,0.8465949475588292,0.8049895592316694,0.8862809449814217
arctic,R4,FULL,T3_ratio,4,0.7526904878250844,0.716458696330124,0.7912011041070943
arctic,R4,FULL,composite_T1_T4,8,0.8090228714301968,0.7787152401670654,0.8376133327512532
arctic,R4,FULL,T1_ratio,8,0.7144540754611425,0.6727766798581242,0.7532930108674085
arctic,R4,FULL,T2_ratio,8,0.7689520394863534,0.7346147444174566,0.8049361615575356
arctic,R4,FULL,T4_ratio,8,0.9204651686129742,0.8792857110641086,0.9608064014487379
arctic,R4,FULL,T3_ratio,8,0.8322202021603167,0.7959463867895501,0.8682744848320634
arctic,R4,FULL,composite_T1_T4,0,0.6751826695745923,0.64778265625219,0.7007408060160896
arctic,R5,FULL,composite_T1_T4,1,0.512624193872687,0.4890541240156712,0.5379727678531995
arctic,R5,FULL,T1_ratio,1,0.2718445045198241,0.24790811994672934,0.2999009535253511
arctic,R5,FULL,T2_ratio,1,0.4393739980744191,0.41164794922136494,0.47705203010270425
arctic,R5,FULL,T4_ratio,1,0.7067531665966043,0.6714113568370038,0.739802890208185
arctic,R5,FULL,T3_ratio,1,0.6325251062999007,0.6012365612872954,0.6663280856695768
arctic,R5,FULL,composite_T1_T4,4,0.6846953041083884,0.6529265792829108,0.7145752148594083
arctic,R5,FULL,T1_ratio,4,0.5299442627786786,0.4850660754645676,0.5720449821154289
arctic,R5,FULL,T2_ratio,4,0.6165660934202064,0.5857451883327626,0.6480541050112935
arctic,R5,FULL,T4_ratio,4,0.8410650695746484,0.797521822446631,0.8849175030580837
arctic,R5,FULL,T3_ratio,4,0.7512057906600202,0.7148036459240451,0.7890405801518888
arctic,R5,FULL,composite_T1_T4,8,0.8087245538775588,0.778626204060443,0.8386683342852845
arctic,R5,FULL,T1_ratio,8,0.7140994247427709,0.6709618407768726,0.75225088479363
arctic,R5,FULL,T2_ratio,8,0.762776255960665,0.7302841339180169,0.7988085445377769
arctic,R5,FULL,T4_ratio,8,0.9265229851294398,0.8829117866058168,0.9695576926395656
arctic,R5,FULL,T3_ratio,8,0.8314995496773596,0.7965181897926141,0.868260146598152
arctic,R5,FULL,composite_T1_T4,0,0.6686813506195447,0.6420960377901078,0.6947891948090481
arctic,CONTACT_FULL,FULL,composite_T1_T4,1,1.0897790562755714,1.0699808496625873,1.1111218454750484
arctic,CONTACT_FULL,FULL,T1_ratio,1,1.048597999639526,1.0233733762980464,1.0748068996950448
arctic,CONTACT_FULL,FULL,T2_ratio,1,1.0478603463460026,1.0204364678874582,1.0770712466025603
arctic,CONTACT_FULL,FULL,T4_ratio,1,1.0486284512036304,1.0144584173804698,1.0919599118810808
arctic,CONTACT_FULL,FULL,T3_ratio,1,1.2140294279131267,1.171415181610547,1.253933372530912
arctic,CONTACT_FULL,FULL,composite_T1_T4,4,1.083969744562495,1.0649008817573657,1.1037337984150843
arctic,CONTACT_FULL,FULL,T1_ratio,4,1.0555846232105253,1.028272515095268,1.085008633806328
arctic,CONTACT_FULL,FULL,T2_ratio,4,1.0437311511137666,1.0186995392839029,1.0723840776457811
arctic,CONTACT_FULL,FULL,T4_ratio,4,1.0441151780047346,1.0097318007859277,1.0830882129417536
arctic,CONTACT_FULL,FULL,T3_ratio,4,1.1924480259209531,1.1509057961469378,1.2336755492952431
arctic,CONTACT_FULL,FULL,composite_T1_T4,8,1.068898412000272,1.0527431213625567,1.0849665406567823
arctic,CONTACT_FULL,FULL,T1_ratio,8,1.048328082510542,1.0242715980510864,1.074758721963024
arctic,CONTACT_FULL,FULL,T2_ratio,8,1.0313314222855252,1.0083054483253686,1.0537316297894888
arctic,CONTACT_FULL,FULL,T4_ratio,8,1.0327125675450637,1.0048728773688174,1.0613257655506017
arctic,CONTACT_FULL,FULL,T3_ratio,8,1.1632215756599573,1.1236598273061222,1.2040635845838117
arctic,CONTACT_FULL,FULL,composite_T1_T4,0,1.080882404279446,1.0632287468647903,1.0988996442111316
arctic,R0,FULL,E_C_ratio,1,3.487935953800385,3.2632940488717472,3.715218288980183
arctic,R0,PERSIST,E_C_ratio,1,15.562408978232057,12.884075453081053,18.891770662996336
arctic,R0,FULL,E_C_ratio,4,2.7186960303970427,2.5494087510454997,2.88317437092631
arctic,R0,PERSIST,E_C_ratio,4,4.904078054176973,4.0033444046007745,6.042548383791332
arctic,R0,FULL,E_C_ratio,8,2.1107540830079987,1.9746576472959618,2.25201678206249
arctic,R0,PERSIST,E_C_ratio,8,3.0317409028871904,2.480938279658049,3.734949862559758
arctic,R0,FULL,E_H_ratio,1,5.793553600052942,5.197711815445967,6.44201084475128
arctic,R0,PERSIST,E_H_ratio,1,18.550939425098093,14.553558450739724,23.74312659001761
arctic,R0,FULL,E_H_ratio,4,4.240102684561495,3.718915122076636,4.834172300535103
arctic,R0,PERSIST,E_H_ratio,4,5.119240968043071,4.024285699686967,6.544877245098294
arctic,R0,FULL,E_H_ratio,8,2.8501539191547147,2.5386191950110653,3.237407097830246
arctic,R0,PERSIST,E_H_ratio,8,2.9142213988798544,2.3234948268638114,3.673627055788116
arctic,R1,FULL,E_C_ratio,1,3.1796577805953983,2.9605044796903828,3.416906163283259
arctic,R1,PERSIST,E_C_ratio,1,14.186939051597955,11.494720344717194,17.40605148474016
arctic,R1,FULL,E_C_ratio,4,2.495452230814386,2.327954517910955,2.669594554437073
arctic,R1,PERSIST,E_C_ratio,4,4.501383157055833,3.638452928292255,5.5912327868765646
arctic,R1,FULL,E_C_ratio,8,1.9676688290788515,1.8434427832303382,2.096938898514316
arctic,R1,PERSIST,E_C_ratio,8,2.826223159049027,2.3127718145931104,3.4857510485689773
arctic,R1,FULL,E_H_ratio,1,5.404766995860187,4.846418699642459,5.995061393252568
arctic,R1,PERSIST,E_H_ratio,1,17.30604600707509,13.53557974578398,22.128092337479256
arctic,R1,FULL,E_H_ratio,4,3.9569161289294463,3.4807918634683617,4.481833740762129
arctic,R1,PERSIST,E_H_ratio,4,4.777338819666087,3.773593935307609,6.118689190761928
arctic,R1,FULL,E_H_ratio,8,2.6800892211389176,2.4110289546714947,3.0166320212051576
arctic,R1,PERSIST,E_H_ratio,8,2.740333883956218,2.2016433216328464,3.4570410751170657
arctic,R2,FULL,E_C_ratio,1,2.2924800819362496,2.1778733581809835,2.418712119846259
arctic,R2,PERSIST,E_C_ratio,1,10.228545788138812,8.505945000955633,12.346304536768884
arctic,R2,FULL,E_C_ratio,4,1.8533139182859633,1.7601994011998914,1.9484028313972421
arctic,R2,PERSIST,E_C_ratio,4,3.3430718302257523,2.771966241677168,4.064472250914783
arctic,R2,FULL,E_C_ratio,8,1.5145042716154682,1.4436236027696097,1.595175514959115
arctic,R2,PERSIST,E_C_ratio,8,2.175328990154362,1.8344484770225846,2.613012402103232
arctic,R2,FULL,E_H_ratio,1,3.455876176085028,3.156732478408337,3.7592117325972327
arctic,R2,PERSIST,E_H_ratio,1,11.065704061598247,9.245335305576472,13.367208882087002
arctic,R2,FULL,E_H_ratio,4,2.5948912764735526,2.395428497145088,2.7844997336732784
arctic,R2,PERSIST,E_H_ratio,4,3.132913214226742,2.6247191274394384,3.7796286695434462
arctic,R2,FULL,E_H_ratio,8,1.851150345219977,1.751914378967525,1.9380763394993727
arctic,R2,PERSIST,E_H_ratio,8,1.8927616197597534,1.6210731672810517,2.2483096432125746
arctic,R3,FULL,E_C_ratio,1,2.2351567308443125,2.1342653096715454,2.3392049175942433
arctic,R3,PERSIST,E_C_ratio,1,9.972781506480052,8.317948867796893,11.984626797559867
arctic,R3,FULL,E_C_ratio,4,1.8089164298094316,1.7310261219942742,1.8895866453515593
arctic,R3,PERSIST,E_C_ratio,4,3.2629861029270897,2.7215519049274755,3.933847292473275
arctic,R3,FULL,E_C_ratio,8,1.4839856262764146,1.413550573969013,1.5552401881637747
arctic,R3,PERSIST,E_C_ratio,8,2.1314941227389874,1.8054939897163296,2.538024946085363
arctic,R3,FULL,E_H_ratio,1,3.344931147959268,3.0731981094662424,3.621107930030185
arctic,R3,PERSIST,E_H_ratio,1,10.710458449258011,9.002863018044563,12.87516593913133
arctic,R3,FULL,E_H_ratio,4,2.509529086920003,2.3249796365459074,2.6739211601777604
arctic,R3,PERSIST,E_H_ratio,4,3.02985212104249,2.5593471624693898,3.6298851717456677
arctic,R3,FULL,E_H_ratio,8,1.791171622627107,1.6981664160616965,1.8673473426271616
arctic,R3,PERSIST,E_H_ratio,8,1.8314346592461757,1.5810512875511264,2.160610093560116
arctic,R4,FULL,E_C_ratio,1,2.004331495602496,1.8745924369953673,2.1370756512097078
arctic,R4,PERSIST,E_C_ratio,1,8.942889684809478,7.431767790274107,10.760841416761846
arctic,R4,FULL,E_C_ratio,4,1.6263426925681055,1.5243310825539809,1.7254163899726094
arctic,R4,PERSIST,E_C_ratio,4,2.9336532727528013,2.4197460617154407,3.555850718189564
arctic,R4,FULL,E_C_ratio,8,1.3659765668047479,1.2982388071232405,1.4337951725669016
arctic,R4,PERSIST,E_C_ratio,8,1.9619940869974275,1.652957207503964,2.3300037761502024
arctic,R4,FULL,E_H_ratio,1,1.7450826657046972,1.512827293037693,2.032790824463395
arctic,R4,PERSIST,E_H_ratio,1,5.587748911649099,4.3008552224528,7.321559965579584
arctic,R4,FULL,E_H_ratio,4,1.4764888469565773,1.3253386949766455,1.6678486342481484
arctic,R4,PERSIST,E_H_ratio,4,1.7826224401875483,1.4228096106664818,2.246062807839727
arctic,R4,FULL,E_H_ratio,8,1.2469349700916255,1.1662214267981024,1.345544461209276
arctic,R4,PERSIST,E_H_ratio,8,1.2749643268144393,1.0637421102297793,1.5436596868311931
arctic,R5,FULL,E_C_ratio,1,1.9711980956002433,1.8526554167486022,2.0951377313776645
arctic,R5,PERSIST,E_C_ratio,1,8.795055685417205,7.30536114315091,10.577110044004755
arctic,R5,FULL,E_C_ratio,4,1.6017695963652308,1.5076812758972877,1.69432430203804
arctic,R5,PERSIST,E_C_ratio,4,2.88932747080057,2.3877666791205825,3.493731926735082
arctic,R5,FULL,E_C_ratio,8,1.3538939246179422,1.2870838172458134,1.422699624584979
arctic,R5,PERSIST,E_C_ratio,8,1.9446394170111987,1.6354316311604031,2.3080047336814187
arctic,R5,FULL,E_H_ratio,1,1.7139680467317493,1.4988859341930558,1.9557455265444157
arctic,R5,PERSIST,E_H_ratio,1,5.488120004824643,4.213898234003656,7.129085181115627
arctic,R5,FULL,E_H_ratio,4,1.4523458055295364,1.319297586042767,1.6086447971567641
arctic,R5,PERSIST,E_H_ratio,4,1.7534736067839416,1.4098546060874166,2.2073733175205805
arctic,R5,FULL,E_H_ratio,8,1.2305283493477053,1.1563564648153346,1.3130504813529096
arctic,R5,PERSIST,E_H_ratio,8,1.258188908148833,1.0613212210717882,1.5190454899609132
arctic,CONTACT_FULL,FULL,E_C_ratio,1,1.3961835461439083,1.3666112880197594,1.425178793117297
arctic,CONTACT_FULL,PERSIST,E_C_ratio,1,6.229466263592213,5.160947194757561,7.6102810061070345
arctic,CONTACT_FULL,FULL,E_C_ratio,4,1.2413695425107916,1.20708941401934,1.2707839098799647
arctic,CONTACT_FULL,PERSIST,E_C_ratio,4,2.239225372194998,1.9005513218683374,2.677268474749608
arctic,CONTACT_FULL,FULL,E_C_ratio,8,1.12292148162222,1.0843234841444052,1.160849136535824
arctic,CONTACT_FULL,PERSIST,E_C_ratio,8,1.6128866048257076,1.4113989257763684,1.8717562072311846
arctic,CONTACT_FULL,FULL,E_H_ratio,1,3.2248228267655263,2.9561436438344817,3.496220129647747
arctic,CONTACT_FULL,PERSIST,E_H_ratio,1,10.325872002885106,8.713427845189969,12.290740961042637
arctic,CONTACT_FULL,FULL,E_H_ratio,4,2.3880845216660487,2.217092054503041,2.5559356033042113
arctic,CONTACT_FULL,PERSIST,E_H_ratio,4,2.883227371585858,2.4516877910107024,3.414419023654014
arctic,CONTACT_FULL,FULL,E_H_ratio,8,1.7259497954771683,1.6336643859120348,1.8032823165050478
arctic,CONTACT_FULL,PERSIST,E_H_ratio,8,1.7647467365073348,1.5313235518295691,2.052710128171674
arctic,FULL,FULL,E_C_ratio,1,1.0,1.0,1.0
arctic,FULL,PERSIST,E_C_ratio,1,4.461781748393507,3.7029564987771617,5.471192754134734
arctic,FULL,FULL,E_C_ratio,4,1.0,1.0,1.0
arctic,FULL,PERSIST,E_C_ratio,4,1.80383463224492,1.5320894336676507,2.1678423904451463
arctic,FULL,FULL,E_C_ratio,8,1.0,1.0,1.0
arctic,FULL,PERSIST,E_C_ratio,8,1.4363307063069657,1.2390293281338565,1.6794693495622113
arctic,FULL,FULL,E_H_ratio,1,1.0,1.0,1.0
arctic,FULL,PERSIST,E_H_ratio,1,3.2019966855797404,2.720425113423315,3.825304534133168
arctic,FULL,FULL,E_H_ratio,4,1.0,1.0,1.0
arctic,FULL,PERSIST,E_H_ratio,4,1.2073389134377757,1.0507757723590379,1.4149811319681835
arctic,FULL,FULL,E_H_ratio,8,1.0,1.0,1.0
arctic,FULL,PERSIST,E_H_ratio,8,1.0224786034517535,0.8819099067410604,1.2079918291329337
arctic,R0,,T1_l1,1,0.052375349379530076,0.04824859346772667,0.05652936747599812
arctic,R0,PERSIST,T2_rel_l1_ratio,1,7.337472196349179,6.73437276569814,8.192535051702748
arctic,R0,PERSIST,T3_cent_ratio,1,16.698052044737555,13.22801095882301,21.29971495711024
arctic,R0,PERSIST,T3_ang_ratio,1,4.005916321574223,3.5417640615465467,4.5173784921587545
arctic,R0,PERSIST,T4_rel_l1_ratio,1,3.042784258245113,2.746962545205152,3.3514181892560257
arctic,R0,PERSIST,T1_l1_ratio,1,2.609784525276446,2.3957926430765806,2.860218752268032
arctic,R0,,T1_l1,4,0.11527795594412579,0.10474228719743861,0.12644402706831803
arctic,R0,PERSIST,T2_rel_l1_ratio,4,2.8128204688113136,2.5682628053288,3.16393186169985
arctic,R0,PERSIST,T3_cent_ratio,4,7.013293614541572,5.657094559726014,8.960351708835976
arctic,R0,PERSIST,T3_ang_ratio,4,2.2853958516694557,2.043903928090812,2.5564429129530355
arctic,R0,PERSIST,T4_rel_l1_ratio,4,1.7059572780012306,1.5628205474144838,1.8579810609486076
arctic,R0,PERSIST,T1_l1_ratio,4,1.766364246774951,1.6001875173275044,1.957622718809674
arctic,R0,,T1_l1,8,0.16509126610542504,0.14729734869754216,0.18307693334609929
arctic,R0,PERSIST,T2_rel_l1_ratio,8,1.9625113412477524,1.7787489050788066,2.2121475325725064
arctic,R0,PERSIST,T3_cent_ratio,8,4.13105259375815,3.2903763756211504,5.464687972737319
arctic,R0,PERSIST,T3_ang_ratio,8,1.7962717821321696,1.6103067470583325,1.9981618131487158
arctic,R0,PERSIST,T4_rel_l1_ratio,8,1.392583112501723,1.2784006237775722,1.5111385382135822
arctic,R0,PERSIST,T1_l1_ratio,8,1.5790547232653547,1.4305999252310577,1.7509068938472665
arctic,R1,,T1_l1,1,0.038948170513628845,0.03622859357558492,0.04220382328929448
arctic,R1,PERSIST,T2_rel_l1_ratio,1,2.467643943018651,2.2670672053718683,2.801053892468126
arctic,R1,PERSIST,T3_cent_ratio,1,15.427772495577551,12.094486618567974,19.93337308250056
arctic,R1,PERSIST,T3_ang_ratio,1,3.826933058575167,3.394157409847845,4.292195015286193
arctic,R1,PERSIST,T4_rel_l1_ratio,1,2.8248451545094455,2.5566434834921017,3.120403118120481
arctic,R1,PERSIST,T1_l1_ratio,1,1.9407284896131594,1.8151390698669816,2.081641302676789
arctic,R1,,T1_l1,4,0.08686757892875942,0.07998895429780742,0.09469319201934469
arctic,R1,PERSIST,T2_rel_l1_ratio,4,1.4272308774860354,1.33263869848225,1.567327576086545
arctic,R1,PERSIST,T3_cent_ratio,4,6.502138494374747,5.219632103534009,8.40162209566903
arctic,R1,PERSIST,T3_ang_ratio,4,2.18609067533672,1.964406668108289,2.4267288824526267
arctic,R1,PERSIST,T4_rel_l1_ratio,4,1.5924940799933913,1.465245117949794,1.7342781661194595
arctic,R1,PERSIST,T1_l1_ratio,4,1.3310418663047134,1.2357551515716192,1.4384530494240297
arctic,R1,,T1_l1,8,0.14086593771461553,0.12787504503029626,0.15433796516515597
arctic,R1,PERSIST,T2_rel_l1_ratio,8,1.3140065325637975,1.2150471585418088,1.448714962666313
arctic,R1,PERSIST,T3_cent_ratio,8,3.8753932396452986,3.0547499715212374,5.107435717543786
arctic,R1,PERSIST,T3_ang_ratio,8,1.7213099331083754,1.5471675359716517,1.9069176098909386
arctic,R1,PERSIST,T4_rel_l1_ratio,8,1.3067359788189026,1.2048324220085385,1.4142586807515027
arctic,R1,PERSIST,T1_l1_ratio,8,1.347345801766539,1.2464443502828328,1.4660044802165306
arctic,R2,,T1_l1,1,0.04667036753409482,0.04297861307025053,0.05043237084412842
arctic,R2,PERSIST,T2_rel_l1_ratio,1,2.7529375172235864,2.53117688565494,3.099008904197656
arctic,R2,PERSIST,T3_cent_ratio,1,4.803352791872017,4.111126217751884,5.7469529572344324
arctic,R2,PERSIST,T3_ang_ratio,1,1.454340883958322,1.3897472628671736,1.525430237841046
arctic,R2,PERSIST,T4_rel_l1_ratio,1,1.8176251359238613,1.6888648246588094,1.9568308923427031
arctic,R2,PERSIST,T1_l1_ratio,1,2.3255138996179756,2.1607788638101653,2.517556705718689
arctic,R2,,T1_l1,4,0.09995877370572112,0.0919089055015057,0.10853369517361235
arctic,R2,PERSIST,T2_rel_l1_ratio,4,1.518629850958808,1.4221523638953169,1.6607214827848789
arctic,R2,PERSIST,T3_cent_ratio,4,2.3886144697673064,2.042334968747938,2.8571548851075605
arctic,R2,PERSIST,T3_ang_ratio,4,1.1867953631269055,1.1446600551823713,1.242490691521312
arctic,R2,PERSIST,T4_rel_l1_ratio,4,1.213268005060971,1.142923077046127,1.293098566756561
arctic,R2,PERSIST,T1_l1_ratio,4,1.5316337159103748,1.4107656321644266,1.671057523929598
arctic,R2,,T1_l1,8,0.1539446342595747,0.1406155094152329,0.16775731607835936
arctic,R2,PERSIST,T2_rel_l1_ratio,8,1.342960614746509,1.2536902271618524,1.4638056415767633
arctic,R2,PERSIST,T3_cent_ratio,8,1.6814108419577736,1.4417131771277434,2.0300125754459755
arctic,R2,PERSIST,T3_ang_ratio,8,1.1062527870978964,1.0663707413997257,1.1599539158856371
arctic,R2,PERSIST,T4_rel_l1_ratio,8,1.1004511762591946,1.032605750524519,1.1838229735677117
arctic,R2,PERSIST,T1_l1_ratio,8,1.4724401089377248,1.354889788698394,1.6117418969589918
arctic,R3,,T1_l1,1,0.046100964789391824,0.04266646371278985,0.0496587579636468
arctic,R3,PERSIST,T2_rel_l1_ratio,1,2.7900495549480846,2.5685018348873085,3.1258154183824214
arctic,R3,PERSIST,T3_cent_ratio,1,4.902609758701028,4.199973173613821,5.852659338221408
arctic,R3,PERSIST,T3_ang_ratio,1,1.4762472711692873,1.4097672588066728,1.552164414503636
arctic,R3,PERSIST,T4_rel_l1_ratio,1,1.784723239527673,1.6665172916711168,1.918234533783063
arctic,R3,PERSIST,T1_l1_ratio,1,2.297141421164274,2.134785780888167,2.4859395988200785
arctic,R3,,T1_l1,4,0.0996004698959957,0.09135108361014913,0.10833138005631567
arctic,R3,PERSIST,T2_rel_l1_ratio,4,1.528384355409437,1.4300847067973879,1.6772832095302492
arctic,R3,PERSIST,T3_cent_ratio,4,2.4130550364321137,2.065687281989654,2.8960039185863136
arctic,R3,PERSIST,T3_ang_ratio,4,1.1936914232055817,1.149899796693056,1.2515089284309027
arctic,R3,PERSIST,T4_rel_l1_ratio,4,1.1975724409082777,1.1294859753088218,1.2737870179160993
arctic,R3,PERSIST,T1_l1_ratio,4,1.5261435505635066,1.402592646968751,1.6709098301065015
arctic,R3,,T1_l1,8,0.15465334241390058,0.1409038471612393,0.16877821893610095
arctic,R3,PERSIST,T2_rel_l1_ratio,8,1.3520121270559804,1.2583422726206133,1.4757211697367203
arctic,R3,PERSIST,T3_cent_ratio,8,1.6933657018261892,1.4490714132879878,2.0439612340486137
arctic,R3,PERSIST,T3_ang_ratio,8,1.1067731726023433,1.0655593598129556,1.1594151277546452
arctic,R3,PERSIST,T4_rel_l1_ratio,8,1.0989228789980068,1.0315581727055585,1.177716674066359
arctic,R3,PERSIST,T1_l1_ratio,8,1.4792187168247728,1.3572879058255467,1.6267850797023427
arctic,R4,,T1_l1,1,0.05096101007532544,0.047006281873895675,0.055170059494791826
arctic,R4,PERSIST,T2_rel_l1_ratio,1,3.1947247697255245,2.9132817322505113,3.598384367751684
arctic,R4,PERSIST,T3_cent_ratio,1,4.070954863383075,3.4423221421226913,4.877656526173738
arctic,R4,PERSIST,T3_ang_ratio,1,1.4703898699006404,1.4100251738696414,1.5354390879527133
arctic,R4,PERSIST,T4_rel_l1_ratio,1,1.8974327532072164,1.7508897036101436,2.060167655463114
arctic,R4,PERSIST,T1_l1_ratio,1,2.5393101346837197,2.3381875699298917,2.7656476453525465
arctic,R4,,T1_l1,4,0.09897121520972507,0.0894969272463496,0.10868509316472887
arctic,R4,PERSIST,T2_rel_l1_ratio,4,1.6114831877276428,1.477146957000968,1.8043310025645758
arctic,R4,PERSIST,T3_cent_ratio,4,1.9107174343356976,1.6136471012286682,2.2981584787973066
arctic,R4,PERSIST,T3_ang_ratio,4,1.1336190590743056,1.0988224025679894,1.176082655325807
arctic,R4,PERSIST,T4_rel_l1_ratio,4,1.2734434568269934,1.1759172919686658,1.3821871576340696
arctic,R4,PERSIST,T1_l1_ratio,4,1.5165016986513964,1.385551024494971,1.6757743194095809
arctic,R4,,T1_l1,8,0.14876743176070037,0.13303950782091736,0.1652559660999179
arctic,R4,PERSIST,T2_rel_l1_ratio,8,1.381429510293441,1.2582943553549173,1.545874813182858
arctic,R4,PERSIST,T3_cent_ratio,8,1.3717951659369307,1.1709076600825428,1.6533779346162503
arctic,R4,PERSIST,T3_ang_ratio,8,1.044414869890073,1.0113847187809555,1.0833910751863853
arctic,R4,PERSIST,T4_rel_l1_ratio,8,1.1720728506532814,1.070874156920466,1.2883540092804924
arctic,R4,PERSIST,T1_l1_ratio,8,1.4229215229337373,1.29723609330035,1.5708866377139163
arctic,R5,,T1_l1,1,0.04797351948509508,0.044462910890754166,0.051751189787439866
arctic,R5,PERSIST,T2_rel_l1_ratio,1,3.128460680622021,2.8618897098199048,3.515701207336176
arctic,R5,PERSIST,T3_cent_ratio,1,4.032181005764899,3.430630141521922,4.847851743367359
arctic,R5,PERSIST,T3_ang_ratio,1,1.4773853257234075,1.4167751358642662,1.5441287137927908
arctic,R5,PERSIST,T4_rel_l1_ratio,1,1.8559407078527366,1.7177257306974396,2.006306568009753
arctic,R5,PERSIST,T1_l1_ratio,1,2.3904479923943285,2.206915596137567,2.6016674254763354
arctic,R5,,T1_l1,4,0.09662330309888782,0.08749153341525724,0.10617125575747488
arctic,R5,PERSIST,T2_rel_l1_ratio,4,1.579142837151962,1.452154159310637,1.7597471138032734
arctic,R5,PERSIST,T3_cent_ratio,4,1.904464521004321,1.616612545612983,2.2882965112534146
arctic,R5,PERSIST,T3_ang_ratio,4,1.1330684681975756,1.0990757084184875,1.1757334032504219
arctic,R5,PERSIST,T4_rel_l1_ratio,4,1.2651254448233635,1.1688533969394028,1.3718648159780795
arctic,R5,PERSIST,T1_l1_ratio,4,1.4805254534691608,1.3474363342069782,1.6343439328538434
arctic,R5,,T1_l1,8,0.14869358449975478,0.1326644934153911,0.16519446062553433
arctic,R5,PERSIST,T2_rel_l1_ratio,8,1.3703346575933055,1.2531601858375456,1.5275465996576678
arctic,R5,PERSIST,T3_cent_ratio,8,1.3721121896090722,1.1711497390335317,1.650524074718508
arctic,R5,PERSIST,T3_ang_ratio,8,1.0422680164097198,1.009928065178226,1.0811246334112796
arctic,R5,PERSIST,T4_rel_l1_ratio,8,1.1797865616282304,1.0756342513563812,1.291570879799619
arctic,R5,PERSIST,T1_l1_ratio,8,1.422215193223225,1.2974079641769272,1.5729847011752158
arctic,CONTACT_FULL,,T1_l1,1,0.18505040834500322,0.1629137297833682,0.2059036112734783
arctic,CONTACT_FULL,PERSIST,T2_rel_l1_ratio,1,7.461046640659871,6.6108502298554335,8.564045994834819
arctic,CONTACT_FULL,PERSIST,T3_cent_ratio,1,7.00588134679265,5.7990795398765895,8.639564976635558
arctic,CONTACT_FULL,PERSIST,T3_ang_ratio,1,3.206260621265664,2.824351081391608,3.6423535335375363
arctic,CONTACT_FULL,PERSIST,T4_rel_l1_ratio,1,2.7537085392533074,2.458110452670024,3.0934828657668056
arctic,CONTACT_FULL,PERSIST,T1_l1_ratio,1,9.220782253791045,8.003946381247589,10.643148785651217
arctic,CONTACT_FULL,,T1_l1,4,0.19246188733170952,0.16932385024340116,0.21401564767367953
arctic,CONTACT_FULL,PERSIST,T2_rel_l1_ratio,4,2.6731936588514014,2.3885676473383755,3.0591092278649676
arctic,CONTACT_FULL,PERSIST,T3_cent_ratio,4,2.955191921642502,2.425990544159375,3.672856949285337
arctic,CONTACT_FULL,PERSIST,T3_ang_ratio,4,1.8446916510179385,1.635359403044621,2.0932735258298107
arctic,CONTACT_FULL,PERSIST,T4_rel_l1_ratio,4,1.5705522994648942,1.4162416114029721,1.7422007090137903
arctic,CONTACT_FULL,PERSIST,T1_l1_ratio,4,2.949026931170909,2.5717567475251837,3.4431716564541444
arctic,CONTACT_FULL,,T1_l1,8,0.2182884552475271,0.1943580739483255,0.24047536731826324
arctic,CONTACT_FULL,PERSIST,T2_rel_l1_ratio,8,1.852796518479636,1.681294203382862,2.0862225850080347
arctic,CONTACT_FULL,PERSIST,T3_cent_ratio,8,1.898575897362775,1.5683747502050116,2.393137442717204
arctic,CONTACT_FULL,PERSIST,T3_ang_ratio,8,1.4753568621215631,1.3202790437953837,1.6651935449670086
arctic,CONTACT_FULL,PERSIST,T4_rel_l1_ratio,8,1.3150028966027636,1.1897825495778218,1.4585142430745968
arctic,CONTACT_FULL,PERSIST,T1_l1_ratio,8,2.0878719051848065,1.8608270144928558,2.406775737987415
arctic,FULL,,T1_l1,1,0.17647411916541664,0.15544659654236753,0.19748172190481839
arctic,FULL,PERSIST,T2_rel_l1_ratio,1,7.120268141338981,6.395844430680782,8.043318502341627
arctic,FULL,PERSIST,T3_cent_ratio,1,5.497600816394646,4.598418861029046,6.697515748023377
arctic,FULL,PERSIST,T3_ang_ratio,1,2.77909591664839,2.5391554191329577,3.0526105483907804
arctic,FULL,PERSIST,T4_rel_l1_ratio,1,2.626009752160131,2.3643726239031855,2.922508048333916
arctic,FULL,PERSIST,T1_l1_ratio,1,8.793438721951453,7.622295795715618,10.18856316872918
arctic,FULL,,T1_l1,4,0.18232729342564988,0.1599396133885024,0.2030522976996839
arctic,FULL,PERSIST,T2_rel_l1_ratio,4,2.5611898772963073,2.3101802673575884,2.9066998674431543
arctic,FULL,PERSIST,T3_cent_ratio,4,2.3790514605376596,1.9860165826873855,2.918954602237611
arctic,FULL,PERSIST,T3_ang_ratio,4,1.6142936680218634,1.4867479102874805,1.766215828763746
arctic,FULL,PERSIST,T4_rel_l1_ratio,4,1.504194491709393,1.3697656357090715,1.660459949740044
arctic,FULL,PERSIST,T1_l1_ratio,4,2.7937380540856522,2.4406034234510896,3.244812525596269
arctic,FULL,,T1_l1,8,0.20822532458042015,0.1849094574739756,0.22927370514892306
arctic,FULL,PERSIST,T2_rel_l1_ratio,8,1.7965093261423848,1.6341046290523595,2.0116453949146864
arctic,FULL,PERSIST,T3_cent_ratio,8,1.5842187413323603,1.326939605569964,1.9520735289878717
arctic,FULL,PERSIST,T3_ang_ratio,8,1.3079256935096704,1.2061708513734517,1.4285683767747546
arctic,FULL,PERSIST,T4_rel_l1_ratio,8,1.2733484010258078,1.1603598960863595,1.4107030995990717
arctic,FULL,PERSIST,T1_l1_ratio,8,1.991620695865324,1.7770351503340547,2.287661179655678
