dataset,model,input,probe,d_in,part_f1,part_auprc,part_hamming,part_hamming_lo,part_hamming_hi,amount_l1,amount_l1_lo,amount_l1_hi,amount_r2,centroid,centroid_lo,centroid_hi,normal,normal_lo,normal_hi,wrench_rel_l1,wrench_rel_l1_lo,wrench_rel_l1_hi,wrench_cos,wrench_cos_lo,wrench_cos_hi,wrench_ev,wrench_ev_lo,wrench_ev_hi,val_loss,epochs,ret_part_auprc,ret_amount_r2,ret_centroid,ret_normal,ret_wrench_ev,structure_retention
taco,trivial,trivial,constant,0,0.5737218068077449,0.6654677827186327,0.3229212156622076,0.3118981913210135,0.3335143228821539,0.8191639998841149,0.78207429377483,0.8552276331121957,-0.0093028154224157,0.5425701354277329,0.5107811559442464,0.5742527553218321,76.88419484179508,75.02360477552654,78.69768513493645,0.7378446763379575,0.696605804830777,0.7814281545184699,0.8990178039207167,0.8938032126938099,0.9040228610056592,-0.0047554779062066,-0.0070414197718307,-0.0023853917892999,,,,,,,,
taco,dense,C,linear,512,0.8710311153646783,0.9254077232580632,0.1570174713218801,0.1473347656539428,0.1669992424212017,0.4441853821649855,0.4182337208741706,0.4721651468353789,0.5868382453918457,0.2000134143724784,0.1874673278499165,0.2120735121618418,56.01092388001343,53.87749219407911,58.32303691914596,0.4468935145207395,0.4232677382912149,0.4729292150146194,0.9284628535979448,0.9233918958304652,0.9333312001330064,0.5197472935913066,0.486818683936849,0.5497873948434707,1.5275980631510415,52.0,1.0,1.0,1.0,1.0,1.0,1.0
taco,dense,C,mlp,512,0.8844495763856779,0.9380964459495336,0.1399642550873303,0.130524536722339,0.1500457954549154,0.3891697074743409,0.3639455961828151,0.41559385767212,0.6462727785110474,0.1318260040255619,0.1250822220236056,0.1380328187651942,52.78758452827721,50.76617902120724,55.00352389753869,0.4014805609625603,0.379286285019999,0.4237018453658908,0.935646487255176,0.93076058849695,0.9406476560162228,0.5668630395704138,0.5314226867482398,0.5983990628148292,1.1541197896003723,27.0,1.0,1.0,1.0,1.0,1.0,1.0
taco,dense,C_pca64,linear,64,0.8512138282801757,0.911598823671299,0.1781614250075132,0.1667910998777391,0.1896153171130721,0.4866909404265032,0.4606645809362082,0.5132651655778829,0.5440574884414673,0.2192165438816436,0.2061451580225776,0.2315673172220576,58.74989708452731,56.63212340218848,60.886442372735935,0.4821469952145247,0.4575331048846285,0.5127774059410879,0.9246341681771936,0.91878358886161,0.9298016605714324,0.4526939128591635,0.4180027327163195,0.4851807757038434,1.827977577845256,34.0,0.946876576342567,0.9282371912245992,0.9439417523322574,0.8687808341333343,0.8721581955788369,0.911998909922319
taco,dense,C_pca64,mlp,64,0.8866268158309745,0.9355393128117898,0.1383294132867419,0.1292151561853988,0.1481777628803373,0.4084316461499056,0.3827429170742018,0.4347909419729491,0.6288034319877625,0.158738626638025,0.1491404797364297,0.1679030878064709,54.04562708288127,51.98092571305468,56.22597138749216,0.4203160328248185,0.3972514869718729,0.4447205120146398,0.932670527912294,0.927742841556404,0.9374157848830392,0.5078558946218252,0.4537134258565737,0.5540311554903731,1.2873961925506592,33.0,0.9906204538164128,0.9733526588162494,0.9344783758185652,0.947791720983332,0.8967718099667721,0.9486030038802664
taco,A0,A0:h,linear,128,0.8552016117008905,0.9193074215928808,0.1738745064077313,0.162808983016543,0.1843631609091489,0.5626307897602985,0.5392760319589184,0.5900298000779521,0.4373586773872375,0.2040927662252626,0.1969103489865173,0.2106370171280064,64.5467094458977,62.631168422859616,66.6778871361113,0.4890339296768483,0.4679418469239166,0.5119210979795503,0.9220895754364794,0.91748720223854,0.9260617293699815,0.4124861751691036,0.3880595304040022,0.4359458039018077,2.2026429176330566,57.0,0.976531880200777,0.7492547018981783,0.9880914558026548,0.5910662214123963,0.7954994248820446,0.8200887368392102
taco,A0,A0:h,mlp,128,0.8660327959750496,0.9317149355236788,0.159466100848379,0.1491458051283237,0.16931002323827,0.5272511970985065,0.5029411895241467,0.5551099708608511,0.4727866649627685,0.1762846191573804,0.1695326469574624,0.1828149841071549,62.50268583084888,60.479257882720965,64.58452943803249,0.4518050425271704,0.4338073579197597,0.4728584011517276,0.916466483425984,0.909493695704504,0.922503154440372,0.4549788916060331,0.4282709807710728,0.4796253708643322,1.901039997736613,32.0,0.976592665091674,0.7353682547769059,0.8917608025705722,0.596827056744922,0.8042678035374233,0.8009633165442995
taco,A1,A1:z,linear,64,0.8908320110784432,0.95046178426839,0.1314267480107814,0.123260969624988,0.14015741658318,0.4399536573294378,0.4174247887957789,0.46409436748791,0.6263424754142761,0.1663071297980038,0.1600555164870145,0.1722118733716438,54.48690352378152,52.79924061568092,56.38601944333716,0.3629024310621554,0.3499173649211053,0.376130157348792,0.9400961990141196,0.9366269067867262,0.9433495413892252,0.6220472150229643,0.597080107386951,0.6474206701894154,1.412487506866455,60.0,1.096384037629363,1.066266581215647,1.0983962144156496,1.0730130107074427,1.1950417175863155,1.1058203123108836
taco,A1,A1:z,mlp,64,0.8953669321296124,0.9569623724086588,0.1260354029733682,0.1176904698567767,0.1348036483390978,0.3821237367012756,0.3581412631719336,0.4086934008194202,0.6749297976493835,0.1345914353804684,0.1286065986297575,0.1404753941773579,51.09983340010556,49.29471745074897,53.02513575718661,0.3532466302865952,0.3396696099568568,0.3668786472299847,0.945244421288606,0.9419261175527472,0.9485154671067506,0.6337998244164491,0.6091863542261065,0.6590084745391978,1.2069433530171711,31.0,1.0692000842301264,1.0437127608219727,0.9932672650843094,1.0700410184757332,1.1171004486375355,1.0586643154499351
taco,A2,A2:z,linear,64,0.852922166131282,0.9087037088346496,0.1814819701137429,0.1706948723585418,0.1925144318916151,0.5822250351158088,0.5587587622120964,0.6083842399441068,0.4179869294166565,0.2154302104022257,0.2075279724400982,0.2225239028025141,67.6555239377625,65.71960845926544,69.72106627686208,0.5323431380629245,0.5060759453226544,0.5606026386271439,0.9212567528849592,0.9173988705944915,0.9249035554407388,0.3795725506096252,0.3552696676356033,0.4003778795797622,2.35752002398173,44.0,0.9357389465091468,0.7167594600100899,0.9549949100918076,0.4421286400646075,0.7327473740863809,0.7564738661524066
taco,A2,A2:z,mlp,64,0.8547733641262351,0.9240203695132884,0.1719708239010201,0.1613321473630785,0.1817184708974463,0.5594966270720424,0.5344803014176678,0.5880371288666185,0.4427463710308075,0.1748128785373129,0.1682826122135948,0.1816400372206709,62.97279103227518,60.99424384349827,65.11466076394586,0.4732422954966883,0.4521171675875958,0.4958729584408791,0.9287232241926522,0.9250210802704976,0.9323001210437618,0.4295902518783686,0.4063253704431148,0.4525676548168639,2.0200840632120767,37.0,0.948369051627108,0.689545478258154,0.8953439106603782,0.5773178728676119,0.7598524479262347,0.7740857522678974
taco,A2,A2:r,linear,64,0.6790318805490149,0.7183512583600878,0.3837518614665426,0.3713119135050579,0.3967402587557562,0.9407082166172268,0.900668514162152,0.9821424536667784,-0.3233758807182312,0.5694789052312591,0.5400445092829428,0.5988273014642301,75.6324878890225,74.04267675908157,77.13710673594267,0.7695888723556314,0.7259246907503987,0.8163800228652074,0.8803473882015971,0.8736060356077893,0.8869633206573183,-0.1470674967578398,-0.1931730132909057,-0.1062595472428737,4.184340238571167,7.0,0.2034449786043296,-0.5268435374453608,-0.0785527422163344,0.0599669766690816,-0.2713274868792716,-0.1226623622535111
taco,A2,A2:r,mlp,64,0.8236740686062684,0.8541702131370986,0.2126602196051068,0.2001922999898011,0.2246924041502968,0.7631320044137158,0.7246782441608524,0.80455597248272,0.0009895663242787,0.4172975003979298,0.391555058536499,0.4425996834836139,66.69247817699456,64.71623075741586,68.6663801803509,0.6062163220248821,0.5767095500297625,0.6369784237281675,0.8419603731444669,0.8245035189753921,0.8586147069874416,0.0232315051200772,-0.0636741941490099,0.1000203650211729,2.991094430287679,22.0,0.6921591742488415,0.0156997634474767,0.3049894702138671,0.422952296285553,0.0489609454043422,0.2969523299200161
taco,A2,A2:zr,linear,128,0.8192554201547319,0.8974610599745357,0.2178699152247098,0.205925988541029,0.230628296254191,0.6171934426916369,0.5909852596466286,0.6472543095647995,0.3472514152526855,0.2557704603295523,0.2447768412640304,0.2673110032688028,67.53301358198624,65.68932685803323,69.34907934707581,0.5415758280113409,0.5149752452052507,0.5684384162639852,0.912271896686044,0.9072903837295576,0.9172353855283024,0.3299533282798621,0.2994987164481327,0.3583290084467602,2.779537916183472,12.0,0.8924879984756012,0.5981037947429564,0.8372326609581242,0.4479978857616796,0.638144971532635,0.6827934622941992
taco,A2,A2:zr,mlp,128,0.8537540705943276,0.9216102837645036,0.1729517290630963,0.1611607577569145,0.1846934071698964,0.604913055715188,0.5749326624963835,0.6364657239609066,0.341159462928772,0.2203392344673438,0.2089029663708091,0.2321403124770735,62.74724110209265,60.89764202401415,64.66207607598838,0.5071784425219636,0.4839471690700518,0.5328158867626479,0.8678105901170617,0.8549280184751329,0.8800771247004223,0.3039265066125851,0.2426686910191621,0.3592656033677478,2.0778287251790366,29.0,0.9395288742216108,0.5345871347168508,0.7845051854067366,0.5866781076578139,0.5400139692490229,0.677062654250407
taco,A3,A3:z,linear,64,0.8929766705733294,0.9514804786538976,0.1283823092552453,0.1202208845156381,0.1372568240333616,0.4325840354354886,0.4093525219951328,0.4568293975855904,0.6301544904708862,0.1675536240629593,0.161029443217684,0.1732792268077946,54.55398238602121,52.78907537697649,56.4500323016128,0.3573094096477129,0.3444077639128345,0.3713811217630263,0.9421500065062042,0.9387328417965431,0.9454636781005484,0.6296456181677497,0.6052953891647097,0.6533368327867642,1.4227207501729329,56.0,1.1003029982300063,1.0726610661910714,1.0947574177191033,1.069799385858586,1.2095285869751866,1.1094098909947907
taco,A3,A3:z,mlp,64,0.8953234571456113,0.9529583566514545,0.1264568289917435,0.1179731488598697,0.1359723186969087,0.3728426953546078,0.3483025940060795,0.3976362912318808,0.6851109266281128,0.133532938429591,0.1277790535493058,0.1393023248449328,50.18110179486833,48.44996545658606,52.11859259050249,0.3528091364591263,0.3391188126582519,0.3681566544680101,0.9459428471384288,0.9425254713827176,0.9496101602605804,0.6342351549830157,0.6094092623420435,0.659091479004728,1.2196101744969683,32.0,1.0545133828768898,1.0592428218445962,0.9958442877851912,1.1081680244439474,1.1178620239771315,1.0671261081855512
taco,A3,A3:r,linear,64,0.7878935536796989,0.7422567057411921,0.264938826901483,0.2513197379126842,0.2786722378121538,0.9724292385401068,0.920086581532616,1.0227242692017406,-0.6302669048309326,0.6004798717580047,0.5520976190906683,0.6488035805112418,74.88032453789624,73.13192656859268,76.93498750934651,0.8037428968841038,0.7497204884434412,0.8622501957266844,0.8853486046088141,0.8772248652957256,0.8935129621232267,-0.2917086934534594,-0.4195883398471625,-0.1816257959442355,4.127310673395793,26.0,0.2954102507802613,-1.0416395216265593,-0.1690515256915099,0.096001738662228,-0.5470957088138346,-0.2732749533378829
taco,A3,A3:r,mlp,64,0.7827824274764597,0.8431224541702004,0.2512715494989236,0.2363030685910531,0.2671659170008265,0.8658208114312901,0.8198096477271558,0.9108759940689348,-0.2565852999687195,0.5169119942169664,0.4789123496730426,0.5555796717487602,68.72255857622925,66.99322116484632,70.47890204915906,0.6945863164943977,0.6514566449611188,0.7445082913227605,0.7937370030263547,0.7702791098215233,0.816534304806249,-0.2936748973675465,-0.4317107912974329,-0.1728558037417682,3.730082670847575,17.0,0.6516360728406032,-0.3771990397973866,0.0624674566211729,0.3387047455793923,-0.5054409726556082,0.0340336525176347
taco,A3,A3:zr,linear,128,0.8866026633818104,0.9497160303719822,0.135314038267775,0.125869450489163,0.1453727409292927,0.4539172117143534,0.4299352843045353,0.4796091100980753,0.6053614616394043,0.1833043718700948,0.1751317557187497,0.1915246226707653,55.52732886792158,53.72626149441079,57.50761374532552,0.3674019846802923,0.3533766181813872,0.3831496583231353,0.9377874341882418,0.933870333043507,0.9415987330003814,0.6120733807800738,0.5861299867447476,0.6383239369328677,1.482895811398824,46.0,1.0935150906916198,1.0310718678264803,1.0487774475739695,1.023168147099575,1.1760259281855958,1.0745116962754482
taco,A3,A3:zr,mlp,128,0.8968162729516854,0.9501283048982376,0.1246621359478461,0.11541329708398,0.1336485663107789,0.4272824308902125,0.4017736107092299,0.4553603235496314,0.624994695186615,0.1833645676551079,0.1733702868786899,0.1940756340520584,54.13972896136725,52.33748379103621,56.23439497283171,0.3717965115437532,0.3564065098703809,0.3883282311767598,0.9315218356686352,0.9258540415962286,0.9366895449826896,0.5955362237748387,0.5670687385659621,0.6231517472137817,1.3669919570287068,12.0,1.0441327731505388,0.9675428989100044,0.8745239196635458,0.9438865294538332,1.0501613984288003,0.9760495039213446
taco,A1_z16,A1_z16:z,linear,16,0.8915443458833682,0.94683887048354,0.1296756507688999,0.1210222267923062,0.1391218260797955,0.4882440115971938,0.4650045656065537,0.513713583757247,0.5794336795806885,0.2127450684842317,0.2052086130212158,0.2203883232742968,57.93749246426596,56.1135017899145,59.87121069047551,0.3643545834102084,0.3506240926384516,0.379483558832639,0.9360615627028024,0.9316383919637928,0.9400991924298436,0.6168652534252812,0.5932336169144038,0.6401948772245872,1.5766273339589436,56.0,1.082446534307128,0.987579171612431,0.9628334423784384,0.907701644472492,1.185161957403375,1.025144550034773
taco,A1_z16,A1_z16:z,mlp,16,0.8928891355783298,0.9554621091893668,0.1283532454212319,0.1192078464197086,0.1382490877763631,0.3953116117581226,0.3729154987871269,0.4193158720249259,0.6734861135482788,0.1393554058319089,0.133133729707645,0.145259427842111,51.48599459222603,49.67872229771213,53.37381824225575,0.3490529170449357,0.3352301165044332,0.3644028811640978,0.944530438699685,0.9406332819932046,0.94815144183424,0.6438872398601128,0.6216366355633699,0.6660597950976037,1.2144670486450195,60.0,1.0636971293995063,1.0415105981507808,0.9816688755098129,1.054015478489147,1.1347475596656982,1.0551279282429888
taco,A2_z16,A2_z16:z,linear,16,0.8386171769619049,0.88970057105792,0.1995742192732413,0.1881514883935058,0.2112690789008112,0.6099058161439725,0.5854735639553817,0.6372287451449079,0.3751893639564514,0.3880732216253121,0.3671106348395953,0.4079117060632539,71.37686651753734,69.35681906083101,73.36723037720856,0.579550032604537,0.5505859929716213,0.6097747954391611,0.9101588866429292,0.9052624103377492,0.9147291093133992,0.286643118205242,0.2638205448082904,0.3066870116735796,2.706902106602987,34.0,0.8626330677538696,0.6449684557102882,0.4510111882391014,0.2638459652222931,0.555571127449858,0.5556059608750822
taco,A2_z16,A2_z16:z,mlp,16,0.8418413203359406,0.912007804705319,0.1881448588287656,0.1770995323078716,0.1991522885227642,0.5860866448034908,0.5604445722584159,0.6130576870489887,0.3856272101402282,0.2627103776231864,0.2489630871084012,0.2754903429743525,68.5007907684779,66.649972288732,70.55515306501786,0.5243125509554272,0.4980036948727324,0.5541993351261948,0.9170973498971476,0.9131682070494662,0.9210290348679508,0.3546181102088482,0.3296019668078015,0.3778489234467901,2.366431395212809,29.0,0.9043070492477192,0.6024172181167669,0.6813481591305516,0.3479080237527933,0.628694797539958,0.6329350495575579
taco,A2_z16,A2_z16:r,linear,64,0.8208354588030343,0.8341661637521107,0.2231159410063053,0.2125460030547248,0.2345834535243342,0.7645327037542848,0.7295337169403133,0.7987007527414566,0.0589616894721984,0.3963064537865439,0.3729326901316356,0.4202070549114374,68.92290778316381,66.86207089683403,70.87220206331041,0.6292552035794668,0.5906051461954124,0.6725282192614876,0.8926066917930617,0.8809011431005508,0.9035039983868048,0.1331527043378022,0.077949225750219,0.1838254601632137,3.0105605125427246,40.0,0.6489898423589433,0.1145106575973354,0.4269765345447613,0.3814106123188912,0.2629312746055962,0.3669637842851054
taco,A2_z16,A2_z16:r,mlp,64,0.8388703151518512,0.8864594434118622,0.193986693473658,0.1821260620211649,0.2070125193231111,0.690975311781072,0.6511335507655404,0.7302181322701115,0.1250137090682983,0.3089758625314792,0.2924451350321072,0.3265391530948257,64.20129537937503,62.34856982093872,66.24200885800094,0.5667762227272012,0.5363779508456289,0.5993199872807967,0.877535633175514,0.866357725087,0.8880955978055387,0.1461097668641631,0.0629529991132724,0.2188464648078996,2.452482382456461,14.0,0.8105958415167159,0.2048833509570009,0.5687099462597922,0.5263354180278675,0.263926447723136,0.4748902008969026
taco,A2_z16,A2_z16:zr,linear,80,0.856721239917276,0.921698603985176,0.1744485175603612,0.1644975938491982,0.1857171220553541,0.6060181973539881,0.5821208200020731,0.6307906132404696,0.3884543180465698,0.2990190180481094,0.2851626738266617,0.3128050152348435,67.07762342063073,64.97108547788716,69.12134781268281,0.5209660889053974,0.4916367794824411,0.5542285130041619,0.8941926514882957,0.8803558231267559,0.9055945846816312,0.3153449021174641,0.2490891383767387,0.3661949885294342,2.4680368900299072,37.0,0.985730860501122,0.6672198236533048,0.7109804082353376,0.4698147903661048,0.6102930192527848,0.6888077804017307
taco,A2_z16,A2_z16:zr,mlp,80,0.8707575554072342,0.9320543222613674,0.1555570126767353,0.1456976651684399,0.1658153680527566,0.5868907157591231,0.5561896847266165,0.6190595872600686,0.3849993646144867,0.2283633086898567,0.2164572858486106,0.2405023560678192,60.77028173192196,58.88660886507909,62.72244375688207,0.4885288641668964,0.4641984750918235,0.5127788800919688,0.891433885086265,0.8802732951274888,0.9018726081353016,0.3542062010425544,0.2991482128285821,0.4024493944389585,2.141866127649943,27.0,0.9778375332345414,0.6014595169278398,0.7649697286367984,0.6687211562214388,0.6279741960309093,0.7281924262103054
taco,A3_z16,A3_z16:z,linear,16,0.8883235301471256,0.9444960092668574,0.1354448258453243,0.1263187819984403,0.1451517655203994,0.4868700314666895,0.4645316788959128,0.513214045316653,0.575115978717804,0.2148905137301275,0.2069688959579401,0.2227226674471017,58.070728841015786,56.28942099730197,59.89202424749917,0.3727707037942278,0.3592612378469173,0.3869402788145861,0.9347908705280272,0.931064229036017,0.938326730383418,0.6052120024316423,0.5822543449869784,0.6272135753107064,1.588502367337545,56.0,1.0734334476232552,0.9803364212858776,0.9565704058825064,0.9013185348490038,1.162944246407554,1.0149206112096394
taco,A3_z16,A3_z16:z,mlp,16,0.8949766343180324,0.9565814767388786,0.1275903192874246,0.119138530675946,0.1371666510232763,0.3904338659035224,0.3665648367772663,0.4166810482825213,0.6631385684013367,0.1364233217776598,0.1305185508074833,0.1424452472275737,52.06302065586736,50.25674654484703,54.00974636658285,0.3510313500150375,0.3371740361285297,0.3654771438622905,0.9448199989041388,0.9413833587379944,0.9481457894112224,0.6427430875668322,0.62104683701554,0.6641760460645598,1.242607792218526,60.0,1.0678029616192233,1.0257266897156654,0.988807344035802,1.0300691202199246,1.1327459584958632,1.0490304148172958
taco,A3_z16,A3_z16:r,linear,64,0.8037034045887465,0.7748541317800721,0.2574330865355884,0.2451269503205147,0.2700672587578698,0.9719892739858234,0.9055029815119476,1.0424527353735458,-0.6806115508079529,0.4607898475854286,0.4395475785506333,0.4812198034754884,72.65688791145925,70.77652042344525,74.53737407372343,0.7490922237243077,0.6988035340271337,0.8085947723878647,0.9012031771708812,0.8955718944674831,0.9071185998475064,-0.2391603631554022,-0.3838261568060668,-0.1124169306249036,3.873177607854208,30.0,0.4208139343051306,-1.1260904163665646,0.2387350263932293,0.2025224957830473,-0.4469087638563734,-0.1421855447483061
taco,A3_z16,A3_z16:r,mlp,64,0.817827731616093,0.8247121928188351,0.2273737954446614,0.2153961891247842,0.239656710432919,0.7504849637073251,0.7168669898045978,0.7817513146835697,0.1045712977647781,0.427560037442911,0.409506666742413,0.4446025636365394,71.10574633852146,69.36964418063765,72.79581032961163,0.6292896334170566,0.5991107484396379,0.6648349167490513,0.8576198369264177,0.843246724822988,0.8702742971267112,0.0078975974396819,-0.068723306451806,0.0728548131281842,2.997044801712036,8.0,0.5841073649887336,0.173700964832976,0.2800042391164741,0.2398033759973282,0.0221355238835596,0.2599502937638143
taco,A3_z16,A3_z16:zr,linear,80,0.8887057714393691,0.940830235405037,0.1368762205908433,0.1280387844356277,0.1462885829946189,0.5088294604603987,0.484234506162132,0.5323222635001107,0.5415781736373901,0.216813671623926,0.2084637323642636,0.2255585444538633,58.63721152100195,56.84676994116505,60.43985567447651,0.3795767566362354,0.365399497435851,0.39456314624842,0.9319243504545244,0.9278713674965828,0.9357218530549224,0.5880512315116425,0.5624974020633415,0.6131737909901868,1.6564043362935383,33.0,1.0593310597631471,0.9240782513913144,0.950956276088544,0.8741793921136185,1.1302260762613716,0.9877542111235992
taco,A3_z16,A3_z16:zr,mlp,80,0.8919212349909023,0.9525936893631743,0.1282587879653982,0.1189060439673783,0.1375271411892692,0.4422180407331965,0.4194466210648443,0.463852927728445,0.6223207116127014,0.1822058508094437,0.1734829787523951,0.1907174031748112,55.94011618354328,54.186820032366434,57.76896430636919,0.3767271640719851,0.3599369277865891,0.3932111615056812,0.9321542748624904,0.927622597105058,0.9365949281696836,0.594208358418163,0.5667584805826262,0.619579284300728,1.4532510836919148,14.0,1.053175785854044,0.9634640655936668,0.877344938290662,0.8691711566793464,1.0478384062301964,0.9621988705295832
arctic,trivial,trivial,constant,0,0.5274989867132672,0.5077422145328719,0.2860005837797499,0.2535292314926459,0.3247434230130883,0.8544228012348077,0.7509401931563549,0.9704104540667076,-0.2725145220756531,0.7642975905972004,0.6943228846423513,0.8372765587849675,85.26665057312375,81.35397600251946,89.17656377526829,0.8059587634973534,0.709650645598547,0.92755956927331,0.8611607217715597,0.8517368412703695,0.8693294747170076,-0.0692595615862377,-0.1449769860291172,0.0003826570333445,,,,,,,,
arctic,dense,C,linear,512,0.7132670673977121,0.7809892703811633,0.2220876638774331,0.1936139558001088,0.2519429567327617,0.461586861811082,0.3708163691951224,0.5572485377367749,0.0711370557546615,0.387261043987468,0.3412717432939459,0.4412968037913461,56.009972633631634,50.52685175972832,61.32249442394388,0.5353918522910459,0.4866618937777907,0.5924131849940029,0.8914554757440403,0.8640126332934966,0.9135809350174164,0.3921306321851713,0.2625251878573679,0.5005355396211397,2.2622417211532597,19.0,1.0,1.0,1.0,1.0,1.0,1.0
arctic,dense,C,mlp,512,0.8021013938572722,0.8754738824827188,0.1487024258770641,0.1303619669285719,0.167419310651533,0.3887073571131497,0.3129509975079624,0.47108063000955,0.3118708729743957,0.2740235058730886,0.2408590910138285,0.3102434431568489,51.77290048241476,46.20661306819435,57.17626254179624,0.4630472393801206,0.4231054912831981,0.5054110989491108,0.9239990014753844,0.9125513875581664,0.9343342548898348,0.59102074717965,0.5122250296954587,0.6659304327125876,1.6514277458190918,18.0,1.0,1.0,1.0,1.0,1.0,1.0
arctic,dense,C_pca64,linear,64,0.7109453617998479,0.7373433995563774,0.2244088862594023,0.1996628050385604,0.2507316971959515,0.4646309328723093,0.3702782253636951,0.558736226132545,0.0357500314712524,0.4330104165357487,0.3804195109444063,0.4938577606272841,62.42419486045372,56.66791642529701,67.61879681356734,0.6117200835878231,0.5512190363793015,0.6848373118050817,0.9017736713120088,0.8919297902998095,0.9115282850726968,0.2715803969788084,0.1738125790726068,0.3688277055823352,2.365013897418976,41.0,0.8402695659820087,0.8970264460683425,0.8786606418935948,0.7807604048522595,0.7387238895976878,0.8270881896787786
arctic,dense,C_pca64,mlp,64,0.806974765818467,0.8749904695512546,0.1423298767590605,0.1253917388947632,0.1602882434900794,0.4075771645938085,0.3267079384710216,0.4952900794461311,0.2131748050451278,0.3174433489694053,0.2830705655650933,0.3576843696292401,55.483647120929454,49.58351140060266,61.27030438508152,0.4655780206383834,0.4256383007802349,0.506440557275121,0.9153805781451008,0.9024689749737876,0.928495368615994,0.553184061725218,0.4595759342141107,0.641993560123406,1.7296210527420044,29.0,0.99868541935983,0.8311113372010004,0.9114376132673828,0.8892107742947529,0.9426960262904832,0.91462823408269
arctic,A0,A0:h,linear,128,0.7308184040549519,0.7640946660018436,0.1815455636969899,0.1615282948424668,0.2032615863096019,0.5079834546534518,0.4086795094744085,0.6173192774265331,0.1806680411100387,0.3875801273988834,0.3424325231452514,0.4486137001256153,63.892351796334495,58.32807458214735,68.66681367092909,0.6011926403560606,0.5329813620933422,0.681959431757874,0.9035179486768256,0.888096626372803,0.915884362756047,0.3847946071067788,0.2736598264599607,0.4715102366731827,2.3012442588806152,60.0,0.9381709554861604,1.3187268513268997,0.999153706943572,0.7305784621546921,0.9841001712272476,0.9941460294277142
arctic,A0,A0:h,mlp,128,0.7530002012864118,0.7990431905222745,0.1700259556497566,0.1471107231282628,0.193231302481009,0.4755734267874998,0.3901591735614976,0.5711806999029244,0.3085242509841919,0.3495400489346881,0.3061815976347795,0.402857917539012,63.2654450454339,57.77121252125721,68.45259048315539,0.5647881426437554,0.5097601290990514,0.6309100976051305,0.899972963404302,0.8849596644579804,0.9130182340616876,0.4261976069303546,0.3059274127405653,0.5218518990423879,2.089158535003662,41.0,0.7921563503449249,0.9942732620997188,0.8459707632637887,0.6568749533302597,0.7503739880455288,0.8079298634168444
arctic,A1,A1:z,linear,64,0.8345816317981499,0.8907997853063101,0.1310265316940509,0.1146490426912348,0.1474887537126286,0.4124886526244412,0.3419576939245241,0.4945217940674514,0.4326643645763397,0.2805458610652115,0.2515052412054068,0.3157536811704242,57.79864239327001,52.28279466775991,63.170997819826695,0.4230285782487991,0.3837336782008234,0.4665646689187404,0.9245939863171284,0.910616738804119,0.9360375889659864,0.6455650961178818,0.5692924838819657,0.7091662599877454,1.623727262020111,54.0,1.4018726371423902,2.052017019983508,1.283036707931437,0.9388628550603848,1.5492844610786678,1.4450147362392776
arctic,A1,A1:z,mlp,64,0.8418666390860512,0.9042348931790162,0.1244809722070256,0.1106201610838442,0.1388367312964201,0.3762032972728498,0.3078822651864519,0.4508413422635945,0.4717499613761902,0.2299048105364315,0.2064674416044865,0.2562124164510271,53.40226598585337,47.93934153702709,58.612196861673205,0.4026391276324276,0.366013457090697,0.4427259930803244,0.9336873359797592,0.9228617552498676,0.9428659522754608,0.675919922253851,0.6013974565992595,0.7373362211717931,1.4804540276527405,26.0,1.0782119496442713,1.2735850172780274,1.089987818469915,0.9513531480044514,1.1285805042904942,1.104343687537432
arctic,A2,A2:z,linear,64,0.6953507958378907,0.7236669139713802,0.1982122304607634,0.1753456017998157,0.2224629323427991,0.5653030293104223,0.470584106226896,0.6660720659315806,0.0790717825293541,0.5187166817362546,0.4673463479866663,0.5837002560797944,70.57975058021746,66.46117803311773,74.81473794503816,0.6772343097798061,0.598294756751046,0.7808139033955859,0.8841690077251249,0.8723705040622605,0.8945469696388872,0.2573977599967866,0.1831747681645407,0.3122360925418366,2.8337482213974,60.0,0.7902178443173825,1.0230894524762242,0.6513451045241635,0.5020016292786674,0.7079849680222361,0.7349277997237348
arctic,A2,A2:z,mlp,64,0.705327669882495,0.733345196741963,0.1926470631649749,0.1700145904434976,0.2155331765314099,0.505191770385287,0.4131071915363695,0.6062368514181585,0.237932488322258,0.4693475124735899,0.4276352269207067,0.5205695472606692,68.33073424835278,64.50511102983626,72.03118978626976,0.6264541142914525,0.563530248390131,0.7049024282815918,0.8864444778878604,0.8748956450661887,0.8961864378905099,0.294717705609594,0.1966027890174568,0.373017441188986,2.496733844280243,33.0,0.6134989229153359,0.8734766726232003,0.6016024246714683,0.5056440762501812,0.5512465877956164,0.6290937368511604
arctic,A2,A2:r,linear,64,0.6206248530789803,0.6697249710553415,0.3343425678920684,0.2958272189516276,0.3728020303248987,1.0561094127630872,0.9508527446618146,1.1529764656332564,-1.6327441930770874,0.7827723086165609,0.7152008016100565,0.8619851823928187,70.2760839160181,65.7754823011439,74.75955390878653,0.9054285575586386,0.819238042764485,0.9911918675468354,0.8178245602679759,0.7907747447536488,0.8409920919254851,-0.5088108337114956,-0.8634393444048123,-0.2452637245452644,5.578888177871704,21.0,0.592806960058898,-3.958165068204858,-0.0489998070093813,0.5123810259014625,-0.9526671308992516,-0.770928804030626
arctic,A2,A2:r,mlp,64,0.6214630396281757,0.6394465662155598,0.2685697863258705,0.2416056814815872,0.2965832513494146,0.8848227586458633,0.7909062730002262,0.9770531025446364,-0.6651796698570251,0.698837320777053,0.6361880118374142,0.7699004512066319,70.9923707575957,66.59492569098468,75.03339307910898,0.8173937210380385,0.7534546966307967,0.8866293263648525,0.797709527372553,0.7621154147213361,0.8278599215558268,-0.2473454097685246,-0.4668006891378307,-0.0700845081069567,4.579172372817993,7.0,0.3581534122882515,-0.6719284073616227,0.1335177033821467,0.4261774144988224,-0.2697124930397249,-0.0047584740464253
arctic,A2,A2:zr,linear,128,0.6631959578130567,0.7187351862360302,0.2701989682939122,0.2342892697347214,0.3072919265511402,0.6898252097006797,0.6105174188086496,0.7752900667270644,-0.2703637480735779,0.4786386644597274,0.4238069828085374,0.5365747993225438,67.95502021155258,63.137146911486106,72.61631196116944,0.7353607289785054,0.6666111243039295,0.811333460813008,0.846660606592895,0.823684243917895,0.8657313059818984,0.0245850625352639,-0.1771913282857726,0.1936402032207896,3.414277672767639,36.0,0.7721692409388776,0.0062585890501488,0.7576425381202007,0.5917155186714851,0.2033953590439678,0.466236249164936
arctic,A2,A2:zr,mlp,128,0.6705227698813374,0.7296608335756752,0.2156574443833432,0.1919172944997386,0.2432139567619963,0.6288503301752068,0.5507108895664121,0.7109781802207004,-0.1481909751892089,0.4828108855362671,0.4369107949312905,0.5367148251068312,69.23793374332729,64.35394494550155,73.54355365373422,0.6991014472102998,0.6477732489627553,0.7535782171392171,0.7915951136470732,0.7518745720821286,0.8268393711530364,-0.0222937968151508,-0.2175137172491201,0.1481904391971171,3.06850004196167,8.0,0.6034797608811588,0.2127423921602226,0.5741415135563042,0.4785584410938431,0.0711300399959969,0.3880104295375051
arctic,A3,A3:z,linear,64,0.8318150006696863,0.892575254504032,0.1310697843136981,0.1145192594951247,0.1467466075854223,0.4196326352554376,0.351486318462779,0.4971078916348737,0.4410548210144043,0.2800855994871087,0.2526334070654494,0.3110703437172281,57.277202524468976,52.03147808623535,62.611476992130974,0.4227511023770087,0.3838589012669451,0.4671050284579421,0.9260159750899398,0.9134084324171932,0.9365105525760152,0.6429826652431014,0.560905696090201,0.7111459849227313,1.6445928812026978,47.0,1.4083703071436642,2.076432611179215,1.2842574425849909,0.9566857900456712,1.5436873961439506,1.4538867094194985
arctic,A3,A3:z,mlp,64,0.8341564730213006,0.8995557193413295,0.125043255953073,0.109767908924403,0.1404724510037771,0.3784027385843634,0.3124633532467429,0.4516921752944415,0.489226758480072,0.2310792601859504,0.2077208188908349,0.2571011420742372,53.60506931200024,48.33584650751284,59.05490330698964,0.4078761953473251,0.3691586237806096,0.4516849468919235,0.9322750322053868,0.9211809877719158,0.9419812440759088,0.666300701091995,0.586587911965428,0.7324506276362628,1.4916419982910156,22.0,1.0654875251643954,1.303491303868891,1.0875923223869846,0.9452981877328296,1.1140121141171826,1.1031762906540568
arctic,A3,A3:r,linear,64,0.6142373302044118,0.668477313306596,0.3923010473755094,0.3427727493544069,0.4384553349248171,1.0715011278515405,0.9532779111784984,1.1822444169165756,-1.530248999595642,0.9469958355591348,0.8779936194520102,1.0242437988725708,84.0217453539721,80.60832458255055,87.07236944083874,0.9513266731809928,0.8587767198656575,1.0425369939763032,0.8258938253037592,0.8123591937755287,0.837512478707492,-0.538899988396877,-0.8523714794608708,-0.3079096572866051,6.217178583145142,11.0,0.5882409172707255,-3.6599118370439214,-0.4845637554362704,0.0425511475269455,-1.0178812492129337,-0.906312955379091
arctic,A3,A3:r,mlp,64,0.5777855632718968,0.6181453285527707,0.2463812054157463,0.2245292467787762,0.2698998022980113,1.074175493011193,0.9529791000637408,1.2013409332014753,-1.4909628629684448,0.8819481037639375,0.8198882199718732,0.956007109897444,82.90984821354519,79.59207143806188,85.9862497941827,0.8313703788709421,0.7758134120819911,0.8904334866416634,0.6928194122312398,0.6606812439503689,0.7247809367679114,-0.5427916288302312,-0.7390322120294652,-0.3610564281968,6.275373458862305,7.0,0.3002273767592844,-2.085008200433277,-0.2399688599346256,0.0703654369306449,-0.7171682404539061,-0.5343104974263759
arctic,A3,A3:zr,linear,128,0.7871224655219446,0.8757971635314729,0.1665080778429665,0.1452788940603653,0.1869694601053223,0.5063956613533173,0.4473839749340763,0.5743595619580575,0.2864561975002289,0.3355892617542962,0.3098895735351279,0.3650253129068525,60.23738773411119,54.62390561997521,65.46653928355808,0.4476356993323087,0.4085750995211888,0.488682934275391,0.9179823254047254,0.9070694510112064,0.9279470714870096,0.60165277732181,0.5113331635915144,0.6769298535253178,1.993363082408905,24.0,1.346967665785016,1.6265623545365644,1.137047144892977,0.8555059768158716,1.4541105293634486,1.2840387342787758
arctic,A3,A3:zr,mlp,128,0.7978107174655676,0.8553367207117959,0.1407295308298202,0.1254060985369987,0.1557142806200451,0.5098792013915249,0.4459262245176026,0.578254862651166,0.1854982823133468,0.3598337305220948,0.3319539101831049,0.3897065422823583,59.00585908908579,54.94420410983415,62.91323747092076,0.463320671446258,0.4273565784159893,0.5032205822372275,0.911151846074645,0.9009753665100274,0.9207354388879606,0.5669773123422485,0.4772734151247783,0.6397510512429416,1.9227522015571596,11.0,0.9452395223854656,0.7837512851425285,0.8249749939418203,0.784050499359359,0.9635860186678284,0.8603204638994004
arctic,A1_z16,A1_z16:z,linear,16,0.8356616670171948,0.8964000893300739,0.1273933136584334,0.1109869918928912,0.143394182841085,0.4558220556208857,0.3837750033325914,0.5368606796002019,0.3590396344661712,0.3306281784230999,0.2989844413944712,0.3699788268060227,59.33601996646164,54.05489070955792,64.58414378938863,0.4345362157234917,0.3988420353875428,0.4758418000381524,0.916544237078704,0.9017862041571832,0.928353452218017,0.6266748425842006,0.5451890819709795,0.693199807601842,1.7474382519721985,60.0,1.4223680236576364,1.8377746452648844,1.1502052415703574,0.8863149350138505,1.508342425923408,1.3610010542860274
arctic,A1_z16,A1_z16:z,mlp,16,0.8426666610359309,0.8979069909581573,0.1223615950160373,0.1078987682836707,0.1367404636276667,0.3698661399779641,0.3051557516081535,0.4402226880579575,0.5189894437789917,0.2469411556475773,0.2255158015585479,0.2724683733349655,54.08759055143108,48.62592194586357,59.22138259275572,0.3967349998284582,0.3634081069726008,0.4346575484446448,0.932330883689074,0.9212975230029572,0.9414381764314528,0.6797239472868883,0.6055252084764524,0.7409837736107974,1.5048146843910215,38.0,1.0610040157827745,1.3544211962841022,1.0552392040887726,0.9308918809405458,1.1343417317306208,1.1071796057653631
arctic,A2_z16,A2_z16:z,linear,16,0.6583787124674371,0.6721034145718815,0.2213956218341745,0.1975577484867596,0.2492101058492871,0.564984501755529,0.4617937473553004,0.6801205047600786,0.0492803156375885,0.5180018301487286,0.4620044207645399,0.5804579903550692,71.57294252347718,67.09511325794817,75.44381227687298,0.6860038140581476,0.5958219943475915,0.8074400606170771,0.8866539921290666,0.8754298989818051,0.8955812341080874,0.2032035744974788,0.094886034198881,0.2743618666519808,3.000995397567749,60.0,0.60151133020904,0.9363985457157852,0.6532410787843616,0.4680540995791639,0.5905264996132656,0.6499463107803233
arctic,A2_z16,A2_z16:z,mlp,16,0.695367757563902,0.7407604822179089,0.2069780899759601,0.1867714957211511,0.2270656824952797,0.4814273968347828,0.3798059462218544,0.5876548989603683,0.1811878681182861,0.4304598660931433,0.3728736638597314,0.491281869284597,68.00118386072309,63.32090711050783,72.40445687346356,0.65456229665404,0.5795836488809929,0.7450012374285193,0.893593618773867,0.8797457546114714,0.9038465406709264,0.2871214310214334,0.1960484204772005,0.3562452897617575,2.527639150619507,60.0,0.633663858715636,0.7763753064962935,0.6809206011611139,0.5154832368917096,0.5397419669742587,0.6292369940478023
arctic,A2_z16,A2_z16:r,linear,64,0.7227575027834615,0.7076556608816755,0.2300317234852734,0.2023416170822414,0.2588092608391231,0.8466585987485997,0.7458806758784866,0.9568864843828064,-0.8296822905540466,0.5823987205680234,0.5161543807417832,0.6592281617480942,67.43036128364827,62.863838126290936,71.73156733329138,0.8005473593358245,0.7233638176412869,0.8797628949848978,0.8673429556385138,0.853660971104561,0.8794340133962821,-0.1005838667066603,-0.3519105125166419,0.0958741920578779,3.7180811166763306,40.0,0.7316215932434307,-1.621315903730572,0.4824436030533111,0.6096484818393949,-0.0678911375735521,0.0269013273664025
arctic,A2_z16,A2_z16:r,mlp,64,0.7288401190335315,0.7671008953221903,0.1943194972074052,0.1726078932957546,0.2183789708426525,0.7003954772702112,0.6225705823401751,0.7818830994908883,-0.6000366806983948,0.4931431706713082,0.4462753532048193,0.5496154960359255,64.61951553514108,59.74730789675651,69.58818622009191,0.633782466873705,0.5901198975817931,0.6815954694625317,0.8616113798508824,0.8479627646321797,0.8756345712532488,0.2200461538060434,0.090026528631339,0.3297875937875024,3.158077359199524,18.0,0.7052932977876982,-0.5604557564185729,0.5530670055270754,0.6164473963669447,0.4381559037146128,0.3505015693955516
arctic,A2_z16,A2_z16:zr,linear,80,0.7428123559301486,0.7436376664508871,0.198558251267125,0.1751188085703246,0.2236373719263876,0.6180040978559109,0.5260303631315834,0.7190527744095545,-0.1683538258075714,0.4019673687979818,0.3600930139342834,0.4547786646604937,64.70173742759779,59.43863846457744,69.50109239563633,0.6981134471167912,0.6292556799064196,0.7748031563750245,0.8849649586155939,0.8672609846090664,0.8985822347601885,0.1795735774232465,0.0073576179238084,0.3127879504333104,2.7321285009384155,60.0,0.8633046427002895,0.3030997178180082,0.9609949620461166,0.7029134745939976,0.5393117200335775,0.673924903438398
arctic,A2_z16,A2_z16:zr,mlp,80,0.7558914765484915,0.8095126442545378,0.1723183432999985,0.1543284100796226,0.1907735934451586,0.5740944086429003,0.5056701184757295,0.6470318557508147,-0.1591771841049194,0.3403705377004321,0.3090938997481936,0.3785348341242684,61.717946322431736,56.31713020450808,67.24599363602317,0.5688720057510811,0.5248896801922563,0.6187982291533143,0.8814616235433692,0.8624291358513395,0.89816913211153,0.3818626318293348,0.2754217329268908,0.4727857719777372,2.253594577312469,13.0,0.8206267124179876,0.1939427968781236,0.8646735899477974,0.7030775648267679,0.683228300808717,0.6531097929758787
arctic,A3_z16,A3_z16:z,linear,16,0.8330891251786632,0.8980357523765657,0.129671283730122,0.1138569651564444,0.1459090470168938,0.4559270916326184,0.3823004813905068,0.5344898575377107,0.3568172454833984,0.3323857589943633,0.2990109330131502,0.3731941078688339,59.5703917194992,54.33844266474591,64.43416834734202,0.4370908938206235,0.4013813493568524,0.4783667167481426,0.9166299140126676,0.9031616556743952,0.9274456651576214,0.6214388828946392,0.5430262392905125,0.6869719117537956,1.739870548248291,60.0,1.428354046238608,1.8313076620582187,1.145543676034954,0.8783040544373791,1.4969942010147623,1.3561007279567847
arctic,A3_z16,A3_z16:z,mlp,16,0.8430344745596113,0.8992905122208463,0.1237600955931682,0.1096543274166851,0.1386236720004403,0.377680607284113,0.3096955249719206,0.45179466367264,0.4883871078491211,0.2511372397855381,0.2250348286640989,0.2803284514397566,54.46122142836749,49.6210563544739,59.05915119987959,0.4035412870569511,0.370207338351335,0.4410957500344771,0.9309422052248096,0.9203120017192944,0.9400730219864092,0.6714556643026229,0.5984877096818646,0.7319525398802342,1.5004091262817385,22.0,1.0647663277707584,1.3020544941230228,1.0466805544095383,0.9197366392633812,1.1218193486237862,1.0910114728380973
arctic,A3_z16,A3_z16:r,linear,64,0.6461477142342439,0.679603207380052,0.3512831684124614,0.3183003393995081,0.3858402290456117,0.9388165093152736,0.8525887558417936,1.0321311024612063,-1.0791195631027222,0.8134898019626289,0.7421902532582801,0.8955262158606743,76.69635625659325,73.43637189859913,79.90000068094679,0.9127571246736385,0.8114242235600175,1.016532038931082,0.853666890205192,0.8434950187262227,0.8627185832431826,-0.2935352106025717,-0.5525619858822273,-0.1042592689858801,4.965075254440308,8.0,0.6289582601856045,-2.347159428510896,-0.1304706713653066,0.2929346364701884,-0.4860867266881035,-0.4083647859817026
arctic,A3_z16,A3_z16:r,mlp,64,0.6403428484046255,0.67083921200197,0.2567762460933425,0.2295144313095966,0.2876116303993092,0.8625592870120552,0.7605888342580444,0.9671678877548427,-1.108482837677002,0.679728152843257,0.6222731975345958,0.7475275803767694,73.1087863356306,68.83162617023892,76.97207628329205,0.7382505884958179,0.6736637451278152,0.805047646144727,0.8141650900056788,0.792689260477425,0.8331769455748482,-0.082071068905321,-0.2621513580680052,0.0688318544631193,4.360474824905396,17.0,0.4435217624263519,-1.430508569656765,0.1724942035260388,0.3629890413753845,-0.019403134015959,-0.0941813392689897
arctic,A3_z16,A3_z16:zr,linear,80,0.8077306285988716,0.8714619505484792,0.1428344904151857,0.1257660103391792,0.1603395058287904,0.5034970625680726,0.4417649910430944,0.5692074763260423,0.2494076341390609,0.3463005814290976,0.3131738377979021,0.3847002976921227,59.64047439680546,54.79441226786119,64.24494481892069,0.4515996821852174,0.4129984366315816,0.4938616360965502,0.914195268492458,0.9012095194592776,0.9252376383432072,0.5997584546991466,0.515562993163364,0.6708736125313229,1.902972519397736,54.0,1.3311021225331956,1.518753848039727,1.1086379103741586,0.8759086123625406,1.4500048447428475,1.2568814676104938
arctic,A3_z16,A3_z16:zr,mlp,80,0.8115010457148116,0.8739456964162073,0.1363898536751117,0.1197182354780266,0.1545189950509865,0.4838725097978545,0.4222085322222212,0.5504857203404704,0.2729403972625732,0.3343015661338583,0.3041798187613038,0.3710639522575119,59.01485146281658,54.73195206240996,62.87143048948944,0.4540868613251818,0.4180581246682625,0.4953403752435108,0.911183997972996,0.8997213068714791,0.921391352396833,0.5838543296266028,0.5033243668681594,0.6504227902784552,1.8527599573135376,10.0,0.9958442902809232,0.9333821891485012,0.8770523220808428,0.7837820202041005,0.9891464012209576,0.9158414445870652
