dataset,model,kind,E_zonly,E_zonly_lo,E_zonly_hi,E_full,E_full_lo,E_full_hi,mse_zonly,mse_zonly_lo,mse_zonly_hi,mse_full,mse_full_lo,mse_full_hi,R2_zonly,R2_full,gain_r,gain_r_lo,gain_r_hi,E_zonly_minus_full,E_zonly_minus_full_lo,E_zonly_minus_full_hi,explained_by_r,explained_by_r_lo,explained_by_r_hi,n_unseen_mesh,train_E_zonly,train_E_full,val_E_zonly,val_E_full,train_mse_full,val_mse_full,best_step,n_params
taco,mean,baseline: train mean map,4.803306299350829,4.719413457276701,4.890175605552503,4.803306299350829,4.719413457276701,4.890175605552503,1.0851876977680086,1.0477100368289638,1.1247593225004324,1.0851876977680086,1.0477100368289638,1.1247593225004324,0.0,0.0,0.0,0.0,0.0,0.0,0.0,0.0,0.0,0.0,0.0,,,,,,,,,
taco,mesh_mean,baseline: per-mesh train mean map,2.728515922846525,2.6152349140839344,2.8472576297452536,2.728515922846525,2.6152349140839344,2.8472576297452536,0.4130313623454701,0.3763890684296766,0.4518667426148403,0.4130313623454701,0.3763890684296766,0.4518667426148403,0.6193917764545982,0.6193917764545982,0.0,0.0,0.0,0.0,0.0,0.0,0.0,0.0,0.0,0.0,,,,,,,,
taco,pca64,"baseline: PCA-64 of the training frames (linear, fitted on train)",0.6583833506634387,0.6334824992899315,0.6858255022648349,0.6583833506634387,0.6334824992899315,0.6858255022648349,0.0235468180648009,0.0214582992258387,0.0258867726018127,0.0235468180648009,0.0214582992258387,0.0258867726018127,0.9783016182110524,0.9783016182110524,0.0,0.0,0.0,0.0,0.0,0.0,0.0,0.0,0.0,,,,,,,,,
taco,pca128,"baseline: PCA-128 of the training frames (linear, fitted on train)",0.3528884775570863,0.335134927279095,0.3721272894423595,0.3528884775570863,0.335134927279095,0.3721272894423595,0.007430940610038,0.0065448437253912,0.0084876158280604,0.007430940610038,0.0065448437253912,0.0084876158280604,0.99315239146154,0.99315239146154,0.0,0.0,0.0,0.0,0.0,0.0,0.0,0.0,0.0,,,,,,,,,
taco,R2_decoder_prev,reference: previous study's MLP decoder of the exact R2 (48-D) -> C (test R^2 on all frames),,,,,,,,,,,,,0.8927482565244039,0.8927482565244039,,,,,,,,,,,,,,,,,,
taco,A0,"standard autoencoder, one latent h (128)",0.6088788202562706,0.561114499711675,0.6657697657154592,0.6088788202562706,0.561114499711675,0.6657697657154592,0.0312490244048378,0.0252125045622715,0.0387244891188288,0.0312490244048378,0.0252125045622715,0.0387244891188288,0.9712040354822962,0.9712040354822962,0.0,0.0,0.0,0.0,0.0,0.0,0.0,0.0,0.0,,0.2097950875759124,0.2097950875759124,0.3945508599281311,0.3945508599281311,0.0025771337095648,0.0127149643376469,24000.0,11814273.0
taco,A1,z-only structure autoencoder (64) + relational loss,0.510382908283144,0.4731139016693778,0.5542263929949947,0.510382908283144,0.4731139016693778,0.5542263929949947,0.0217027227547293,0.0172488089724667,0.0270823610131255,0.0217027227547293,0.0172488089724667,0.0270823610131255,0.980000949118388,0.980000949118388,0.0,0.0,0.0,0.0,0.0,0.0,0.0,0.0,0.0,,0.2205014079809188,0.2205014079809188,0.3453744649887085,0.3453744649887085,0.0026458746287971,0.0092777060344815,12000.0,11765057.0
taco,A2,"factorised z / r (64 / 64), no relational loss",0.622103507679249,0.5767103388100018,0.6760460854909974,0.1799559814761098,0.1566423008489598,0.2064455990833284,0.0306853463567681,0.0249557600378419,0.0375200094911669,0.0057738933741771,0.0033889023152126,0.0085743769095149,0.9717234661925148,0.9946793599636776,0.7107298395200334,0.687946159925638,0.7325498471915839,0.4421475262031393,0.418044509725377,0.4716072517134416,0.8118354834061099,0.7657933167735339,0.8674466711041995,,0.2573227286338806,0.0593788921833038,0.41082763671875,0.1061234027147293,0.0001968719443539,0.0012796403607353,12000.0,23682242.0
taco,A3,factorised z / r (64 / 64) + relational R2 + wrench teacher,0.4488290211349681,0.4142191243175745,0.4870461089181962,0.1508865981156584,0.130876128309133,0.1768123517570791,0.0172723407206379,0.0135819555803227,0.0218716417602251,0.0046159379525195,0.0022810196656173,0.0077188615733167,0.9840835460161468,0.9957464150404772,0.663821653660797,0.6337808764257754,0.6900546291272037,0.2979424230193097,0.2808737340136912,0.3169570598937917,0.7327555060993103,0.6414543368567548,0.8346068068246711,,0.173076644539833,0.0497847832739353,0.3022580742835998,0.0901010259985923,0.000134656947921,0.0009370165062136,12000.0,23682242.0
taco,A1_z16,bottleneck variant: z-only (16) + relational loss,0.5073193297888319,0.4729516390288344,0.5479081087413538,0.5073193297888319,0.4729516390288344,0.5479081087413538,0.0205224292175691,0.0167392842262393,0.0248450481836815,0.0205224292175691,0.0167392842262393,0.0248450481836815,0.9810885905357528,0.9810885905357528,0.0,0.0,0.0,0.0,0.0,0.0,0.0,0.0,0.0,,0.2246823161840438,0.2246823161840438,0.3529277145862579,0.3529277145862579,0.0027911872602999,0.0096648884937167,12000.0,11728145.0
taco,A2_z16,"bottleneck variant: factorised z / r (16 / 64), no relational loss",0.976484256923135,0.907187721411857,1.0545812747075989,0.2232678798826784,0.2010947411267412,0.2473284963713302,0.0724762586903722,0.0601697656768211,0.0855457878934858,0.0055038485704177,0.0040866459578176,0.0069776883507358,0.9332131567875706,0.99492820592958,0.7713553721720662,0.7615643604738236,0.7814758940798603,0.7532163770404565,0.7027440426557822,0.8101803010782387,0.9240599791841254,0.9118147654620312,0.9355413804628184,,0.5256316661834717,0.0894581601023674,0.6921928524971008,0.1487937569618225,0.0004553826292976,0.0023448814172297,16000.0,23596178.0
taco,A3_z16,bottleneck variant: factorised z / r (16 / 64) + relational teacher,0.5395663422897389,0.5021366427835717,0.5824771570792429,0.1793787904698114,0.1589500555142774,0.2014143672408418,0.0227527809030092,0.0184174914239238,0.0275030289241225,0.0044971411561342,0.002802267232581,0.0064347179333175,0.979033320616958,0.9958558862150936,0.6675500740936712,0.6494967056244877,0.6858784085698313,0.3601875518199275,0.3405841244263961,0.3826923432705227,0.80234762625969,0.7624986035409238,0.8520875443783269,,0.2687451839447021,0.0662326663732528,0.3816482722759247,0.1157663092017173,0.0002461437834426,0.00154582306277,16000.0,23596178.0
arctic,mean,baseline: train mean map,3.668694280969643,3.4323025534977054,3.9365675507408273,3.668694280969643,3.4323025534977054,3.9365675507408273,0.8071602621318766,0.6922216174986864,0.9302666101323714,0.8071602621318766,0.6922216174986864,0.9302666101323714,0.0,0.0,0.0,0.0,0.0,0.0,0.0,0.0,0.0,0.0,0.0,,,,,,,,,
arctic,mesh_mean,baseline: per-mesh train mean map,3.450820093687018,3.1378503825131725,3.7417665866462064,3.450820093687018,3.1378503825131725,3.7417665866462064,0.7277789224312998,0.6035461312841399,0.8461388734683729,0.7277789224312998,0.6035461312841399,0.8461388734683729,0.0983463550074931,0.0983463550074931,0.0,0.0,0.0,0.0,0.0,0.0,0.0,0.0,0.0,0.0,,,,,,,,
arctic,pca64,"baseline: PCA-64 of the training frames (linear, fitted on train)",1.19248058559199,1.0400225166723622,1.3372864047807391,1.19248058559199,1.0400225166723622,1.3372864047807391,0.0966274638764129,0.0772013036185249,0.1171778862450981,0.0966274638764129,0.0772013036185249,0.1171778862450981,0.8802871431694794,0.8802871431694794,0.0,0.0,0.0,0.0,0.0,0.0,0.0,0.0,0.0,,,,,,,,,
arctic,pca128,"baseline: PCA-128 of the training frames (linear, fitted on train)",0.7599894861661697,0.6622298664178772,0.8564356205742321,0.7599894861661697,0.6622298664178772,0.8564356205742321,0.0407635607616857,0.0324769693872495,0.0503024116775189,0.0407635607616857,0.0324769693872495,0.0503024116775189,0.949497560025625,0.949497560025625,0.0,0.0,0.0,0.0,0.0,0.0,0.0,0.0,0.0,,,,,,,,,
arctic,R2_decoder_prev,reference: previous study's MLP decoder of the exact R2 (48-D) -> C (test R^2 on all frames),,,,,,,,,,,,,0.743804136912028,0.743804136912028,,,,,,,,,,,,,,,,,,
arctic,A0,"standard autoencoder, one latent h (128)",0.9436676170369191,0.7753249109592111,1.1199281039052782,0.9436676170369191,0.7753249109592111,1.1199281039052782,0.08596397223872,0.0586354018267186,0.1183695340814898,0.08596397223872,0.0586354018267186,0.1183695340814898,0.8934982570378109,0.8934982570378109,0.0,0.0,0.0,0.0,0.0,0.0,0.0,0.0,0.0,,0.2594530880451202,0.2594530880451202,1.2320910692214966,1.2320910692214966,0.0048340405337512,0.1373719573020935,24000.0,11814273.0
arctic,A1,z-only structure autoencoder (64) + relational loss,0.6581722094293903,0.5677921423727161,0.7546843279532988,0.6581722094293903,0.5677921423727161,0.7546843279532988,0.0352942781701838,0.0277050984852506,0.0441131714547594,0.0352942781701838,0.0277050984852506,0.0441131714547594,0.9562735204654542,0.9562735204654542,0.0,0.0,0.0,0.0,0.0,0.0,0.0,0.0,0.0,,0.2670207321643829,0.2670207321643829,0.8480405807495117,0.8480405807495117,0.0050367740914225,0.0603757984936237,12000.0,11765057.0
arctic,A2,"factorised z / r (64 / 64), no relational loss",1.168105196691993,0.9496498761966392,1.4032601983930784,0.3323264216712537,0.266820383581897,0.4052140561595264,0.1348431936191896,0.0887108580970974,0.1897380235612652,0.0129330854730407,0.0083431980275921,0.0184486162242882,0.8329412318174773,0.9839770533090954,0.7154995773413331,0.686612865352992,0.7381213617611174,0.8357787750207394,0.6759989891076355,1.014962746193422,0.904087962543256,0.8695511402752005,0.9262191572402458,,0.3905755281448364,0.1231235638260841,1.520315170288086,0.4785624146461487,0.0011195595143362,0.0245758686214685,11000.0,23682242.0
arctic,A3,factorised z / r (64 / 64) + relational R2 + wrench teacher,0.645155618915489,0.551613650749373,0.7484322210644484,0.204889352459164,0.1707917579459938,0.2416997236221285,0.0346671924294694,0.026351988974743,0.044610743570732,0.0044321346730547,0.003254551151187,0.0059083694319249,0.9570504212529296,0.9945089783458652,0.6824187111406668,0.6637295474225288,0.7008163244621656,0.440266266456325,0.3765757635993331,0.5090110012937505,0.8721518997918193,0.8561148349261014,0.8864537230364257,,0.2108100950717926,0.0711752027273178,0.8304267525672913,0.3100037574768066,0.0003638428461272,0.0104614784941077,12000.0,23682242.0
arctic,A1_z16,bottleneck variant: z-only (16) + relational loss,0.7085618832164724,0.6017480814403738,0.8227531572548127,0.7085618832164724,0.6017480814403738,0.8227531572548127,0.0430305412063672,0.0317680238655183,0.0562327284005082,0.0430305412063672,0.0317680238655183,0.0562327284005082,0.9466889716758572,0.9466889716758572,0.0,0.0,0.0,0.0,0.0,0.0,0.0,0.0,0.0,,0.281367689371109,0.281367689371109,0.9041813611984252,0.9041813611984252,0.0056715263053774,0.0676217377185821,12000.0,11728145.0
arctic,A2_z16,"bottleneck variant: factorised z / r (16 / 64), no relational loss",1.0612650343361971,0.8572548019746592,1.2844070958414526,0.322492002944984,0.2717157671789341,0.3769337391317805,0.1030025541167142,0.0617680283784931,0.1588486100257667,0.0095377863632327,0.006905625671613,0.0126180066206188,0.8723889712624484,0.9881835286540848,0.6961249148691036,0.6656407138671876,0.7196471545669285,0.7387730313912131,0.5848798199552083,0.9180555620276168,0.9074024282455304,0.872436779373121,0.9257820296542706,,0.5891540050506592,0.1557570695877075,1.3907108306884766,0.4549096226692199,0.001726007903926,0.0180790722370147,16000.0,23596178.0
arctic,A3_z16,bottleneck variant: factorised z / r (16 / 64) + relational teacher,0.7151211914124618,0.6088870864230909,0.8273130486627505,0.2441877876596112,0.2070113358294385,0.2855168917696639,0.043182705706932,0.0322276813016012,0.0563745469159105,0.0055694353541774,0.0041342207365618,0.0071843531697486,0.9465004553774572,0.9930999630051603,0.6585364963930206,0.6396717909418941,0.6730214876989585,0.4709334037528505,0.4009274920867254,0.5471564654031977,0.8710262527596369,0.8538198873000591,0.8838837692943171,,0.334395170211792,0.1082345023751258,0.93238765001297,0.352047860622406,0.0008365388493984,0.0113106444478034,16000.0,23596178.0
