dataset,h,method,n_pairs,n_takes,rmse,rmse_lo,rmse_hi,r2,r2_lo,r2_hi,gain_rmse,gain_rmse_lo,gain_rmse_hi,gain_mse,gain_mse_lo,gain_mse_hi,r2_dim_mean,r2_dim_min,r2_dim_max,cos,cos_lo,cos_hi,cos_delta,cos_delta_lo,cos_delta_hi,dec_E_C,dec_E_C_lo,dec_E_C_hi,dec_d_gtz,dec_d_gtz_lo,dec_d_gtz_hi,ridge_lambda
taco,1,persistence,22932,186,0.2198854085011485,0.2080565767951466,0.233206493129496,0.950194963014222,0.9446038435989812,0.9553785453730488,0.0,0.0,0.0,0.0,0.0,0.0,0.949737787246704,0.9087382555007936,0.974803864955902,0.9748614087900496,0.9725060195122208,0.9769957224909506,,,,0.5892578959266839,0.5533618357964025,0.6315340934875414,0.3002187419686518,0.2859809882567569,0.3138627264577517,
taco,1,mean,22932,186,0.9930792729430108,0.9809495884187098,1.00588336973019,-0.0158937318692107,-0.0209258203430445,-0.0106157904263518,-3.5163491279951096,-3.7713722999518646,-3.280103839575346,-19.397409445942188,-21.76599362690645,-17.31928887995782,-0.0163707118481397,-0.1171903610229492,-2.5272369384765625e-05,,,,0.0725555271713162,0.0680668834404106,0.0771947687825168,3.874096496955025,3.7496128465079006,3.990308746294054,3.863372335706563,3.7405326757033137,3.98189480801114,
taco,1,shrink,22932,186,0.218040954118749,0.2064492461145135,0.2311156049342327,0.9510270130700068,0.9455870747704376,0.9560779693918964,0.0083882527493399,0.0077325773775334,0.0089717512132465,0.0167061427144931,0.0154053620009612,0.0178630101065115,0.950575590133667,0.9103758335113524,0.975054919719696,0.9750556216724904,0.9727180303112838,0.9771816925227372,0.0951376763684299,0.0905315148538099,0.0998308125975248,,,,,,,
taco,1,ar1,22932,186,0.2154338212691139,0.2040995211215063,0.2280875510789785,0.952191159035711,0.9469422357252668,0.9570965557896534,0.0202450324574922,0.0187032928725091,0.021790510375909,0.0400802035757794,0.0370567725773356,0.0431061944078122,0.9517441987991332,0.9121131300926208,0.9758694767951964,0.9756499549066184,0.9733609217092278,0.9777174997180368,0.128251575152943,0.1222295614056556,0.1343190563499074,,,,,,,0.01
taco,1,linear,22932,186,0.2146594994371048,0.2034934135277478,0.2271099862843321,0.9525342147422244,0.947402760568222,0.9572740371314143,0.0237665113827523,0.0210427336562697,0.0263855552330402,0.0469681757021981,0.0416426706523913,0.0520749129296032,0.9520782232284546,0.9125897288322448,0.9759781956672668,0.9759294183221956,0.9736896810620248,0.9779417753646906,0.142880874860375,0.1367686889870033,0.1499287423734337,0.585641623333164,0.5498511512743477,0.6289063328755968,0.3049150696316707,0.2911107153327551,0.3180368244795533,0.01
taco,1,probe,22932,186,0.2127178683056871,0.2016469981864589,0.2248812450136585,0.953389003284292,0.948242307494744,0.957990854734167,0.0325967068225176,0.0259355435291923,0.0391111243242545,0.0641308683493623,0.0511984345082866,0.0766925685714865,0.9529414176940918,0.9122540950775146,0.976423680782318,0.9764813017819748,0.974347554134118,0.9784927664594872,0.1521802187627902,0.1453551042682267,0.1594081605466128,0.5833783062071274,0.5469591243698985,0.6275653001470799,0.2979274972557362,0.2832257562326885,0.3116693034896389,
taco,1,probe_notau,22932,186,0.2122654043736337,0.2012738388867594,0.2240595652180694,0.9535870812866352,0.9486518480967212,0.9580826524628914,0.0346544328678135,0.0232393391034244,0.044308892854518,0.0681079360182373,0.0459386097789368,0.086654507632161,0.9531350135803224,0.9127331376075744,0.976715624332428,0.976600772667983,0.9744763909847304,0.9785296972181396,0.1637756811252889,0.1560116353873186,0.1719717358360986,,,,,,,
taco,1,gt_z (decoder floor),22932,186,,,,,,,,,,,,,,,,,,,,,,0.4535931659334113,0.418429571782302,0.4952698298000901,0.0,,,
taco,1,dense persistence C_t (reference),22932,186,,,,,,,,,,,,,,,,,,,,,,0.3166595814180233,0.3014535980085607,0.3311680446490526,,,,
taco,4,persistence,21840,186,0.4458401537716395,0.4321591695289047,0.4597182064290335,0.7958846654744726,0.783842787148327,0.8071044078409711,0.0,0.0,0.0,0.0,0.0,0.0,0.794291615486145,0.6777293682098389,0.896636962890625,0.89148247811601,0.8857528943875705,0.896856369338656,,,,0.9480835555440272,0.9022466372163396,0.9999747003397836,0.751120050445808,0.7200827349968827,0.7821673161917315,
taco,4,mean,21840,186,0.9957136467079614,0.9833660610418598,1.0088914474946684,-0.0180900479677841,-0.0240823010553066,-0.0122432727346227,-1.2333422377607746,-1.2992262068230775,-1.1687237655093146,-3.987817550966304,-4.286441162194936,-3.703362771949471,-0.0185781270265579,-0.1410943269729614,5.125999450683594e-06,,,,0.1706518601943703,0.1637776131542736,0.1774524485102833,3.894265261166917,3.7680651863197903,4.012622272478143,3.88364641853905,3.75870343130985,4.004511956363238,
taco,4,shrink,21840,186,0.4315784562773443,0.4190567045025707,0.444397051480236,0.8087344349149814,0.7979809696536083,0.8188194405798326,0.0319883648290685,0.0302943798813389,0.0335676461984353,0.0629534741736994,0.0596710102996766,0.0660085055236874,0.8073294162750244,0.6994459629058838,0.89778733253479,0.8929385688447781,0.887320055908706,0.8982716306589265,0.1873078973843707,0.1806222418830546,0.1943800223571834,,,,,,,
taco,4,ar1,21840,186,0.4161633006221117,0.4040794043767302,0.4285198035918289,0.8221537009673807,0.8120824968604327,0.8315573338417754,0.0665638859543558,0.0628947828869571,0.0699565780425994,0.128697020995367,0.1218338118923119,0.1350192332732581,0.8207586407661438,0.7156584858894348,0.91084486246109,0.9005940069959605,0.8953586828443721,0.9055006754860644,0.238634811971804,0.230389486337064,0.2475628150824191,,,,,,,0.01
taco,4,linear,21840,186,0.4111182415384229,0.3993187323859741,0.4229864389175971,0.8264395499575794,0.8171242419256718,0.8353557753570017,0.0778797332171236,0.0716149952988762,0.0836943869587606,0.1496942135882768,0.1381012829953729,0.1603840233973649,0.8249373435974121,0.718136727809906,0.910400688648224,0.90463471705343,0.899762295456398,0.9094004558540574,0.2623835456900016,0.2534468908575134,0.2720644372946428,0.9208047281909776,0.8732027788581797,0.9753612670832232,0.7399959550757684,0.7114167827983122,0.7724977474122322,0.01
taco,4,probe,21840,186,0.3955292600432017,0.3823664488417644,0.4087411278872638,0.8393523018926177,0.8288914436673867,0.8485144669554319,0.1128451381124527,0.0995395927896735,0.1253639679761129,0.2129562510292869,0.1891710549690277,0.2350118101934348,0.8379156589508057,0.7292368412017822,0.918118953704834,0.9129711048582788,0.9075691853769048,0.9178533428387748,0.3014477447325855,0.2904671521506036,0.3128294522478346,0.8774995280920967,0.8296573379474588,0.9337752539922411,0.6847679537096258,0.6534077831472809,0.717291744227977,
taco,4,probe_notau,21840,186,0.4045954783884738,0.3918100464972482,0.4175698221010497,0.8319032474950898,0.8210700552116427,0.841366811674522,0.0925100061855158,0.0738210450191691,0.1090267803575497,0.1764619111265876,0.1421925432904012,0.2061667212859179,0.8305004835128784,0.7135015726089478,0.9168817400932312,0.9088293094065164,0.902818134786546,0.9140606817026288,0.2945721100082578,0.2819434120819704,0.3070861798012423,,,,,,,
taco,4,gt_z (decoder floor),21840,186,,,,,,,,,,,,,,,,,,,,,,0.4589447125821501,0.4230876013409431,0.5016488532210324,0.0,,,
taco,4,dense persistence C_t (reference),21840,186,,,,,,,,,,,,,,,,,,,,,,0.7918858048914388,0.7590615848377845,0.8248707385456443,,,,
taco,8,persistence,20384,186,0.6168601577043702,0.6010922322204924,0.6328219118251857,0.6110853564972777,0.5919708868632463,0.6291885835461926,0.0,0.0,0.0,0.0,0.0,0.0,0.607359766960144,0.3842409253120422,0.8014350533485413,0.7943107661373954,0.7851493722805126,0.8036843227912837,,,,1.3118919763625256,1.25046958729478,1.3779234403724512,1.156096157650763,1.106244484207804,1.208953974234661,
taco,8,mean,20384,186,1.0003719981693535,0.9875719894229478,1.0141508324619366,-0.0228310606137649,-0.0297316695878858,-0.0157080872531341,-0.6217160172772596,-0.660784271571043,-0.5842348425900846,-1.6299628406936169,-1.7582043977690305,-1.509800104918065,-0.0234318207949399,-0.1696522235870361,-5.674362182617188e-05,,,,0.2426033293854594,0.2341711611435675,0.2511073095384657,3.9250791956329927,3.795859413000351,4.044639114503493,3.9140024887868665,3.7869051289170166,4.037258270408647,
taco,8,shrink,20384,186,0.5798334757017353,0.5659042673104305,0.5936899761627465,0.6563728861332482,0.6408919430332064,0.6709997588920364,0.0600244342906319,0.0572691963071557,0.0626931789295461,0.1164459358693534,0.1112586317587915,0.1214559231662192,0.6537408828735352,0.5068342685699463,0.8053938746452332,0.7975421140375824,0.7884651079303505,0.8066543311967523,0.2582894874405557,0.2503262825445088,0.2664698131168635,,,,,,,
taco,8,ar1,20384,186,0.54664152753756,0.5331930448343847,0.5606638256842563,0.694587999927271,0.6805924264080749,0.708077553194162,0.1138323318337287,0.1083075604944013,0.1187474598286448,0.2147068638967533,0.2048845932640272,0.2233939598279226,0.6920058727264404,0.5537456274032593,0.8456368446350098,0.8206568534672355,0.8122544357165393,0.828940357122561,0.3218428313902334,0.3116512471822498,0.3320366521414381,,,,,,,0.01
taco,8,linear,20384,186,0.5338966757436945,0.5204350237667958,0.547438915373727,0.7086632386799327,0.695345111547329,0.7212770387396913,0.1344931763293355,0.1255536431953114,0.1427422034029928,0.2508979381795174,0.2353435688636729,0.2651090700743763,0.7058705687522888,0.557213544845581,0.8454668521881104,0.835582815509045,0.8277232404055558,0.8434890678028139,0.3504388119909172,0.3394277387902568,0.361745254945476,1.221073106601264,1.1584994059435323,1.2890010201859163,1.0809226709871598,1.0329928780029298,1.1312565858163075,0.01
taco,8,probe,20384,186,0.5069660230702031,0.4924660887641044,0.5218793966939954,0.7373130112250652,0.7227054211879125,0.7510547909175499,0.1781508065671406,0.1651390674388524,0.1912662636202811,0.3245639032537585,0.3030072230707561,0.3459497436276205,0.734531044960022,0.59696364402771,0.8663737177848816,0.8537583526903543,0.8451222366918463,0.8619013645645809,0.3680673192549069,0.356689727951739,0.3812888202058264,1.133035003805783,1.0707086981313776,1.196984179842134,0.9793567094113752,0.9324035031704822,1.0269552827087955,
taco,8,probe_notau,20384,186,0.5251049252658179,0.5078727498424916,0.5416312336832957,0.7181792034356181,0.699753037906498,0.735495027137067,0.1487455970248055,0.1277729300305684,0.1686958607144695,0.2753659414153452,0.2392199384124326,0.3089333958932604,0.7156087160110474,0.5542125105857849,0.8582396507263184,0.8438023711097792,0.8333847604824484,0.8537891615137115,0.3808642469023701,0.3663886309244744,0.3959768209880547,,,,,,,
taco,8,gt_z (decoder floor),20384,186,,,,,,,,,,,,,,,,,,,,,,0.4667035589605757,0.4296241978211796,0.5111031344760055,0.0,,,
taco,8,dense persistence C_t (reference),20384,186,,,,,,,,,,,,,,,,,,,,,,1.209782130487565,1.1587767635832926,1.2655578716320148,,,,
arctic,1,persistence,11718,44,0.1103713087271138,0.1027954613949447,0.1182377640692644,0.98474040209828,0.9831171282833574,0.986357237955474,0.0,0.0,0.0,0.0,0.0,0.0,0.9848434925079346,0.971351444721222,0.992361068725586,0.9922690555862772,0.9914216262553834,0.9930876691089454,,,,0.6848356410512743,0.5889950996675815,0.7956244742490423,0.1676603444698304,0.1411072323722974,0.1930094443972313,
arctic,1,mean,11718,44,0.9104591311943,0.872025857376586,0.9513254892004956,-0.0383687686526432,-0.0734035352845742,-0.0048915558890727,-7.249056223890149,-7.702768006688102,-6.851564143800004,-67.0469285849008,-74.73817254383236,-60.64705951362789,-0.0431032106280326,-0.2433825731277465,-3.5762786865234375e-07,,,,0.0256565190721104,0.0193664942143605,0.0313275786629722,4.156360852004196,3.883964432084974,4.458380266628276,4.114283010249131,3.841123100480692,4.415214777251433,
arctic,1,shrink,11718,44,0.1101897198406088,0.1025424278583979,0.1179187337849174,0.984790572635266,0.9831502877012996,0.9864442289988804,0.0016452544470053,-0.0019589261994255,0.0046375000254332,0.0032878020318152,-0.0039216897909328,0.0092534936322535,0.9848900437355042,0.9716960787773132,0.9924022555351256,0.992285373988036,0.9914353680173608,0.993098616992694,0.0650598471287625,0.0543132416299734,0.0759233248890215,,,,,,,
arctic,1,ar1,11718,44,0.1098121645892581,0.1021693694401491,0.1177804889503546,0.9848946215659734,0.9831701760030191,0.9866614785473604,0.0050660279768733,-0.0019899625503426,0.0129646926718787,0.0101063913142842,-0.0039838857557607,0.0257613019299867,0.984982967376709,0.9717082381248474,0.9925312995910645,0.9923667782864528,0.991501960490487,0.993208611666102,0.0855655350085656,0.0735094197744901,0.0985827239991135,,,,,,,0.01
arctic,1,linear,11718,44,0.1094050847660869,0.1021330631266318,0.117190645905198,0.9850064069457816,0.983273623575343,0.986755495204648,0.0087543037422513,0.0012180902724998,0.016822915998568,0.0174319696504912,0.0024346957326587,0.0333628214014256,0.9850839376449584,0.9724418520927428,0.992438018321991,0.9924298940990378,0.9915975795855446,0.9932224596292633,0.1146593944999571,0.0995402424767367,0.1322751368348699,0.6847118301090425,0.5877280523312393,0.7963973832272889,0.18159371480206,0.1559299974577218,0.2059070085745915,0.01
arctic,1,probe,11718,44,0.1132429785027498,0.1057782893093276,0.1207871960420288,0.983936015639728,0.981996163946831,0.9859133551950556,-0.0260182633399408,-0.0639857574702927,0.0064923164979578,-0.052713476707108,-0.1320656988758357,0.0129424828215669,0.9840129613876344,0.9709623456001282,0.9923726916313172,0.9918464925556608,0.9908616107687502,0.992710305068031,0.1466717866678336,0.121272020461083,0.1733202410944258,0.693153143405627,0.5985934149722372,0.8019280378361047,0.1920059469808974,0.1663984470651207,0.217326141266332,
arctic,1,probe_notau,11718,44,0.1091342588612448,0.1019747332925184,0.1168409771124066,0.9850805465976836,0.9831874011810698,0.9869133469400816,0.0112080746358421,-0.0102042670077207,0.0315292889108346,0.0222905283346417,-0.0205126614954639,0.0620644797432314,0.9851608872413636,0.9723024368286132,0.9927871823310852,0.9924033417761132,0.9915284477311712,0.9932178122674103,0.0815977286705129,0.07013453235265,0.0945217084448776,,,,,,,
arctic,1,gt_z (decoder floor),11718,44,,,,,,,,,,,,,,,,,,,,,,0.6339713924526749,0.5293151763734122,0.7481390853907617,0.0,,,
arctic,1,dense persistence C_t (reference),11718,44,,,,,,,,,,,,,,,,,,,,,,0.1672059017706551,0.1407767018696327,0.1922073990811126,,,,
arctic,4,persistence,11160,44,0.3034284442815668,0.2833486165067355,0.3254474658285385,0.8859277364362514,0.8725103997796099,0.9001649826491978,0.0,0.0,0.0,0.0,0.0,0.0,0.8865869641304016,0.7887579202651978,0.9431318044662476,0.9426688415226177,0.9360608548230366,0.9486592767186316,,,,0.9312932543286312,0.8239473842277883,1.042474494389671,0.5414785762902476,0.4496838689155683,0.6276062673055345,
arctic,4,mean,11160,44,0.91347090980572,0.8742104230498631,0.9548706489531172,-0.0338485465925209,-0.0657455337297717,-0.002543560649956,-2.010498610203016,-2.2020875772828155,-1.8457431167328844,-8.063101882034287,-9.253364957996933,-7.098253900023044,-0.0382593609392643,-0.2227340936660766,-2.1219253540039062e-05,,,,0.094983335846336,0.0845577900140185,0.1044529260083861,4.178826002215827,3.902306039759778,4.487660460331367,4.136446371813402,3.860431843852013,4.443068758588843,
arctic,4,shrink,11160,44,0.3012997236345967,0.2823109178504124,0.3221370696297059,0.8875226837791109,0.8741504230574214,0.9012205427733636,0.0070155606275156,-0.0016265677647611,0.0134861006489086,0.0139819031641128,-0.0032557820276991,0.0267903263850337,0.8881289958953857,0.7964446544647217,0.943437159061432,0.9421614396323676,0.935532087786942,0.9481986091671591,0.1065160911591381,0.0946657627152249,0.1183218002870251,,,,,,,
arctic,4,ar1,11160,44,0.299817102728206,0.2801136909620833,0.3213163074895448,0.8886269060020758,0.874258615188993,0.9035186597811156,0.0119017897676386,-0.0005252049167332,0.0252337746966904,0.0236619269356042,-0.0010506863219597,0.0498308058828246,0.8890587091445923,0.7960039973258972,0.9452300667762756,0.9431424676622164,0.9366618031245088,0.9495486287985432,0.144545489471578,0.1341725274046796,0.1559024273049848,,,,,,,0.01
arctic,4,linear,11160,44,0.2966786785481425,0.2770447129934227,0.3173702912272079,0.8909463639133772,0.8771792297871948,0.905444047065852,0.0222449999682985,0.0071886437810772,0.0370640750033352,0.0439951599130075,0.0143256105389023,0.0727544043507322,0.8912357091903687,0.8040623664855957,0.944617748260498,0.944015043562672,0.9374825555421532,0.9505698721047984,0.1778567464467662,0.1588006985640422,0.1990800647316858,0.9560771380871614,0.8480782656789526,1.0694138024929865,0.6163512305002726,0.5276626278374251,0.6999586475205177,0.01
arctic,4,probe,11160,44,0.3028378910517298,0.2819908095838473,0.3234105135543365,0.8863713348466017,0.8710835754632553,0.901768644565909,0.0019462685221723,-0.0400334241901145,0.0395556329951333,0.0038887490831844,-0.0816695668701484,0.0775465851833078,0.8865745067596436,0.7976680397987366,0.9438400864601136,0.9406280086707912,0.932568927497564,0.947947248493582,0.2409801679145201,0.2070351506654384,0.2807929120623752,0.9699852800754476,0.8601248307590813,1.087131343494228,0.6309182135288948,0.5420790926082094,0.7175396411393739,
arctic,4,probe_notau,11160,44,0.3060874205761297,0.282278251188475,0.3317585300167936,0.8839197214102515,0.8647914517243054,0.9023092519868892,-0.0087631082209798,-0.0494588510591782,0.0301524215938403,-0.0176030085076523,-0.1013638800761847,0.0593956724517079,0.8840402960777283,0.7941645383834839,0.9439145922660828,0.9386546263504836,0.928766914306639,0.9475248955713668,0.1517949462725884,0.1302064478065525,0.1731567251476255,,,,,,,
arctic,4,gt_z (decoder floor),11160,44,,,,,,,,,,,,,,,,,,,,,,0.6345567624286605,0.5297427357527158,0.749237116530199,0.0,,,
arctic,4,dense persistence C_t (reference),11160,44,,,,,,,,,,,,,,,,,,,,,,0.5413251797429275,0.4515492461369224,0.6287657210158264,,,,
arctic,8,persistence,10416,44,0.4522840411052154,0.4198253892780866,0.4862985929423442,0.7489759166012389,0.7145343353568373,0.7834689034580196,0.0,0.0,0.0,0.0,0.0,0.0,0.7501609325408936,0.5614221096038818,0.8723642826080322,0.8742230902500381,0.8589249331930436,0.889169385339979,,,,1.2184382535202662,1.0804951284640447,1.3613043271806289,0.904265262480114,0.763310038668428,1.038460988117306,
arctic,8,mean,10416,44,0.9167997176963996,0.8772650744599078,0.9586162482669076,-0.0314348565480593,-0.0619923206006757,-0.0015690886740969,-1.0270441456569617,-1.187710900936629,-0.900766281609029,-3.108907968442161,-3.78607898668416,-2.6129126121756068,-0.0355223082005977,-0.2077668905258178,-3.5762786865234375e-07,,,,0.1583551627811728,0.14264416106811,0.1735399571730319,4.191818968388617,3.913260144824026,4.506987720927103,4.149514527158803,3.8715670977978154,4.4605008660505066,
arctic,8,shrink,10416,44,0.4432044075492048,0.4143649488325199,0.4736578720624458,0.758953403620788,0.7286339436528035,0.7892230888539719,0.0200750694935495,0.0061265936609617,0.0303248729690874,0.0397471305719281,0.0122156519734116,0.0597301480143011,0.7599162459373474,0.5954619646072388,0.8735901713371277,0.8723682834091885,0.8573417423792684,0.8874485303968036,0.1606548967644804,0.1444472844153071,0.1774042736850693,,,,,,,
arctic,8,ar1,10416,44,0.4388638406473047,0.4092498596490844,0.4698315099220601,0.7636517118580701,0.7316194980977357,0.7958497768002123,0.0296720627708124,0.0112323387600654,0.0479444811260971,0.0584636942325499,0.0223385049846289,0.0935902887678955,0.7641093730926514,0.5944768786430359,0.8808239102363586,0.8757660613385628,0.8594685209944098,0.8924124777089758,0.2097025179203955,0.1946951378077767,0.2268767142905366,,,,,,,0.01
arctic,8,linear,10416,44,0.4315784376482495,0.40152065196049,0.4631958707423638,0.7714336257215288,0.7386259144626804,0.8040056182155934,0.0457800885619775,0.0268947180841042,0.0644395167622558,0.0894643606152126,0.0530661049965192,0.1247265819667328,0.7714900970458984,0.6122850179672241,0.8795164823532104,0.8783413066544821,0.8620367546211947,0.8945396208949906,0.2451331716143193,0.2236393865644013,0.2675825366637577,1.287123085113354,1.1389180987598742,1.4379549068473858,1.0424608611879076,0.8924399078387316,1.18297891981448,0.01
arctic,8,probe,10416,44,0.4208851032463842,0.3862670050094002,0.4536899093813249,0.7826198062556721,0.7508995267409434,0.8144183469919726,0.0694230505726087,0.0160531381428982,0.1217200179546849,0.1340265411944105,0.0318485712247119,0.2286242731168676,0.7823382019996643,0.6283410787582397,0.8813095092773438,0.8844684883819587,0.8673736236613704,0.9028402207035212,0.3252154392054855,0.2833176583088061,0.3726242289759911,1.228866122448073,1.0812522809185234,1.3866113918729728,0.952555155170278,0.818191328797206,1.0898480272034283,
arctic,8,probe_notau,10416,44,0.4429311562382546,0.4102694352712758,0.4787054842396846,0.7592505396279172,0.7191294236137658,0.7964775567753488,0.0206792281330682,-0.0170926844422037,0.055657985547388,0.0409308257899569,-0.0344775337090293,0.1082181588825879,0.7583299279212952,0.6056184768676758,0.8694475293159485,0.8681877671022605,0.8467104269365173,0.8887615526814466,0.2341229284112434,0.2084751722485769,0.2604164795845923,,,,,,,
arctic,8,gt_z (decoder floor),10416,44,,,,,,,,,,,,,,,,,,,,,,0.6321084763782854,0.5295778492780696,0.7465414064278253,0.0,,,
arctic,8,dense persistence C_t (reference),10416,44,,,,,,,,,,,,,,,,,,,,,,0.8934068037481768,0.7480662618182672,1.0299170494450385,,,,
