dataset,h,method,rmse_persistence,rmse_method,gain_rmse,gain_rmse_lo,gain_rmse_hi,gain_mse,gain_mse_lo,gain_mse_hi,cos_delta,cos_delta_lo,cos_delta_hi
taco,1,persistence,0.2198854150410031,0.2198854085011485,0.0,0.0,0.0,0.0,0.0,0.0,,,
taco,1,mean,0.2198854150410031,0.9930792729430108,-3.5163491279951096,-3.7713722999518646,-3.280103839575346,-19.397409445942188,-21.76599362690645,-17.31928887995782,0.0725555271713162,0.0680668834404106,0.0771947687825168
taco,1,shrink,0.2198854150410031,0.218040954118749,0.0083882527493399,0.0077325773775334,0.0089717512132465,0.0167061427144931,0.0154053620009612,0.0178630101065115,0.0951376763684299,0.0905315148538099,0.0998308125975248
taco,1,ar1,0.2198854150410031,0.2154338212691139,0.0202450324574922,0.0187032928725091,0.021790510375909,0.0400802035757794,0.0370567725773356,0.0431061944078122,0.128251575152943,0.1222295614056556,0.1343190563499074
taco,1,linear,0.2198854150410031,0.2146594994371048,0.0237665113827523,0.0210427336562697,0.0263855552330402,0.0469681757021981,0.0416426706523913,0.0520749129296032,0.142880874860375,0.1367686889870033,0.1499287423734337
taco,1,probe,0.2198854150410031,0.2127178683056871,0.0325967068225176,0.0259355435291923,0.0391111243242545,0.0641308683493623,0.0511984345082866,0.0766925685714865,0.1521802187627902,0.1453551042682267,0.1594081605466128
taco,1,probe_notau,0.2198854150410031,0.2122654043736337,0.0346544328678135,0.0232393391034244,0.044308892854518,0.0681079360182373,0.0459386097789368,0.086654507632161,0.1637756811252889,0.1560116353873186,0.1719717358360986
taco,4,persistence,0.4458401499288461,0.4458401537716395,0.0,0.0,0.0,0.0,0.0,0.0,,,
taco,4,mean,0.4458401499288461,0.9957136467079614,-1.2333422377607746,-1.2992262068230775,-1.1687237655093146,-3.987817550966304,-4.286441162194936,-3.703362771949471,0.1706518601943703,0.1637776131542736,0.1774524485102833
taco,4,shrink,0.4458401499288461,0.4315784562773443,0.0319883648290685,0.0302943798813389,0.0335676461984353,0.0629534741736994,0.0596710102996766,0.0660085055236874,0.1873078973843707,0.1806222418830546,0.1943800223571834
taco,4,ar1,0.4458401499288461,0.4161633006221117,0.0665638859543558,0.0628947828869571,0.0699565780425994,0.128697020995367,0.1218338118923119,0.1350192332732581,0.238634811971804,0.230389486337064,0.2475628150824191
taco,4,linear,0.4458401499288461,0.4111182415384229,0.0778797332171236,0.0716149952988762,0.0836943869587606,0.1496942135882768,0.1381012829953729,0.1603840233973649,0.2623835456900016,0.2534468908575134,0.2720644372946428
taco,4,probe,0.4458401499288461,0.3955292600432017,0.1128451381124527,0.0995395927896735,0.1253639679761129,0.2129562510292869,0.1891710549690277,0.2350118101934348,0.3014477447325855,0.2904671521506036,0.3128294522478346
taco,4,probe_notau,0.4458401499288461,0.4045954783884738,0.0925100061855158,0.0738210450191691,0.1090267803575497,0.1764619111265876,0.1421925432904012,0.2061667212859179,0.2945721100082578,0.2819434120819704,0.3070861798012423
taco,8,persistence,0.616860152295034,0.6168601577043702,0.0,0.0,0.0,0.0,0.0,0.0,,,
taco,8,mean,0.616860152295034,1.0003719981693535,-0.6217160172772596,-0.660784271571043,-0.5842348425900846,-1.6299628406936169,-1.7582043977690305,-1.509800104918065,0.2426033293854594,0.2341711611435675,0.2511073095384657
taco,8,shrink,0.616860152295034,0.5798334757017353,0.0600244342906319,0.0572691963071557,0.0626931789295461,0.1164459358693534,0.1112586317587915,0.1214559231662192,0.2582894874405557,0.2503262825445088,0.2664698131168635
taco,8,ar1,0.616860152295034,0.54664152753756,0.1138323318337287,0.1083075604944013,0.1187474598286448,0.2147068638967533,0.2048845932640272,0.2233939598279226,0.3218428313902334,0.3116512471822498,0.3320366521414381
taco,8,linear,0.616860152295034,0.5338966757436945,0.1344931763293355,0.1255536431953114,0.1427422034029928,0.2508979381795174,0.2353435688636729,0.2651090700743763,0.3504388119909172,0.3394277387902568,0.361745254945476
taco,8,probe,0.616860152295034,0.5069660230702031,0.1781508065671406,0.1651390674388524,0.1912662636202811,0.3245639032537585,0.3030072230707561,0.3459497436276205,0.3680673192549069,0.356689727951739,0.3812888202058264
taco,8,probe_notau,0.616860152295034,0.5251049252658179,0.1487455970248055,0.1277729300305684,0.1686958607144695,0.2753659414153452,0.2392199384124326,0.3089333958932604,0.3808642469023701,0.3663886309244744,0.3959768209880547
arctic,1,persistence,0.1103713119968081,0.1103713087271138,0.0,0.0,0.0,0.0,0.0,0.0,,,
arctic,1,mean,0.1103713119968081,0.9104591311943,-7.249056223890149,-7.702768006688102,-6.851564143800004,-67.0469285849008,-74.73817254383236,-60.64705951362789,0.0256565190721104,0.0193664942143605,0.0313275786629722
arctic,1,shrink,0.1103713119968081,0.1101897198406088,0.0016452544470053,-0.0019589261994255,0.0046375000254332,0.0032878020318152,-0.0039216897909328,0.0092534936322535,0.0650598471287625,0.0543132416299734,0.0759233248890215
arctic,1,ar1,0.1103713119968081,0.1098121645892581,0.0050660279768733,-0.0019899625503426,0.0129646926718787,0.0101063913142842,-0.0039838857557607,0.0257613019299867,0.0855655350085656,0.0735094197744901,0.0985827239991135
arctic,1,linear,0.1103713119968081,0.1094050847660869,0.0087543037422513,0.0012180902724998,0.016822915998568,0.0174319696504912,0.0024346957326587,0.0333628214014256,0.1146593944999571,0.0995402424767367,0.1322751368348699
arctic,1,probe,0.1103713119968081,0.1132429785027498,-0.0260182633399408,-0.0639857574702927,0.0064923164979578,-0.052713476707108,-0.1320656988758357,0.0129424828215669,0.1466717866678336,0.121272020461083,0.1733202410944258
arctic,1,probe_notau,0.1103713119968081,0.1091342588612448,0.0112080746358421,-0.0102042670077207,0.0315292889108346,0.0222905283346417,-0.0205126614954639,0.0620644797432314,0.0815977286705129,0.07013453235265,0.0945217084448776
arctic,4,persistence,0.3034284438372808,0.3034284442815668,0.0,0.0,0.0,0.0,0.0,0.0,,,
arctic,4,mean,0.3034284438372808,0.91347090980572,-2.010498610203016,-2.2020875772828155,-1.8457431167328844,-8.063101882034287,-9.253364957996933,-7.098253900023044,0.094983335846336,0.0845577900140185,0.1044529260083861
arctic,4,shrink,0.3034284438372808,0.3012997236345967,0.0070155606275156,-0.0016265677647611,0.0134861006489086,0.0139819031641128,-0.0032557820276991,0.0267903263850337,0.1065160911591381,0.0946657627152249,0.1183218002870251
arctic,4,ar1,0.3034284438372808,0.299817102728206,0.0119017897676386,-0.0005252049167332,0.0252337746966904,0.0236619269356042,-0.0010506863219597,0.0498308058828246,0.144545489471578,0.1341725274046796,0.1559024273049848
arctic,4,linear,0.3034284438372808,0.2966786785481425,0.0222449999682985,0.0071886437810772,0.0370640750033352,0.0439951599130075,0.0143256105389023,0.0727544043507322,0.1778567464467662,0.1588006985640422,0.1990800647316858
arctic,4,probe,0.3034284438372808,0.3028378910517298,0.0019462685221723,-0.0400334241901145,0.0395556329951333,0.0038887490831844,-0.0816695668701484,0.0775465851833078,0.2409801679145201,0.2070351506654384,0.2807929120623752
arctic,4,probe_notau,0.3034284438372808,0.3060874205761297,-0.0087631082209798,-0.0494588510591782,0.0301524215938403,-0.0176030085076523,-0.1013638800761847,0.0593956724517079,0.1517949462725884,0.1302064478065525,0.1731567251476255
arctic,8,persistence,0.4522840365377505,0.4522840411052154,0.0,0.0,0.0,0.0,0.0,0.0,,,
arctic,8,mean,0.4522840365377505,0.9167997176963996,-1.0270441456569617,-1.187710900936629,-0.900766281609029,-3.108907968442161,-3.78607898668416,-2.6129126121756068,0.1583551627811728,0.14264416106811,0.1735399571730319
arctic,8,shrink,0.4522840365377505,0.4432044075492048,0.0200750694935495,0.0061265936609617,0.0303248729690874,0.0397471305719281,0.0122156519734116,0.0597301480143011,0.1606548967644804,0.1444472844153071,0.1774042736850693
arctic,8,ar1,0.4522840365377505,0.4388638406473047,0.0296720627708124,0.0112323387600654,0.0479444811260971,0.0584636942325499,0.0223385049846289,0.0935902887678955,0.2097025179203955,0.1946951378077767,0.2268767142905366
arctic,8,linear,0.4522840365377505,0.4315784376482495,0.0457800885619775,0.0268947180841042,0.0644395167622558,0.0894643606152126,0.0530661049965192,0.1247265819667328,0.2451331716143193,0.2236393865644013,0.2675825366637577
arctic,8,probe,0.4522840365377505,0.4208851032463842,0.0694230505726087,0.0160531381428982,0.1217200179546849,0.1340265411944105,0.0318485712247119,0.2286242731168676,0.3252154392054855,0.2833176583088061,0.3726242289759911
arctic,8,probe_notau,0.4522840365377505,0.4429311562382546,0.0206792281330682,-0.0170926844422037,0.055657985547388,0.0409308257899569,-0.0344775337090293,0.1082181588825879,0.2341229284112434,0.2084751722485769,0.2604164795845923
