dataset,h,eval_split,method,subject,position,n_pairs,n_takes,gain_rmse,gain_rmse_lo,gain_rmse_hi,rmse_persistence,share_of_persistence_sse
taco,1,test,probe,all,all,22932,186,0.032596706822517696,0.0259355435291923,0.039111124324254586,0.21988540850114857,1.0
taco,1,test,probe_notau,all,all,22932,186,0.034654432867813556,0.023239339103424492,0.044308892854518,0.21988540850114857,1.0
taco,1,test,linear,all,all,22932,186,0.02376651138275232,0.021042733656269706,0.026385555233040252,0.21988540850114857,1.0
taco,1,test,ar1,all,all,22932,186,0.020245032457492207,0.018703292872509113,0.021790510375909088,0.21988540850114857,1.0
taco,1,test,probe,all,t0,364,186,0.12363001474172297,0.09309934970032867,0.15399773351947307,0.2785802477155523,0.02547811359218623
taco,1,test,probe_notau,all,t0,364,186,0.13228358939676266,0.09715284105199296,0.16809177978212028,0.2785802477155523,0.02547811359218623
taco,1,test,linear,all,t0,364,186,0.06858726286675465,0.059460793594182465,0.0782097560692414,0.2785802477155523,0.02547811359218623
taco,1,test,ar1,all,t0,364,186,0.050513314456274716,0.04335932074500509,0.058152892539341326,0.2785802477155523,0.02547811359218623
taco,1,test,probe,all,t1_7,2548,186,0.08933079982896741,0.07123223098763845,0.10666806076353849,0.23039755863503086,0.121988927981771
taco,1,test,probe_notau,all,t1_7,2548,186,0.0852654741381691,0.0577470427876757,0.11057110568893777,0.23039755863503086,0.121988927981771
taco,1,test,linear,all,t1_7,2548,186,0.051622879903014396,0.04389678273465396,0.05869458328548288,0.23039755863503086,0.121988927981771
taco,1,test,ar1,all,t1_7,2548,186,0.038722950067886064,0.03350927333259394,0.04410075056846247,0.23039755863503086,0.121988927981771
taco,1,test,probe,all,t0_7,2912,186,0.09516381378030503,0.07814039002267911,0.11075843317423616,0.23695679975264897,0.14746704157395724
taco,1,test,probe_notau,all,t0_7,2912,186,0.09321463313952916,0.0689102634446626,0.11526017369622328,0.23695679975264897,0.14746704157395724
taco,1,test,linear,all,t0_7,2912,186,0.05453209098571454,0.047619962728624794,0.06135685828710928,0.23695679975264897,0.14746704157395724
taco,1,test,ar1,all,t0_7,2912,186,0.040749633924966,0.0357829459254282,0.04566149434421747,0.23695679975264897,0.14746704157395724
taco,1,test,probe,all,t8,20020,186,0.02218020611533833,0.01576151837759305,0.02869023053639551,0.2172905951747163,0.8525329584260428
taco,1,test,probe_notau,all,t8,20020,186,0.024881678174490607,0.012824463859369448,0.03502336661970375,0.2172905951747163,0.8525329584260428
taco,1,test,linear,all,t8,20020,186,0.01854266145964789,0.015436292518524112,0.021400831764456486,0.2172905951747163,0.8525329584260428
taco,1,test,ar1,all,t8,20020,186,0.016741623189107768,0.014779173000845636,0.018524652788489422,0.2172905951747163,0.8525329584260428
taco,1,val,probe,all,all,8883,76,0.0491726165403501,0.034773390813650155,0.061814592460194016,0.21552121233806204,1.0
taco,1,val,probe,all,t0,141,76,0.12101133367471006,0.09067177493419269,0.1552766757284249,0.31053317434691535,0.032953034529050754
taco,1,val,probe,all,t1_7,987,76,0.133430009938857,0.1064152782244732,0.16015255197589914,0.2516049333393162,0.15143133547214954
taco,1,val,probe,all,t0_7,1128,76,0.13119752591047296,0.10624696998917138,0.15452787527261586,0.2597032320107761,0.18438437000120028
taco,1,val,probe,all,t8,7755,76,0.031591798053098086,0.014558237984970279,0.04626793403154652,0.20831556513347468,0.8156156299987998
taco,1,val,probe_notau,all,all,8883,76,0.05446274965426878,0.042063351028763525,0.06547322647270454,0.21552121233806204,1.0
taco,1,val,probe_notau,all,t0,141,76,0.13816569554883718,0.08606751085162043,0.1955145015131735,0.31053317434691535,0.032953034529050754
taco,1,val,probe_notau,all,t1_7,987,76,0.1487086776734986,0.12347067172565877,0.17668502768307356,0.2516049333393162,0.15143133547214954
taco,1,val,probe_notau,all,t0_7,1128,76,0.1468148825710467,0.12142903773235758,0.17385526250000594,0.2597032320107761,0.18438437000120028
taco,1,val,probe_notau,all,t8,7755,76,0.034808763268835086,0.02135888152722476,0.0470919766744795,0.20831556513347468,0.8156156299987998
taco,4,test,probe,all,all,21840,186,0.11284513811245278,0.09953959278967352,0.12536396797611296,0.44584015377163955,1.0
taco,4,test,probe_notau,all,all,21840,186,0.09251000618551586,0.07382104501916911,0.10902678035754974,0.44584015377163955,1.0
taco,4,test,linear,all,all,21840,186,0.0778797332171236,0.07161499529887626,0.08369438695876066,0.44584015377163955,1.0
taco,4,test,ar1,all,all,21840,186,0.0665638859543558,0.06289478288695712,0.0699565780425994,0.44584015377163955,1.0
taco,4,test,probe,all,t0,364,186,0.24643227721518224,0.21123193947598437,0.2832163542924532,0.6218469615533307,0.03242331556898141
taco,4,test,probe_notau,all,t0,364,186,0.23075803165623043,0.19322983202736052,0.26903851608084894,0.6218469615533307,0.03242331556898141
taco,4,test,linear,all,t0,364,186,0.15554821917548267,0.13977157902110937,0.16996530108163765,0.6218469615533307,0.03242331556898141
taco,4,test,ar1,all,t0,364,186,0.12138686365908302,0.11011434983325857,0.13195314669995295,0.6218469615533307,0.03242331556898141
taco,4,test,probe,all,t1_7,2548,186,0.2164669879694664,0.187848550236616,0.24229767902747434,0.5544112962863892,0.18040666204030623
taco,4,test,probe_notau,all,t1_7,2548,186,0.197308951682722,0.1650846960215426,0.22709271892106533,0.5544112962863892,0.18040666204030623
taco,4,test,linear,all,t1_7,2548,186,0.14287473977521004,0.12748554295781273,0.1560998993548417,0.5544112962863892,0.18040666204030623
taco,4,test,ar1,all,t1_7,2548,186,0.10376933195308402,0.09275504860182225,0.11333322829491042,0.5544112962863892,0.18040666204030623
taco,4,test,probe,all,t0_7,2912,186,0.22095758866088366,0.19300198753718004,0.24510659698561935,0.5632824382295695,0.21282997760928765
taco,4,test,probe_notau,all,t0_7,2912,186,0.20231414159646022,0.17284655096369128,0.2298478177424517,0.5632824382295695,0.21282997760928765
taco,4,test,linear,all,t0_7,2912,186,0.14479333849899645,0.1301977296108704,0.15758155448546374,0.5632824382295695,0.21282997760928765
taco,4,test,ar1,all,t0_7,2912,186,0.10643082514061641,0.09618754779588759,0.11536040739265412,0.5632824382295695,0.21282997760928765
taco,4,test,probe,all,t8,18928,186,0.08580748988803144,0.07274960998650028,0.09860609848607674,0.42490066081479927,0.7871700223907122
taco,4,test,probe_notau,all,t8,18928,186,0.06503391310353734,0.04591750810221018,0.08131105287697545,0.42490066081479927,0.7871700223907122
taco,4,test,linear,all,t8,18928,186,0.06060625903433248,0.05376778599314726,0.06661923944563009,0.42490066081479927,0.7871700223907122
taco,4,test,ar1,all,t8,18928,186,0.05607404479621847,0.0514369161069731,0.05996652158713981,0.42490066081479927,0.7871700223907122
taco,4,val,probe,all,all,8460,76,0.14247053092033124,0.09876081166234599,0.1797617707803014,0.4344784518230784,1.0
taco,4,val,probe,all,t0,141,76,0.3634800585952127,0.32977119208011174,0.39473007372967084,0.7504383458035027,0.04972127995807003
taco,4,val,probe,all,t1_7,987,76,0.3012047868377524,0.26422310362281076,0.33132030412276875,0.6022417276405481,0.2241568379424523
taco,4,val,probe,all,t0_7,1128,76,0.3120915989315086,0.2792870338491148,0.33923634232862965,0.6226981010522478,0.27387811790052236
taco,4,val,probe,all,t8,7332,76,0.08663801337060262,0.03556751458909284,0.1303867053966354,0.3976920945008873,0.7261218820994777
taco,4,val,probe_notau,all,all,8460,76,0.1485111997306784,0.11688445192030018,0.17492174960410684,0.4344784518230784,1.0
taco,4,val,probe_notau,all,t0,141,76,0.33397977061830064,0.290775957700093,0.36901977609138115,0.7504383458035027,0.04972127995807003
taco,4,val,probe_notau,all,t1_7,987,76,0.2965352718000439,0.2558810713385209,0.33131615237560713,0.6022417276405481,0.2241568379424523
taco,4,val,probe_notau,all,t0_7,1128,76,0.30318363948874705,0.2636692177340874,0.3344384967792556,0.6226981010522478,0.27387811790052236
taco,4,val,probe_notau,all,t8,7332,76,0.09702706631598856,0.058978320971892845,0.12860688024741093,0.3976920945008873,0.7261218820994777
taco,8,test,probe,all,all,20384,186,0.17815080656714066,0.16513906743885248,0.19126626362028115,0.6168601577043702,1.0
taco,8,test,probe_notau,all,all,20384,186,0.1487455970248055,0.12777293003056847,0.16869586071446951,0.6168601577043702,1.0
taco,8,test,linear,all,all,20384,186,0.13449317632933555,0.1255536431953114,0.14274220340299285,0.6168601577043702,1.0
taco,8,test,ar1,all,all,20384,186,0.11383233183372876,0.10830756049440135,0.11874745982864486,0.6168601577043702,1.0
taco,8,test,probe,all,t0,364,186,0.3234147402658647,0.29322773287016707,0.3503895779907659,0.8554224475094461,0.034339962536316854
taco,8,test,probe_notau,all,t0,364,186,0.30375889295276115,0.2662837506676268,0.34025683042318217,0.8554224475094461,0.034339962536316854
taco,8,test,linear,all,t0,364,186,0.2439014671895885,0.22313899273772603,0.2626424927168464,0.8554224475094461,0.034339962536316854
taco,8,test,ar1,all,t0,364,186,0.17831367676959753,0.16414928028360887,0.19185068864727717,0.8554224475094461,0.034339962536316854
taco,8,test,probe,all,t1_7,2548,186,0.2838450774168485,0.25857115234931033,0.30589698858565345,0.8030033392994257,0.21182210252388659
taco,8,test,probe_notau,all,t1_7,2548,186,0.2535999796446119,0.21670264223978858,0.28908949649314336,0.8030033392994257,0.21182210252388659
taco,8,test,linear,all,t1_7,2548,186,0.21970784160583823,0.1998165848513604,0.23738908706405673,0.8030033392994257,0.21182210252388659
taco,8,test,ar1,all,t1_7,2548,186,0.15573874158639356,0.14084997927232015,0.16901167949892565,0.8030033392994257,0.21182210252388659
taco,8,test,probe,all,t0_7,2912,186,0.289232870350034,0.2647309939698958,0.31155417244388384,0.8097413247594297,0.24616206506020344
taco,8,test,probe_notau,all,t0_7,2912,186,0.2603930210770833,0.2242718843601226,0.29423987312977523,0.8097413247594297,0.24616206506020344
taco,8,test,linear,all,t0_7,2912,186,0.22303766899595978,0.20351533624206153,0.2408143482788958,0.8097413247594297,0.24616206506020344
taco,8,test,ar1,all,t0_7,2912,186,0.1588516121286434,0.14463547895084924,0.17160464204884562,0.8097413247594297,0.24616206506020344
taco,8,test,probe,all,t8,17472,186,0.14499757325917495,0.130171218024757,0.15897064481057815,0.5784943338988243,0.7538379349397966
taco,8,test,probe_notau,all,t8,17472,186,0.11533421567238356,0.09321082065363714,0.13613266284150902,0.5784943338988243,0.7538379349397966
taco,8,test,linear,all,t8,17472,186,0.10747995321405601,0.09667155571418341,0.11661023648296129,0.5784943338988243,0.7538379349397966
taco,8,test,ar1,all,t8,17472,186,0.09961891074331175,0.092194730823923,0.10586271264496563,0.5784943338988243,0.7538379349397966
taco,8,val,probe,all,all,7896,76,0.18262181607199934,0.13269680316677954,0.22386453771936324,0.5741827945120882,1.0
taco,8,val,probe,all,t0,141,76,0.4196601742620195,0.38710465131875993,0.4471484295643169,0.9814940645404049,0.0521779459925955
taco,8,val,probe,all,t1_7,987,76,0.31257553033915353,0.26846111425945146,0.3497723307921868,0.799713185172149,0.24248125806973123
taco,8,val,probe,all,t0_7,1128,76,0.33028924141938165,0.28883084949193644,0.3642925133397719,0.8246301328849901,0.2946592040623267
taco,8,val,probe,all,t8,6768,76,0.1283098608260007,0.06925498572018861,0.17667680073669678,0.5208624761767832,0.7053407959376733
taco,8,val,probe_notau,all,all,7896,76,0.19767096697548947,0.1614899349672555,0.2302457134208254,0.5741827945120882,1.0
taco,8,val,probe_notau,all,t0,141,76,0.4185231994490699,0.3676576319189495,0.4632192517822448,0.9814940645404049,0.0521779459925955
taco,8,val,probe_notau,all,t1_7,987,76,0.3353962932046599,0.28241542482891663,0.38143257070455217,0.799713185172149,0.24248125806973123
taco,8,val,probe_notau,all,t0_7,1128,76,0.34934206430476034,0.300397038143417,0.39255394444905517,0.8246301328849901,0.2946592040623267
taco,8,val,probe_notau,all,t8,6768,76,0.1422150799601829,0.10159916056133951,0.17866740525219899,0.5208624761767832,0.7053407959376733
arctic,1,test,probe,all,all,11718,44,-0.02601826333994084,-0.06398575747029271,0.0064923164979578145,0.11037130872711388,1.0
arctic,1,test,probe_notau,all,all,11718,44,0.011208074635842169,-0.010204267007720712,0.03152928891083464,0.11037130872711388,1.0
arctic,1,test,linear,all,all,11718,44,0.00875430374225139,0.0012180902724998807,0.01682291599856807,0.11037130872711388,1.0
arctic,1,test,ar1,all,all,11718,44,0.0050660279768733885,-0.001989962550342655,0.012964692671878768,0.11037130872711388,1.0
arctic,1,test,probe,all,t0,186,44,0.225222326749542,0.18722176157698153,0.26758816291707116,0.34397397290683995,0.15416941738241227
arctic,1,test,probe_notau,all,t0,186,44,0.21611768533206488,0.18475428780799746,0.25060228488360964,0.34397397290683995,0.15416941738241227
arctic,1,test,linear,all,t0,186,44,0.08722944848446335,0.07970783118891213,0.09781373388500081,0.34397397290683995,0.15416941738241227
arctic,1,test,ar1,all,t0,186,44,0.0766505999115108,0.067547675128851,0.0888031699602901,0.34397397290683995,0.15416941738241227
arctic,1,test,probe,all,t1_7,1302,44,-0.0006775158235150514,-0.07681430811745973,0.0560253865246162,0.1530759026403468,0.21372669210345718
arctic,1,test,probe_notau,all,t1_7,1302,44,0.0866047107324871,0.04558266655009072,0.12509435537286712,0.1530759026403468,0.21372669210345718
arctic,1,test,linear,all,t1_7,1302,44,0.08412790681763427,0.06945253911319427,0.09973957960528858,0.1530759026403468,0.21372669210345718
arctic,1,test,ar1,all,t1_7,1302,44,0.07242717508218022,0.05192667754742216,0.09201422006953992,0.1530759026403468,0.21372669210345718
arctic,1,test,probe,all,t0_7,1488,44,0.08715707319738442,0.036262339637518744,0.13003712728333744,0.18786421885946442,0.3678961094858694
arctic,1,test,probe_notau,all,t0_7,1488,44,0.13850474186073602,0.10743560382358465,0.17218880248322374,0.18786421885946442,0.3678961094858694
arctic,1,test,linear,all,t0_7,1488,44,0.08542634906855306,0.07604182012298198,0.0967212457796127,0.18786421885946442,0.3678961094858694
arctic,1,test,ar1,all,t0_7,1488,44,0.07419468532321138,0.06092239132807043,0.0881233846432788,0.18786421885946442,0.3678961094858694
arctic,1,test,probe,all,t8,10230,44,-0.0864743517782427,-0.1309359272777831,-0.05050453547286047,0.09391594955618045,0.6321038905141305
arctic,1,test,probe_notau,all,t8,10230,44,-0.0558387229996109,-0.07981355794460715,-0.03651666169763882,0.09391594955618045,0.6321038905141305
arctic,1,test,linear,all,t8,10230,44,-0.03325425117680325,-0.04598374788827829,-0.020940318170454938,0.09391594955618045,0.6321038905141305
arctic,1,test,ar1,all,t8,10230,44,-0.03304062134322128,-0.041196242293392984,-0.025168988739823293,0.09391594955618045,0.6321038905141305
arctic,1,test,probe,seen,all,6048,23,0.023222879080601166,-0.009204836447576591,0.06173962654555143,0.111165488941949,0.5235834004756513
arctic,1,test,probe_notau,seen,all,6048,23,0.046780207079827774,0.02847950920774877,0.07047278065247256,0.111165488941949,0.5235834004756513
arctic,1,test,linear,seen,all,6048,23,0.018870100037498005,0.01168135525488066,0.02859532346240773,0.111165488941949,0.5235834004756513
arctic,1,test,ar1,seen,all,6048,23,0.01563827518524319,0.009669663781552457,0.023527060563682416,0.111165488941949,0.5235834004756513
arctic,1,test,probe,seen,t0,96,23,0.24052865539600388,0.19826263133744648,0.28588348383905227,0.4002090845144822,0.10771575757016899
arctic,1,test,probe_notau,seen,t0,96,23,0.22370348797496198,0.18285099901890622,0.2617949631279822,0.4002090845144822,0.10771575757016899
arctic,1,test,linear,seen,t0,96,23,0.08398099525769265,0.07536541562028361,0.09660843173495035,0.4002090845144822,0.10771575757016899
arctic,1,test,ar1,seen,t0,96,23,0.07207583689830654,0.06113902823739749,0.08833552993289231,0.4002090845144822,0.10771575757016899
arctic,1,test,probe,seen,t1_7,672,23,0.10738270277415185,0.06929834393482252,0.14867946901794457,0.16730657707430463,0.13177390713040296
arctic,1,test,probe_notau,seen,t1_7,672,23,0.1298591435583326,0.08717564208957035,0.17513279637868498,0.16730657707430463,0.13177390713040296
arctic,1,test,linear,seen,t1_7,672,23,0.09586156542282609,0.0817589300439039,0.11257894692919722,0.16730657707430463,0.13177390713040296
arctic,1,test,ar1,seen,t1_7,672,23,0.08504652107583721,0.06960358837782976,0.10348857660934242,0.16730657707430463,0.13177390713040296
arctic,1,test,probe,seen,t0_7,768,23,0.1646379414332766,0.12874495968325245,0.2037673782511955,0.2109821516308197,0.23948966470057195
arctic,1,test,probe_notau,seen,t0_7,768,23,0.17075253735809548,0.13485462717733607,0.2068160312709361,0.2109821516308197,0.23948966470057195
arctic,1,test,linear,seen,t0_7,768,23,0.0904988134914495,0.08076551532436771,0.10404363442593054,0.2109821516308197,0.23948966470057195
arctic,1,test,ar1,seen,t0_7,768,23,0.07919006164458864,0.0675381641027482,0.09483947993089863,0.2109821516308197,0.23948966470057195
arctic,1,test,probe,seen,t8,5280,23,-0.08172209206498371,-0.12720718383512417,-0.03288447838577981,0.0876388775542309,0.2840937357750794
arctic,1,test,probe_notau,seen,t8,5280,23,-0.046379572661436885,-0.06467503746035597,-0.0270632909445444,0.0876388775542309,0.2840937357750794
arctic,1,test,linear,seen,t8,5280,23,-0.03767876632628275,-0.05029719751627646,-0.02359418694776803,0.0876388775542309,0.2840937357750794
arctic,1,test,ar1,seen,t8,5280,23,-0.03490839780467381,-0.04461007160044854,-0.02410544046961846,0.0876388775542309,0.2840937357750794
arctic,1,test,probe,unseen,all,5670,21,-0.07754215937653064,-0.1523066042749071,-0.025393969317894862,0.10951783556023223,0.4764165995243486
arctic,1,test,probe_notau,unseen,all,5670,21,-0.02646493553276441,-0.06535574432671365,0.00010824467365266256,0.10951783556023223,0.4764165995243486
arctic,1,test,linear,unseen,all,5670,21,-0.002245233540867364,-0.01728736533132576,0.011451432359197064,0.10951783556023223,0.4764165995243486
arctic,1,test,ar1,unseen,all,5670,21,-0.006424818475051497,-0.0164375884544296,0.005420947896108278,0.10951783556023223,0.4764165995243486
arctic,1,test,probe,unseen,t0,90,21,0.19084365396932845,0.1091141460167701,0.2644659206187706,0.27143862828885895,0.04645365981224329
arctic,1,test,probe_notau,unseen,t0,90,21,0.19880419797383808,0.1424195791265704,0.26275561246143,0.27143862828885895,0.04645365981224329
arctic,1,test,linear,unseen,t0,90,21,0.09480674746518314,0.0838683354109839,0.11106394526808078,0.27143862828885895,0.04645365981224329
arctic,1,test,ar1,unseen,t0,90,21,0.08734669335545364,0.07654078484318652,0.10407530606552422,0.27143862828885895,0.04645365981224329
arctic,1,test,probe,unseen,t1_7,630,21,-0.15339523403943622,-0.35601987425134723,-0.04240407945657743,0.1362682010660695,0.0819527849730542
arctic,1,test,probe_notau,unseen,t1_7,630,21,0.021053799679175755,-0.043580912284220334,0.07069755204246045,0.1362682010660695,0.0819527849730542
arctic,1,test,linear,unseen,t1_7,630,21,0.06556993971919489,0.0436600229322015,0.09431012062135098,0.1362682010660695,0.0819527849730542
arctic,1,test,ar1,unseen,t1_7,630,21,0.05248853855125091,0.020903129855604115,0.09118051064466824,0.1362682010660695,0.0819527849730542
arctic,1,test,probe,unseen,t0_7,720,21,-0.04207163574093742,-0.1672863770173338,0.032408529073062554,0.15955488369202953,0.12840644478529747
arctic,1,test,probe_notau,unseen,t0_7,720,21,0.08137934515109879,0.04353172333081788,0.12427794814463333,0.15955488369202953,0.12840644478529747
arctic,1,test,linear,unseen,t0_7,720,21,0.0760401433826835,0.06210780718243651,0.09543873373390244,0.15955488369202953,0.12840644478529747
arctic,1,test,ar1,unseen,t0_7,720,21,0.06494915601802698,0.041745441764636244,0.09089866027419406,0.15955488369202953,0.12840644478529747
arctic,1,test,probe,unseen,t8,4950,21,-0.09033844374560762,-0.1636554329945489,-0.03737644225415894,0.10017890904735131,0.3480101547390511
arctic,1,test,probe_notau,unseen,t8,4950,21,-0.06349820983414345,-0.10800036533777904,-0.031756109686176044,0.10017890904735131,0.3480101547390511
arctic,1,test,linear,unseen,t8,4950,21,-0.029628257968975724,-0.051025536651194435,-0.010427358004467492,0.10017890904735131,0.3480101547390511
arctic,1,test,ar1,unseen,t8,4950,21,-0.03151337807178267,-0.04517680910754404,-0.01839144873720695,0.10017890904735131,0.3480101547390511
arctic,1,val,probe,all,all,6678,26,0.05852781944285501,0.03580354372243131,0.08839827219934576,0.1423855521183573,1.0
arctic,1,val,probe,all,t0,106,26,0.26180913778085046,0.21749656010840826,0.3162271955406717,0.4013020555092929,0.12608701746492307
arctic,1,val,probe,all,t1_7,742,26,0.14752670427720793,0.09914421100557477,0.2042201538891489,0.2088466741593945,0.23904560896614738
arctic,1,val,probe,all,t0_7,848,26,0.18517669210563226,0.14728160105151386,0.23241276043678386,0.24144406000874863,0.3651326264310704
arctic,1,val,probe,all,t8,5830,26,-0.007123697710181176,-0.02801218249421624,0.012236450687419556,0.1214217136917333,0.6348673735689294
arctic,1,val,probe_notau,all,all,6678,26,0.03536176346937281,0.010512976510499972,0.06990252886002318,0.1423855521183573,1.0
arctic,1,val,probe_notau,all,t0,106,26,0.23077402209370157,0.18032742884104305,0.2895867166656982,0.4013020555092929,0.12608701746492307
arctic,1,val,probe_notau,all,t1_7,742,26,0.13458726352938366,0.08178030975259423,0.19260816761320232,0.2088466741593945,0.23904560896614738
arctic,1,val,probe_notau,all,t0_7,848,26,0.16654659152354834,0.12408181847783625,0.21277181311816915,0.24144406000874863,0.3651326264310704
arctic,1,val,probe_notau,all,t8,5830,26,-0.032564982211830795,-0.0547582673020837,-0.008363712450072482,0.1214217136917333,0.6348673735689294
arctic,4,test,probe,all,all,11160,44,0.0019462685221723897,-0.04003342419011458,0.03955563299513332,0.30342844428156684,1.0
arctic,4,test,probe_notau,all,all,11160,44,-0.00876310822097981,-0.04945885105917822,0.03015242159384037,0.30342844428156684,1.0
arctic,4,test,linear,all,all,11160,44,0.02224499996829854,0.007188643781077211,0.03706407500333529,0.30342844428156684,1.0
arctic,4,test,ar1,all,all,11160,44,0.01190178976763867,-0.000525204916733246,0.025233774696690477,0.30342844428156684,1.0
arctic,4,test,probe,all,t0,186,44,0.26673626978787746,0.21139483996084543,0.32552892254227345,0.7032602587764509,0.0895299456938021
arctic,4,test,probe_notau,all,t0,186,44,0.29774015174023993,0.25487916323671317,0.3376456604423433,0.7032602587764509,0.0895299456938021
arctic,4,test,linear,all,t0,186,44,0.17952970549961667,0.16720554053211822,0.19248002441556347,0.7032602587764509,0.0895299456938021
arctic,4,test,ar1,all,t0,186,44,0.157337894986752,0.14211312379047292,0.17407208714569045,0.7032602587764509,0.0895299456938021
arctic,4,test,probe,all,t1_7,1302,44,0.030995551892175843,-0.06276895949500132,0.10298592371495283,0.3642256502268706,0.16810292234333007
arctic,4,test,probe_notau,all,t1_7,1302,44,0.08542309393793213,0.02627327855783008,0.13574566318938253,0.3642256502268706,0.16810292234333007
arctic,4,test,linear,all,t1_7,1302,44,0.13109380574036833,0.1073448059692081,0.1521934153975933,0.3642256502268706,0.16810292234333007
arctic,4,test,ar1,all,t1_7,1302,44,0.10824786636756001,0.07653863949276765,0.13734372818431423,0.3642256502268706,0.16810292234333007
arctic,4,test,probe,all,t0_7,1488,44,0.1058433856948926,0.02704721043768589,0.16797711920067096,0.4217815283942369,0.2576328680371322
arctic,4,test,probe_notau,all,t0_7,1488,44,0.15314874323924932,0.100054572138333,0.19743809590155872,0.4217815283942369,0.2576328680371322
arctic,4,test,linear,all,t0_7,1488,44,0.1476136589874415,0.12936683112642153,0.1637924554849998,0.4217815283942369,0.2576328680371322
arctic,4,test,ar1,all,t0_7,1488,44,0.12499483762242025,0.10006977845982618,0.14714339163659657,0.4217815283942369,0.2576328680371322
arctic,4,test,probe,all,t8,9672,44,-0.031667640342980086,-0.07714270095856443,0.007523875628372634,0.2808274855874526,0.7423671319628676
arctic,4,test,probe_notau,all,t8,9672,44,-0.05918388081660941,-0.10157710062719014,-0.018095201374023213,0.2808274855874526,0.7423671319628676
arctic,4,test,linear,all,t8,9672,44,-0.017659603399603263,-0.03735590475753354,0.0001929222218521462,0.2808274855874526,0.7423671319628676
arctic,4,test,ar1,all,t8,9672,44,-0.024432187858380416,-0.037250278702554845,-0.010247744745199289,0.2808274855874526,0.7423671319628676
arctic,4,test,probe,seen,all,5760,23,0.03831903490817912,-0.015323253754805444,0.09895407189959937,0.2954525321720251,0.48935174451201024
arctic,4,test,probe_notau,seen,all,5760,23,0.04221704204547505,0.015830914819514843,0.06992672758624251,0.2954525321720251,0.48935174451201024
arctic,4,test,linear,seen,all,5760,23,0.035303169723813865,0.020975048884992454,0.05008477256143575,0.2954525321720251,0.48935174451201024
arctic,4,test,ar1,seen,all,5760,23,0.02890392610782555,0.018305090314138583,0.041355542994108034,0.2954525321720251,0.48935174451201024
arctic,4,test,probe,seen,t0,96,23,0.3278960106115041,0.25946194700491926,0.40045197711416197,0.8209010183404264,0.06296164211910084
arctic,4,test,probe_notau,seen,t0,96,23,0.3490709981869846,0.30875682921214664,0.3920503851573706,0.8209010183404264,0.06296164211910084
arctic,4,test,linear,seen,t0,96,23,0.18334319391866594,0.1714215240752793,0.1978303343268299,0.8209010183404264,0.06296164211910084
arctic,4,test,ar1,seen,t0,96,23,0.15699343001308352,0.13832716104372392,0.18028889220149052,0.8209010183404264,0.06296164211910084
arctic,4,test,probe,seen,t1_7,672,23,0.14713510882129577,0.07992783455111122,0.21015321392185804,0.3830624120232164,0.09596913392786109
arctic,4,test,probe_notau,seen,t1_7,672,23,0.17143869693330416,0.12614804210777114,0.2157772006905598,0.3830624120232164,0.09596913392786109
arctic,4,test,linear,seen,t1_7,672,23,0.15469143522852902,0.13463516816300997,0.17570052803570338,0.3830624120232164,0.09596913392786109
arctic,4,test,ar1,seen,t1_7,672,23,0.13776912886653103,0.11479204412266185,0.16076064444512378,0.3830624120232164,0.09596913392786109
arctic,4,test,probe,seen,t0_7,768,23,0.21375844315531833,0.16121894514729396,0.273765528937449,0.4611176859609242,0.15893077604696193
arctic,4,test,probe_notau,seen,t0_7,768,23,0.23684764509986844,0.19853782170071205,0.28014916697902764,0.4611176859609242,0.15893077604696193
arctic,4,test,linear,seen,t0_7,768,23,0.16592431789939033,0.1507764510083874,0.18227841138466574,0.4611176859609242,0.15893077604696193
arctic,4,test,ar1,seen,t0_7,768,23,0.14533326030633476,0.1271872841458439,0.1655523700231369,0.4611176859609242,0.15893077604696193
arctic,4,test,probe,seen,t8,4992,23,-0.03553343881608906,-0.1105943038554315,0.033412814775412636,0.2607863760143404,0.3304209684650483
arctic,4,test,probe_notau,seen,t8,4992,23,-0.038487271634398246,-0.07509739617026075,-0.0010078838398067868,0.2607863760143404,0.3304209684650483
arctic,4,test,linear,seen,t8,4992,23,-0.021593572361815472,-0.041973934367892075,-0.0005732434626791196,0.2607863760143404,0.3304209684650483
arctic,4,test,ar1,seen,t8,4992,23,-0.022386318632774627,-0.03907912372946008,-0.006190246477976298,0.2607863760143404,0.3304209684650483
arctic,4,test,probe,unseen,all,5400,21,-0.031707061459850694,-0.10912104763870954,0.01917132726982364,0.3117112194006182,0.5106482554879896
arctic,4,test,probe_notau,unseen,all,5400,21,-0.05530882213749955,-0.1240495315323404,0.01731561141053025,0.3117112194006182,0.5106482554879896
arctic,4,test,linear,unseen,all,5400,21,0.009893001840307059,-0.019994039306993876,0.03550084166382681,0.3117112194006182,0.5106482554879896
arctic,4,test,ar1,unseen,all,5400,21,-0.004121184093322183,-0.024515808623634082,0.017363105560590966,0.3117112194006182,0.5106482554879896
arctic,4,test,probe,unseen,t0,90,21,0.1389745544162415,0.06832473165756592,0.19184643031526946,0.5507430755023226,0.02656830357470125
arctic,4,test,probe_notau,unseen,t0,90,21,0.18896597986096741,0.1452884054363885,0.23314755412382113,0.5507430755023226,0.02656830357470125
arctic,4,test,linear,unseen,t0,90,21,0.17056249477664054,0.14350920811604145,0.1971779349932471,0.5507430755023226,0.02656830357470125
arctic,4,test,ar1,unseen,t0,90,21,0.1581547718582217,0.1347433604890771,0.18137954819412103,0.5507430755023226,0.02656830357470125
arctic,4,test,probe,unseen,t1_7,630,21,-0.10475213795842508,-0.28534041987070213,0.01459564773454895,0.3429947588227433,0.07213378841546898
arctic,4,test,probe_notau,unseen,t1_7,630,21,-0.017807487480787643,-0.1313729774696524,0.06870224925692017,0.3429947588227433,0.07213378841546898
arctic,4,test,linear,unseen,t1_7,630,21,0.10065810919833296,0.049433796567289696,0.13209164869574552,0.3429947588227433,0.07213378841546898
arctic,4,test,ar1,unseen,t1_7,630,21,0.07042408320903504,0.026250560139054104,0.12112177921006757,0.3429947588227433,0.07213378841546898
arctic,4,test,probe,unseen,t0_7,720,21,-0.044754216230955546,-0.18310048932509485,0.05139994298200151,0.37530583649752564,0.09870209199017024
arctic,4,test,probe_notau,unseen,t0_7,720,21,0.03349013262055445,-0.04778335165456308,0.10149103849605243,0.37530583649752564,0.09870209199017024
arctic,4,test,linear,unseen,t0_7,720,21,0.11892904318639363,0.08183886474004674,0.14692023575903845,0.37530583649752564,0.09870209199017024
arctic,4,test,ar1,unseen,t0_7,720,21,0.09320389665447215,0.05431143351343846,0.13590087504566584,0.37530583649752564,0.09870209199017024
arctic,4,test,probe,unseen,t8,4680,21,-0.028556392407193876,-0.09291269128880265,0.016790654957782685,0.30073618936064334,0.4119461634978194
arctic,4,test,probe_notau,unseen,t8,4680,21,-0.07549676784983594,-0.14114351043083362,-0.005020176444752608,0.30073618936064334,0.4119461634978194
arctic,4,test,linear,unseen,t8,4680,21,-0.014493151732653642,-0.047904077350796145,0.013807150236643629,0.30073618936064334,0.4119461634978194
arctic,4,test,ar1,unseen,t8,4680,21,-0.02607022617690813,-0.048435041576135415,-0.003309782755343841,0.30073618936064334,0.4119461634978194
arctic,4,val,probe,all,all,6360,26,0.08989894784859742,0.060152292924520366,0.12723439359252622,0.38786684913175307,1.0
arctic,4,val,probe,all,t0,106,26,0.36630306834857207,0.3118224269162283,0.4122617368513434,0.8897124546886477,0.08769660190293338
arctic,4,val,probe,all,t1_7,742,26,0.166844033400385,0.0967655159401264,0.25009026551155855,0.5272210440731722,0.2155593865431324
arctic,4,val,probe,all,t0_7,848,26,0.2192692969101715,0.16300039355552845,0.29023892732620343,0.5849489782476053,0.30325598844606577
arctic,4,val,probe,all,t8,5512,26,0.03901537339288497,0.007800875326144123,0.06907755719124542,0.34777089889367335,0.6967440115539343
arctic,4,val,probe_notau,all,all,6360,26,0.05452903606505499,0.021760959232412058,0.09526665204677388,0.38786684913175307,1.0
arctic,4,val,probe_notau,all,t0,106,26,0.3667281656683188,0.3169119747660848,0.40351264816100346,0.8897124546886477,0.08769660190293338
arctic,4,val,probe_notau,all,t1_7,742,26,0.18466792193266368,0.11297665017722845,0.2518169748289665,0.5272210440731722,0.2155593865431324
arctic,4,val,probe_notau,all,t0_7,848,26,0.23286302664736758,0.17257739455894758,0.2884857538144637,0.5849489782476053,0.30325598844606577
arctic,4,val,probe_notau,all,t8,5512,26,-0.013334564879364352,-0.04201946393971802,0.02239947152578846,0.34777089889367335,0.6967440115539343
arctic,8,test,probe,all,all,10416,44,0.06942305057260878,0.016053138142898216,0.12172001795468496,0.4522840411052154,1.0
arctic,8,test,probe_notau,all,all,10416,44,0.020679228133068217,-0.01709268444220379,0.055657985547388086,0.4522840411052154,1.0
arctic,8,test,linear,all,all,10416,44,0.04578008856197757,0.02689471808410421,0.06443951676225587,0.4522840411052154,1.0
arctic,8,test,ar1,all,all,10416,44,0.02967206277081247,0.011232338760065462,0.047944481126097165,0.4522840411052154,1.0
arctic,8,test,probe,all,t0,186,44,0.2756550305448989,0.21947355166914623,0.3261375716552942,0.848022310679435,0.06277749784440793
arctic,8,test,probe_notau,all,t0,186,44,0.32710586943003517,0.29342449120402664,0.3578244495204724,0.848022310679435,0.06277749784440793
arctic,8,test,linear,all,t0,186,44,0.2521276220057771,0.23341122674330836,0.2676056349725294,0.848022310679435,0.06277749784440793
arctic,8,test,ar1,all,t0,186,44,0.21947096637749464,0.1990010358794655,0.23899271849394338,0.848022310679435,0.06277749784440793
arctic,8,test,probe,all,t1_7,1302,44,0.03656930232718625,-0.06833426996626937,0.13516912216522547,0.4840609812741544,0.1431817410292056
arctic,8,test,probe_notau,all,t1_7,1302,44,0.11249661889388529,0.05274323994040011,0.16730250541636443,0.4840609812741544,0.1431817410292056
arctic,8,test,linear,all,t1_7,1302,44,0.14444775328846626,0.11027832574611898,0.17254869903878411,0.4840609812741544,0.1431817410292056
arctic,8,test,ar1,all,t1_7,1302,44,0.12140416311817692,0.08359872675870013,0.15412999801126598,0.4840609812741544,0.1431817410292056
arctic,8,test,probe,all,t0_7,1488,44,0.10266913672531874,0.01776886649430485,0.18286003272610946,0.5430638860386006,0.20595923887361356
arctic,8,test,probe_notau,all,t0_7,1488,44,0.1719961946127483,0.1193207658299388,0.21888096933261855,0.5430638860386006,0.20595923887361356
arctic,8,test,linear,all,t0_7,1488,44,0.17577734256301147,0.1474142483977674,0.200175751210847,0.5430638860386006,0.20595923887361356
arctic,8,test,ar1,all,t0_7,1488,44,0.15009573931745845,0.1172571532171156,0.17745138436849714,0.5430638860386006,0.20595923887361356
arctic,8,test,probe,all,t8,8928,44,0.06099187633813019,0.00042883721242764367,0.11525510192490651,0.4353174306468601,0.7940407611263864
arctic,8,test,probe_notau,all,t8,8928,44,-0.014891348891703293,-0.05578383741094712,0.0200998079283384,0.4353174306468601,0.7940407611263864
arctic,8,test,linear,all,t8,8928,44,0.01485906361384981,-0.008927736522046436,0.035361253027272256,0.4353174306468601,0.7940407611263864
arctic,8,test,ar1,all,t8,8928,44,0.0008041145666493055,-0.019368641354651134,0.021259883631912575,0.4353174306468601,0.7940407611263864
arctic,8,test,probe,seen,all,5376,23,0.0794797740354054,0.0059415244325809885,0.15979871871640416,0.43167987446350076,0.4701748172656212
arctic,8,test,probe_notau,seen,all,5376,23,0.0569816242433836,0.024308294831916932,0.09306685274136627,0.43167987446350076,0.4701748172656212
arctic,8,test,linear,seen,all,5376,23,0.05590819344191478,0.03280929019397376,0.07886393023844043,0.43167987446350076,0.4701748172656212
arctic,8,test,ar1,seen,all,5376,23,0.04538460665767474,0.028509085687212676,0.06420596327916742,0.43167987446350076,0.4701748172656212
arctic,8,test,probe,seen,t0,96,23,0.33239336703072064,0.2735709029356117,0.4026678231260199,0.9670025314486409,0.04213111530557137
arctic,8,test,probe_notau,seen,t0,96,23,0.36846482225393695,0.3321265490926525,0.40147748571400205,0.9670025314486409,0.04213111530557137
arctic,8,test,linear,seen,t0,96,23,0.26695225839066805,0.25052765003661465,0.2840183525440247,0.9670025314486409,0.04213111530557137
arctic,8,test,ar1,seen,t0,96,23,0.23025896951988245,0.21043418216043291,0.2547672230276216,0.9670025314486409,0.04213111530557137
arctic,8,test,probe,seen,t1_7,672,23,0.15438623215548686,0.0702546098160329,0.24880392449765884,0.5009685716610681,0.07915288273922481
arctic,8,test,probe_notau,seen,t1_7,672,23,0.20580215826206216,0.15606335686476197,0.2512034411961146,0.5009685716610681,0.07915288273922481
arctic,8,test,linear,seen,t1_7,672,23,0.18241838048179226,0.15485966832524872,0.21120027629015373,0.5009685716610681,0.07915288273922481
arctic,8,test,ar1,seen,t1_7,672,23,0.16539606057553113,0.13701294084497387,0.19161268092691047,0.5009685716610681,0.07915288273922481
arctic,8,test,probe,seen,t0_7,768,23,0.21165228289146032,0.15959360294484704,0.2825557978816353,0.5800733212677724,0.12128399804479618
arctic,8,test,probe_notau,seen,t0_7,768,23,0.2582526821170287,0.2155683252698713,0.29895770121102955,0.5800733212677724,0.12128399804479618
arctic,8,test,linear,seen,t0_7,768,23,0.21075640744323532,0.18793647962797985,0.233429352712106,0.5800733212677724,0.12128399804479618
arctic,8,test,ar1,seen,t0_7,768,23,0.18734081133699698,0.16596446024335545,0.20867246454760718,0.5800733212677724,0.12128399804479618
arctic,8,test,probe,seen,t8,4608,23,0.037776289663550844,-0.05286759831702865,0.12842747989098963,0.40165232479329305,0.34889081922082504
arctic,8,test,probe_notau,seen,t8,4608,23,-0.0035747166477679837,-0.041313989225522554,0.03806688116932967,0.40165232479329305,0.34889081922082504
arctic,8,test,linear,seen,t8,4608,23,0.007722882465697745,-0.022573845503785328,0.03681152309799477,0.40165232479329305,0.34889081922082504
arctic,8,test,ar1,seen,t8,4608,23,0.0007493949702415126,-0.022665454316926608,0.02501751158666658,0.40165232479329305,0.34889081922082504
arctic,8,test,probe,unseen,all,5040,21,0.060588720503632176,-0.020709718582844067,0.12448592473859654,0.4732741449888011,0.5298251827343788
arctic,8,test,probe_notau,unseen,all,5040,21,-0.010444401890324029,-0.0795042386385557,0.04608011931885045,0.4732741449888011,0.5298251827343788
arctic,8,test,linear,unseen,all,5040,21,0.03688144724891551,0.002588217189003236,0.06505881873797656,0.4732741449888011,0.5298251827343788
arctic,8,test,ar1,unseen,all,5040,21,0.01593859745332382,-0.017704981796020248,0.047411603838050084,0.4732741449888011,0.5298251827343788
arctic,8,test,probe,unseen,t0,90,21,0.1718475091074979,0.06297854946650855,0.25090081477164206,0.6991373107129223,0.02064638253883656
arctic,8,test,probe_notau,unseen,t0,90,21,0.2497488324831061,0.20192934888317776,0.29175276226121216,0.6991373107129223,0.02064638253883656
arctic,8,test,linear,unseen,t0,90,21,0.2227530966441632,0.1879552785364827,0.2554939449119716,0.6991373107129223,0.02064638253883656
arctic,8,test,ar1,unseen,t0,90,21,0.1979069236989478,0.16109407891303051,0.23511421247327796,0.6991373107129223,0.02064638253883656
arctic,8,test,probe,unseen,t1_7,630,21,-0.09164044956173822,-0.2901924483404476,0.08255082842179466,0.46534960941074,0.0640288582899808
arctic,8,test,probe_notau,unseen,t1_7,630,21,0.009223579683665273,-0.10521357907451602,0.09854043710766612,0.46534960941074,0.0640288582899808
arctic,8,test,linear,unseen,t1_7,630,21,0.09971906249233875,0.032891156966890475,0.14474515376524794,0.46534960941074,0.0640288582899808
arctic,8,test,ar1,unseen,t1_7,630,21,0.06989264182159227,0.011985103796995208,0.12253980433455486,0.46534960941074,0.0640288582899808
arctic,8,test,probe,unseen,t0_7,720,21,-0.03360496641323607,-0.20915310638864815,0.11573383609975713,0.5005802623059057,0.08467524082881736
arctic,8,test,probe_notau,unseen,t0_7,720,21,0.06216669709014633,-0.033703922991826576,0.13512291002193735,0.5005802623059057,0.08467524082881736
arctic,8,test,linear,unseen,t0_7,720,21,0.128116457498459,0.07283896646512773,0.1635529087468671,0.5005802623059057,0.08467524082881736
arctic,8,test,ar1,unseen,t0_7,720,21,0.0994272790626437,0.04867105450789354,0.1468396894275056,0.5005802623059057,0.08467524082881736
arctic,8,test,probe,unseen,t8,4320,21,0.07959656620679656,-0.0005126906933747897,0.13776895111342058,0.4685684430962595,0.44514994190556145
arctic,8,test,probe_notau,unseen,t8,4320,21,-0.023673428299252564,-0.09608123221500162,0.031164902613797354,0.4685684430962595,0.44514994190556145
arctic,8,test,linear,unseen,t8,4320,21,0.02048846014687522,-0.017512578501719316,0.050166135826233534,0.4685684430962595,0.44514994190556145
arctic,8,test,ar1,unseen,t8,4320,21,0.0008470037047192402,-0.03528411176954102,0.032473603541515676,0.4685684430962595,0.44514994190556145
arctic,8,val,probe,all,all,5936,26,0.1284693383001574,0.09133589155790132,0.16557260242167582,0.5693258957306587,1.0
arctic,8,val,probe,all,t0,106,26,0.3888759614299443,0.32177929323648097,0.449819516458198,1.0950693844611614,0.06606529390376975
arctic,8,val,probe,all,t1_7,742,26,0.22425513101544092,0.13228920130701866,0.3068156403771374,0.6947552539873518,0.18614518905636757
arctic,8,val,probe,all,t0_7,848,26,0.26380975721257593,0.1834757183394387,0.3383168421991766,0.756469678621139,0.2522104829601373
arctic,8,val,probe,all,t8,5088,26,0.08733731985467708,0.031247147657024247,0.13540541070673243,0.5317702282899774,0.7477895170398627
arctic,8,val,probe_notau,all,all,5936,26,0.08437836747599159,0.061835507908930436,0.11084360366038719,0.5693258957306587,1.0
arctic,8,val,probe_notau,all,t0,106,26,0.3418790630735714,0.3018110392997062,0.37281449778909637,1.0950693844611614,0.06606529390376975
arctic,8,val,probe_notau,all,t1_7,742,26,0.16312414386874763,0.0848883809601856,0.23057103079610072,0.6947552539873518,0.18614518905636757
arctic,8,val,probe_notau,all,t0_7,848,26,0.20604816740341791,0.13885557795743556,0.2633878287559674,0.756469678621139,0.2522104829601373
arctic,8,val,probe_notau,all,t8,5088,26,0.04683827267566654,0.01828683408131844,0.07635046088504822,0.5317702282899774,0.7477895170398627
