dataset,h,decile,n,dC_mean,dz_mean,dz_q25,dz_q75,dT_mean,ratio_dz_over_dC
taco,1,1,1865,0.0043970174156129,0.0157570503652095,0.0074133374728262,0.0196116957813501,0.108644500374794,3.5835769176483154
taco,1,2,1866,0.0098370518535375,0.0308199785649776,0.0181077383458614,0.0366085655987262,0.1670714020729065,3.133050441741944
taco,1,3,1999,0.0148188052698969,0.0435733720660209,0.0276286182925105,0.0527717135846614,0.2041459828615188,2.940410614013672
taco,1,4,2078,0.0200351104140281,0.0551819652318954,0.0349997533485293,0.0648173652589321,0.2157343178987503,2.754263162612915
taco,1,5,2325,0.0258862059563398,0.0680282562971115,0.0432889088988304,0.0818568840622901,0.2301985919475555,2.627973318099976
taco,1,6,2320,0.0331711880862712,0.0818214416503906,0.0539176985621452,0.0985409282147884,0.2523360252380371,2.466641902923584
taco,1,7,2437,0.0425667352974414,0.1000938266515731,0.0668511614203453,0.122570663690567,0.2766315042972564,2.3514564037323
taco,1,8,2531,0.0559277310967445,0.1250793933868408,0.0853758305311203,0.1509670093655586,0.2904992699623108,2.2364468574523926
taco,1,9,2626,0.0781064257025718,0.1652107387781143,0.1092750616371631,0.2005351111292839,0.3251124322414398,2.1152002811431885
taco,1,10,2885,0.1515536159276962,0.3068634569644928,0.1794826835393905,0.3861426413059234,0.4233149588108063,2.024784803390503
taco,4,1,1562,0.0100874891504645,0.0374151431024074,0.0158730042167007,0.0470892582088708,0.1851362287998199,3.70906400680542
taco,4,2,1680,0.0234249755740165,0.0730983838438987,0.0406340882182121,0.089427275583148,0.2690556645393371,3.1205317974090576
taco,4,3,1843,0.0362780168652534,0.10872732847929,0.0651273392140865,0.1326693966984748,0.3080402016639709,2.997058153152466
taco,4,4,2018,0.0502260364592075,0.1404473185539245,0.0865172240883112,0.1722428314387798,0.3385488986968994,2.796304941177368
taco,4,5,2219,0.0659791305661201,0.1707999408245086,0.1126200146973133,0.2095385268330574,0.3744768798351288,2.5886964797973637
taco,4,6,2232,0.0849453881382942,0.2080669105052948,0.1359481289982795,0.252923771739006,0.3965591490268707,2.4494197368621826
taco,4,7,2335,0.1099907904863357,0.251248836517334,0.1675974503159523,0.3061298877000808,0.4122800230979919,2.284271478652954
taco,4,8,2410,0.1429561972618103,0.3099702000617981,0.215274266898632,0.3757470846176147,0.4563114941120147,2.168287992477417
taco,4,9,2573,0.1979735642671585,0.3953317701816559,0.2857627868652344,0.4812540113925934,0.5184212923049927,1.996891736984253
taco,4,10,2968,0.3381211161613464,0.5591593384742737,0.4148468747735023,0.6765408515930176,0.6459683179855347,1.653725028038025
taco,8,1,1279,0.0154353147372603,0.0562723614275455,0.0263641560450196,0.0734855458140373,0.228684514760971,3.645689249038696
taco,8,2,1583,0.0346798039972782,0.1138296425342559,0.0618277043104171,0.1417313143610954,0.3300561010837555,3.28230357170105
taco,8,3,1706,0.0543030425906181,0.1623047590255737,0.098518593236804,0.1994899064302444,0.3737162351608276,2.98887038230896
taco,8,4,1966,0.0744451731443405,0.2021794766187667,0.1326807476580143,0.2472983337938785,0.4147819280624389,2.715817213058472
taco,8,5,1947,0.0982099249958992,0.2492888271808624,0.1678653210401535,0.3012596070766449,0.4436552822589874,2.5383262634277344
taco,8,6,2144,0.1258020997047424,0.2992439270019531,0.2060118652880191,0.3671766370534897,0.4687541425228119,2.378687858581543
taco,8,7,2197,0.161805585026741,0.364466518163681,0.2566260993480682,0.4413619637489319,0.510891854763031,2.2524964809417725
taco,8,8,2155,0.2132600247859954,0.4376982152462005,0.3119359910488128,0.5343804955482483,0.5585453510284424,2.052415609359741
taco,8,9,2380,0.2980903089046478,0.5604010224342346,0.4260098561644554,0.6691479831933975,0.6598184704780579,1.879970669746399
taco,8,10,3027,0.4998840093612671,0.7488306164741516,0.6050745844841003,0.8855662643909454,0.8370876908302307,1.4980087280273438
arctic,1,1,1442,0.0021536804269999,0.0102643063291907,0.003237354918383,0.0107952398248016,0.0773005187511444,4.765937328338623
arctic,1,2,1533,0.0052742469124495,0.013344389386475,0.0060620545409619,0.0146009419113397,0.1034165695309639,2.530103206634521
arctic,1,3,1479,0.0082115083932876,0.0181227028369903,0.0088011715561151,0.0205494854599237,0.1051357463002204,2.2069883346557617
arctic,1,4,1320,0.01200557872653,0.0245167557150125,0.0128091908991336,0.0297214398160576,0.1217291727662086,2.0421135425567627
arctic,1,5,1209,0.0172093659639358,0.032223917543888,0.0173501092940568,0.0392616093158721,0.1145963072776794,1.872463941574097
arctic,1,6,1159,0.0241415873169899,0.0428678020834922,0.0238805338740348,0.0509984008967876,0.1366403698921203,1.775682806968689
arctic,1,7,1074,0.0343986302614212,0.0553914308547973,0.0310618327930569,0.0691551715135574,0.1318525373935699,1.610280156135559
arctic,1,8,933,0.0493132099509239,0.0754461362957954,0.0411328822374343,0.0942182019352912,0.1494174301624298,1.5299376249313354
arctic,1,9,906,0.0761722549796104,0.1180745139718055,0.0668906439095735,0.1500997990369796,0.2096967548131942,1.5500986576080322
arctic,1,10,663,0.1502552926540374,0.2055082023143768,0.1162602417171001,0.2643596827983856,0.2821104824542999,1.3677269220352173
arctic,4,1,1380,0.0068494491279125,0.0314116030931472,0.0067519436124712,0.0308899818919599,0.1315787732601165,4.586004257202148
arctic,4,2,1510,0.0169822294265031,0.0425251424312591,0.018399057444185,0.0446640765294432,0.1735919862985611,2.504096508026123
arctic,4,3,1318,0.027022112160921,0.0611840151250362,0.0290189902298152,0.0669236201792955,0.2067777067422866,2.2642202377319336
arctic,4,4,1264,0.0397482328116893,0.0858430415391922,0.0413600225001573,0.1005020588636398,0.2137529850006103,2.1596693992614746
arctic,4,5,1139,0.0573395155370235,0.109081894159317,0.0599088855087757,0.130123995244503,0.2363324612379074,1.9023860692977903
arctic,4,6,1019,0.081445887684822,0.1477695554494857,0.0814053826034069,0.1858796551823616,0.2696754336357116,1.814327955245972
arctic,4,7,1062,0.1145817786455154,0.1822256594896316,0.1064349953085184,0.2294115871191024,0.2803505361080169,1.590354561805725
arctic,4,8,966,0.1629120111465454,0.2446847558021545,0.1361816860735416,0.3095524981617927,0.3171099722385406,1.5019441843032837
arctic,4,9,855,0.2435049712657928,0.3452849388122558,0.2138495072722435,0.4418634623289108,0.4335130751132965,1.4179790019989014
arctic,4,10,647,0.4489025473594665,0.5241580605506897,0.3668378889560699,0.6395860910415649,0.5839325189590454,1.1676433086395264
arctic,8,1,1332,0.0127132749184966,0.0590036138892173,0.0128809374291449,0.0579760102555155,0.1667533665895462,4.64110279083252
arctic,8,2,1364,0.0302497223019599,0.0759657248854637,0.0318473922088742,0.0811372511088848,0.2313735783100128,2.511286735534668
arctic,8,3,1197,0.047701321542263,0.103983074426651,0.0509990863502025,0.1171863973140716,0.2560033202171325,2.179878234863281
arctic,8,4,1159,0.0714578181505203,0.1606572717428207,0.0773678086698055,0.1955524012446403,0.2909470498561859,2.248281240463257
arctic,8,5,994,0.101294107735157,0.2007026374340057,0.1070089917629957,0.2401296980679035,0.3304279446601867,1.9813851118087769
arctic,8,6,1021,0.1431183367967605,0.2528684139251709,0.1498456299304962,0.3210812211036682,0.3676206767559051,1.7668484449386597
arctic,8,7,1015,0.1957978308200836,0.3001940250396728,0.1791935935616493,0.380213513970375,0.396546870470047,1.5331835746765137
arctic,8,8,929,0.2703136801719665,0.3899193108081817,0.2472753077745437,0.4937304854393005,0.4500254094600677,1.4424697160720823
arctic,8,9,844,0.3941263854503631,0.519059956073761,0.3691752180457115,0.6335782557725906,0.580880343914032,1.3169885873794556
arctic,8,10,561,0.6867740750312805,0.7281582355499268,0.5824081897735596,0.8720672130584717,0.7554779052734375,1.0602587461471558
