dataset,cond,causal,h,frame_class,n_frames,n_takes,E,E_lo,E_hi,E0,improvement,improvement_lo,improvement_hi,E2,E2_0,improvement_sq,improvement_sq_lo,improvement_sq_hi,cos,cos_lo,cos_hi,n_cos,eA,eS,n_decomp,E_seed0,E_seed1,E_seed2,E_seed_std
taco,F0,True,1,all,22932,186,0.3144429509117634,0.29963590390072387,0.3300707033416999,0.3166595995426178,0.007000042182689792,-0.005770599509896002,0.01925081838557141,0.1864103376865387,0.2062070518732071,0.09600404232516702,0.07760400988698957,0.11431989421282018,0.29355973790293344,0.27903054078031647,0.30865833435852846,12799,0.16059277951717377,0.26866334676742554,22925,0.312875896692276,0.31533879041671753,0.31511417031288147,0.0011118637251449628
taco,F0,True,4,all,21840,186,0.7272774331447337,0.6935814465536811,0.7633035183628395,0.7918857932090759,0.08158799128782501,0.06365528735207582,0.09950040375092495,0.8208837509155273,1.1153596639633179,0.2640188385752338,0.23277648652025185,0.29315338112034417,0.440554770433166,0.42287009997650954,0.4594124036955574,12518,0.3757169246673584,0.6025593876838684,21833,0.7253962159156799,0.7273143529891968,0.729121744632721,0.0015211647075469667
taco,F0,True,8,all,20384,186,1.0283905085921141,0.9764621340873663,1.083765612667653,1.2097821235656738,0.14993742829291712,0.1305111969618925,0.1689440720038229,1.5990267992019653,2.549544095993042,0.37281853143238763,0.3428001360324182,0.40108672826361436,0.5251089624515312,0.5063112745312034,0.5453487413015602,11903,0.5426201820373535,0.8372595906257629,20378,1.0268406867980957,1.0252132415771484,1.033117413520813,0.003407863625562228
taco,F1,True,1,all,22932,186,0.32712707791338386,0.30988289307821415,0.34538559854846357,0.3166595995426178,-0.03305599195970976,-0.059285548674371746,-0.009867000108419344,0.1969672292470932,0.2062070518732071,0.04480838107588625,-0.0020452822520360403,0.08719345098131193,0.31159328888940513,0.2961990696518792,0.3274222072884563,12799,0.1690693348646164,0.2797810435295105,22929,0.33151912689208984,0.3335909843444824,0.3162710964679718,0.0077227912424687175
taco,F1,True,4,all,21840,186,0.7441180252195455,0.7064197702779365,0.7857672295139307,0.7918857932090759,0.060321551150320785,0.03153701322681923,0.08651936975737173,0.8713832497596741,1.1153596639633179,0.21874241135138806,0.16430712590576535,0.2667309821981728,0.47162799240363396,0.45289038174511403,0.4898529917434212,12518,0.3790454864501953,0.6195762157440186,21835,0.7522670030593872,0.7557307481765747,0.7243562340736389,0.01404504139785824
taco,F1,True,8,all,20384,186,1.032361711078803,0.9778544891195002,1.0919109293989606,1.2097821235656738,0.1466548517129117,0.12095142676819504,0.1706054125479538,1.6407883167266846,2.549544095993042,0.35643856299846133,0.31350922622708766,0.3972810490173688,0.5591211900894539,0.5387481750195887,0.578357054632204,11903,0.5266027450561523,0.849378228187561,20379,1.0377798080444336,1.046962022781372,1.0123432874679565,0.014643111695769803
taco,F2k1,True,1,all,22932,186,0.3261929041146875,0.30909787331277644,0.34434068640435217,0.3166595995426178,-0.030105903430106107,-0.055457353653795005,-0.00777982192175819,0.19458292424678802,0.2062070518732071,0.0563710979272638,0.012790424210088358,0.0957460138559405,0.3162493207375487,0.3010342223837132,0.33162262349365024,12799,0.16726882755756378,0.27999767661094666,22929,0.32777997851371765,0.33223584294319153,0.31856289505958557,0.0056936500599068015
taco,F2k1,True,4,all,21840,186,0.7438453541174804,0.7062727002948913,0.7860491927634731,0.7918857932090759,0.06066588249232685,0.03224868379557744,0.08649414480258044,0.8668009638786316,1.1153596639633179,0.2228507307738522,0.17102312836790434,0.26985915074529343,0.47436153540178794,0.4560287775478835,0.49282040990673837,12518,0.3763757348060608,0.6232995390892029,21830,0.7475702166557312,0.7545884847640991,0.729377269744873,0.010624106588780316
taco,F2k1,True,8,all,20384,186,1.0343552843257828,0.9784233189723524,1.0956806960749608,1.2097821235656738,0.14500697380363947,0.11872958631059949,0.169497312304705,1.6435339450836182,2.549544095993042,0.35536160345049783,0.31248797653356997,0.3963685711882018,0.5608295726831536,0.5406885237869982,0.5803953713280332,11903,0.5273315906524658,0.8523919582366943,20370,1.0372294187545776,1.046372890472412,1.0194634199142456,0.01117215484820457
taco,F2k4,True,1,all,22932,186,0.32023557368596894,0.30398109276665547,0.3371250106511332,0.3166595995426178,-0.011292860087050549,-0.03318121191493972,0.008343458288806338,0.18783871829509735,0.2062070518732071,0.08907698581076562,0.05416549231812806,0.12341085151944997,0.32822428343421906,0.3133026767867492,0.3432351162695972,12799,0.16305294632911682,0.2761324942111969,22929,0.3165302872657776,0.3281629979610443,0.3160134553909302,0.005609500452799763
taco,F2k4,True,4,all,21840,186,0.729922534076961,0.6943575112035247,0.7700539202888657,0.7918857932090759,0.07824773576812749,0.05154748958061073,0.10279636147460047,0.8256891369819641,1.1153596639633179,0.2597104174653916,0.2155087555055082,0.30190362816675187,0.48413144835022776,0.4662244477737043,0.5020965360978851,12518,0.36921426653862,0.6132863759994507,21831,0.7252123355865479,0.7416708469390869,0.722884476184845,0.008361480806196888
taco,F2k4,True,8,all,20384,186,1.0206257179991693,0.9665197857589656,1.0801510206666347,1.2097821235656738,0.15635576627353676,0.13192185498977538,0.17909775419510066,1.5935497283935547,2.549544095993042,0.37496682064631315,0.3369255488908899,0.4136772310418313,0.5691411581422545,0.5508247201954198,0.5872152558156838,11903,0.5216188430786133,0.8418574333190918,20378,1.0155080556869507,1.0325279235839844,1.013841152191162,0.00844360307230898
taco,F2k8,True,1,all,22932,186,0.3112482514457227,0.29598040106621676,0.3271491623389423,0.3166595995426178,0.01708879254525586,0.0023175850082753913,0.03094795352982682,0.1814458817243576,0.2062070518732071,0.12007907892620517,0.0977100555416488,0.14301932776301773,0.32369887751953474,0.30919615563540104,0.33826395937413295,12799,0.15538863837718964,0.2686825096607208,22925,0.3107292652130127,0.3113454282283783,0.31167006492614746,0.0003901780145405648
taco,F2k8,True,4,all,21840,186,0.7097787294559004,0.6762064548928164,0.7464816395337724,0.7918857932090759,0.10368550026074874,0.0822106273383747,0.12335520017537915,0.783251941204071,1.1153596639633179,0.2977584140020828,0.262284474934948,0.3319033951170248,0.4781451805953846,0.4599314053665925,0.49552299718862464,12518,0.35156846046447754,0.5966231226921082,21830,0.7075396776199341,0.7102420926094055,0.7115544676780701,0.0016714569262599001
taco,F2k8,True,8,all,20384,186,0.9985143089064966,0.9468441546736849,1.0535169340737511,1.2097821235656738,0.17463294903664595,0.15442985737198767,0.19502536107590962,1.5285887718200684,2.549544095993042,0.4004462491943277,0.3677507436129226,0.4323825987926322,0.5641482250887949,0.5452356623762248,0.5827388259915072,11903,0.5024439096450806,0.8230124711990356,20375,0.9963727593421936,0.9995465278625488,0.9996236562728882,0.0015146354994768254
taco,F2rel,True,1,all,22932,186,0.2992800746772038,0.28502091834257387,0.3149008693584659,0.3166595995426178,0.05488388062666849,0.04312096801356191,0.0659942389748901,0.16899603605270386,0.2062070518732071,0.18045455635892305,0.15830588542534163,0.20286430365081143,0.35697920796436755,0.3419228016656757,0.3717880322678721,12799,0.14405205845832825,0.2607530951499939,22927,0.29940301179885864,0.2995290756225586,0.2989081144332886,0.0002679984014615849
taco,F2rel,True,4,all,21840,186,0.6775099967324922,0.6465795431078682,0.7110115089203406,0.7918857932090759,0.1444347250936383,0.1288651559049646,0.15898910606701933,0.7194368839263916,1.1153596639633179,0.35497324687919407,0.32807496057857266,0.38038906548415097,0.49700298068451815,0.4807106764036603,0.5131060482009224,12518,0.3290483355522156,0.5746780037879944,21831,0.6770941019058228,0.6777450442314148,0.6776908040046692,0.00029490512753394866
taco,F2rel,True,8,all,20384,186,0.9633460348957033,0.9149467347580629,1.0146966078136987,1.2097821235656738,0.20370287257088926,0.18717052854920846,0.21888960478804576,1.4191433191299438,2.549544095993042,0.44337367000402683,0.4171542603796591,0.4686069568840572,0.5679709030846122,0.5518361790826347,0.5844739423237388,11903,0.4878994822502136,0.7985334396362305,20377,0.9642965197563171,0.9622821807861328,0.9634593725204468,0.0008262470279432686
taco,F2shuf,True,1,all,22932,186,0.3159942667509437,0.3013600612421878,0.3309993852640695,0.3166595995426178,0.0021010404451706766,-0.007523648473582778,0.011127277993106643,0.18861202895641327,0.2062070518732071,0.08532703179405088,0.07263862536049814,0.09864409918047379,0.26425862011430806,0.251042835257052,0.27784123276470146,12799,0.16243252158164978,0.2698822021484375,22924,0.3134622871875763,0.3143859803676605,0.32013455033302307,0.002951804743988362
taco,F2shuf,True,4,all,21840,186,0.743021922317528,0.7115302401417274,0.7765240279657508,0.7918857932090759,0.06170571903745625,0.04686560028018916,0.07595784061161504,0.8524521589279175,1.1153596639633179,0.23571547349001898,0.21015271634452926,0.2605977103688054,0.3986900267714472,0.3817841774740914,0.41574603015151745,12518,0.3918136954307556,0.6143714189529419,21836,0.7369242310523987,0.7422581315040588,0.7498834133148193,0.0053180596047010045
taco,F2shuf,True,8,all,20384,186,1.0600073977634514,1.01025432951521,1.113635875963713,1.2097821235656738,0.12380306212188041,0.10718112606956853,0.14066466205572425,1.687775731086731,2.549544095993042,0.33800879999152766,0.31168377674369985,0.3633476715145879,0.4807045253920663,0.462855635008726,0.49960771226148637,11903,0.5741536021232605,0.8575893044471741,20380,1.051554560661316,1.0602701902389526,1.06819748878479,0.006796987222230954
taco,Ffut,False,1,all,22932,186,0.2608957562034993,0.24863967255311947,0.27460940392926825,0.3166595995426178,0.17610023009392206,0.15116975018277823,0.20082516200101042,0.11269738525152206,0.2062070518732071,0.4534746324134533,0.4244263114108048,0.4854163220051664,0.6124165938234865,0.5945505758862362,0.6307330992941798,12799,0.10874734073877335,0.230121448636055,22929,0.26187023520469666,0.2609858214855194,0.2598312199115753,0.000834856992864034
taco,Ffut,False,4,all,21840,186,0.5989126557868909,0.568892906696544,0.6321378004745187,0.7918857932090759,0.24368810281107955,0.22013261791802075,0.2661794047763649,0.5360445380210876,1.1153596639633179,0.5193975729980915,0.4877464005889096,0.5501057982660724,0.6805664010996775,0.6638226077084735,0.6973358173242056,12518,0.2546502351760864,0.5222300887107849,21831,0.6021691560745239,0.6001057624816895,0.594463050365448,0.0032571606303169616
taco,Ffut,False,8,all,20384,186,0.8341278834090264,0.7908976497434995,0.8831994915914885,1.2097821235656738,0.3105139654838117,0.2880409600117385,0.33075912658863427,1.0286704301834106,2.549544095993042,0.5965277167425812,0.5683852943063581,0.6219390643916902,0.7198326836899486,0.704868489944599,0.7353365282064112,11903,0.3629959523677826,0.7161411046981812,20372,0.8372145295143127,0.8365482091903687,0.828620970249176,0.0039034793717098496
taco,Ffut1,False,1,all,22932,186,0.2744440859059883,0.26204852517301974,0.287772068764093,0.3166595995426178,0.13331507372753948,0.11007595357767574,0.15765526011334197,0.12326300889253616,0.2062070518732071,0.40223666958381143,0.3705997238249009,0.43527306719838077,0.5566484874515636,0.5389379144972398,0.5742889219445249,12799,0.11868482083082199,0.24306970834732056,22929,0.27573665976524353,0.2707343101501465,0.2768612802028656,0.002663081649086172
taco,Ffut1,False,4,all,21840,186,0.7220120282765246,0.686621667631314,0.7619478974857851,0.7918857932090759,0.08823718847353301,0.06280367564111289,0.1124474110332162,0.7702924013137817,1.1153596639633179,0.3093775827446854,0.27034755523244736,0.3474687295692248,0.534767679083458,0.5168226006457954,0.5528665972646285,12518,0.3493792414665222,0.6099189519882202,21831,0.7208274602890015,0.726969301700592,0.7182393670082092,0.003661089735894975
taco,Ffut1,False,8,all,20384,186,1.019995311911845,0.9681125226772365,1.0785076936942424,1.2097821235656738,0.15687685686639374,0.1316480838837787,0.18054776610799816,1.5253725051879883,2.549544095993042,0.40170772844130287,0.36802715988523127,0.4373089079576521,0.5900575680510822,0.5726896061328439,0.6090419977610154,11903,0.5099782943725586,0.8422368168830872,20373,1.019489049911499,1.0232502222061157,1.0172468423843384,0.002476881572308469
