dataset,frame_class,n_frames,n_takes,d_mean,energy_share_all,e_B0_static,e_B0_static_lo,e_B0_static_hi,e_B1_gtinit_vf,e_B1_gtinit_vf_lo,e_B1_gtinit_vf_hi,e_B2_samplerG_vf_K10,e_B2_samplerG_vf_K10_lo,e_B2_samplerG_vf_K10_hi,e_B2_samplerG_vf_K1,e_B2_samplerG_vf_K1_lo,e_B2_samplerG_vf_K1_hi,e_B3_samplerGT_vf_K10,e_B3_samplerGT_vf_K10_lo,e_B3_samplerGT_vf_K10_hi,e_B4_bimart_K10_own,e_B4_bimart_K10_own_lo,e_B4_bimart_K10_own_hi,e_B4_bimart_K10_full,e_B4_bimart_K10_full_lo,e_B4_bimart_K10_full_hi,e_B4_bimart_K1_own,e_B4_bimart_K1_own_lo,e_B4_bimart_K1_own_hi,e_B4_bimart_K1_full,e_B4_bimart_K1_full_lo,e_B4_bimart_K1_full_hi,abs_B0_static,abs_B0_static_lo,abs_B0_static_hi,abs_B1_gtinit_vf,abs_B1_gtinit_vf_lo,abs_B1_gtinit_vf_hi,abs_B2_samplerG_vf_K10,abs_B2_samplerG_vf_K10_lo,abs_B2_samplerG_vf_K10_hi,abs_B2_samplerG_vf_K1,abs_B2_samplerG_vf_K1_lo,abs_B2_samplerG_vf_K1_hi,abs_B3_samplerGT_vf_K10,abs_B3_samplerGT_vf_K10_lo,abs_B3_samplerGT_vf_K10_hi,abs_B4_bimart_K10_own,abs_B4_bimart_K10_own_lo,abs_B4_bimart_K10_own_hi,abs_B4_bimart_K10_full,abs_B4_bimart_K10_full_lo,abs_B4_bimart_K10_full_hi,abs_B4_bimart_K1_own,abs_B4_bimart_K1_own_lo,abs_B4_bimart_K1_own_hi,abs_B4_bimart_K1_full,abs_B4_bimart_K1_full_lo,abs_B4_bimart_K1_full_hi,e_B0_static_share_of_total,e_B1_gtinit_vf_share_of_total,e_B2_samplerG_vf_K10_share_of_total,e_B2_samplerG_vf_K1_share_of_total,e_B3_samplerGT_vf_K10_share_of_total,e_B4_bimart_K10_own_share_of_total,e_B4_bimart_K10_full_share_of_total,e_B4_bimart_K1_own_share_of_total,e_B4_bimart_K1_full_share_of_total
arctic,non_spike,11055,44,0.12523643672466278,0.37636225334036716,0.1252364314512401,0.10899695032277408,0.141666839061368,0.15746394498833957,0.14034268602535663,0.17511709505207596,0.1515977182072153,0.13531804739031134,0.1683212121665578,0.1686123019335383,0.15029680641065632,0.18715827877979826,0.15651557727694537,0.14017465494044581,0.17451631005814425,0.25680531625634606,0.21399779652855647,0.3067965921016502,0.2546473767914402,0.20815641598921938,0.3086642813777842,0.27753078988865254,0.2272638009503847,0.33945764024239217,0.2716521057247807,0.2193460626654733,0.338295418198112,2.2000795288859774,1.9325033667619258,2.485529756424857,2.1106489080435304,1.8480684827563385,2.3946360754823997,2.4443716047105073,2.147780587420735,2.787309232720948,3.6712769398587906,3.308091782033592,4.156055825386338,2.5935911078951253,2.2624329557601337,2.9745761474354895,2.850217588006938,2.4675555899890047,3.2755179685668243,2.9694821637985833,2.584955800038266,3.4216444956662095,3.9447085105278537,3.429731749413891,4.507100948747759,4.015607125691967,3.506996762494981,4.583830754766494,0.7066174149513245,0.7657032608985901,0.7601237297058105,0.7675745487213135,0.7655816078186035,0.8292298316955566,0.8285427093505859,0.8324850797653198,0.8303747773170471
arctic,spike,663,37,0.8670135736465454,0.6236376798996892,0.8670135856034349,0.804604633677375,0.9139313690067801,0.8034006830748749,0.7060594451696227,0.8892585252841304,0.7977024775959248,0.7013075380775073,0.8750637563171905,0.8513294864968477,0.7775350684812742,0.909527504572396,0.7991037653986685,0.7106087977773506,0.8776906498617434,0.8818328941681985,0.8083795921345128,0.9464371516963774,0.8786696454855651,0.8013659844206049,0.9493840835771409,0.9311800201509154,0.8353638011883467,1.0176851063831618,0.9252832013422547,0.827873443883772,1.0208897565756667,2.2080522285462503,1.851005641066064,2.4976170643155826,2.3602141469806925,1.8553552929826003,2.7700767219185902,2.901418781478301,2.3900856664830474,3.338474446975534,4.112088691415111,3.55584470905228,4.555103906047199,2.9181547114572193,2.3255157398269435,3.4561277058277255,3.6908776830673937,3.1243272319986444,4.151251577983212,3.762698746599583,3.1849648847383647,4.232849254953693,4.866034596259418,4.150112469825165,5.65285439598707,4.894700081145242,4.157441501351053,5.704491730499276,0.29338258504867554,0.2342967987060547,0.23987630009651184,0.23242546617984772,0.23441848158836365,0.17077016830444336,0.17145735025405884,0.16751499474048615,0.16962526738643646
arctic,mixed,291,29,0.8254846930503845,0.24338141918555273,0.8254846443015685,0.7652561854632424,0.8733178769383534,0.7634378713635644,0.6878115724124587,0.8189738915756529,0.7543904875049886,0.6723555648660223,0.8170635194233764,0.8030933418224767,0.7320825679079381,0.8584322702014258,0.7562975994602511,0.6867697337761739,0.8082786740067416,0.8732520447871119,0.7838836018927919,0.9565455043080205,0.8794340603949687,0.7826430363869153,0.9805758885204531,0.9031213186041186,0.8000381834432054,0.9994234072520738,0.9129867030890128,0.7959767731031753,1.0384682958713687,2.1847409342777278,1.7794429819561537,2.546721466877421,1.8925514352792727,1.5227896737678877,2.217167378394197,2.9601333815207598,2.5872924016235714,3.2572489699670566,4.145395789154616,3.7014838801799645,4.567147480264708,2.8118469289078334,2.4262204970135426,3.123821882002345,3.8027283963059233,3.284630021884947,4.213481789982091,3.898402732262497,3.3402466817108922,4.35997283958127,4.986367709141007,4.205631364375072,5.762895883053328,5.03591195353118,4.205967693493115,5.859003815813568,0.12260182201862335,0.09772086143493652,0.09956852346658707,0.09623467177152634,0.09737800806760788,0.0742240771651268,0.07532050460577011,0.07130920886993408,0.07346149533987045
arctic,amount,51,23,0.7259698510169983,0.03092003271971599,0.7259698475108427,0.6725981488823891,0.793567544221878,0.6461234674149868,0.5327022791761591,0.7804357147623979,0.6338792300107432,0.5243500918591931,0.7739737505331001,0.7135964547302208,0.6120328059300011,0.8373788493753294,0.6066414123656703,0.5251780501534755,0.7001892081711714,0.706561474969574,0.621619839597188,0.8021581652269246,0.6981673402821317,0.6274902943099684,0.7761260900352134,0.7511905805737364,0.6406620978343266,0.9019190542279713,0.7420283024217568,0.6449677859828477,0.8801164476748775,0.8258001991346771,0.3376378860860365,1.2193197679519654,0.9381113882158317,0.39042269169150146,1.5906868872181936,2.0087001043207504,1.563385534848726,2.5261221707335038,3.1855659379678616,2.625181884183125,3.8650710288615935,2.0019637650134516,1.581784080852542,2.5497838036495852,3.1852075773126938,2.603673771362413,3.9874402043884776,3.1984844920681974,2.637437779901951,3.9594404725827252,4.045524262914471,3.2547311139492625,4.813237231444239,4.001680874357037,3.1958547719981936,4.811642243795925,0.018896600231528282,0.01449460256844759,0.014662552624940872,0.01498633623123169,0.013689178042113781,0.010525248013436794,0.010479647666215897,0.010395056568086147,0.01046388503164053
arctic,release,180,22,0.9427412152290344,0.19719939365948772,0.9427412023146947,0.8618637378165853,1.0268919472399196,0.8474918461508221,0.6583690295244442,1.0172768353665638,0.857092640714513,0.6913133656422783,1.0043290262655011,0.9258382780684365,0.8132207304188643,1.0348243328313977,0.8535537976357672,0.684695977811451,1.012011943277864,0.891282468703058,0.7998742981687313,0.9919072484985221,0.8890697459379832,0.8122113759475912,0.9793529700596221,0.9434273130363888,0.8388831675255276,1.0545920577298022,0.9368776028354963,0.8451840149354818,1.0383112264238632,2.0134035271902877,1.4358038751632007,2.5689714865337856,2.888468362722132,1.926003635808884,3.8664375624789438,2.829564084278213,2.0830687098492633,3.557209965088636,4.140595281124115,3.3687707324726546,4.900141642662828,2.9616240935193168,2.027687054560796,3.976818732149148,3.275071493619018,2.677537945294318,3.89817949747179,3.3105879639585813,2.756312342431377,3.904527791012443,4.5090069595310425,3.631137981370889,5.480214404379007,4.517417422433694,3.6605882137980794,5.498220442512854,0.08660838007926941,0.06710094958543777,0.069973424077034,0.06862466037273407,0.0679795891046524,0.04685975983738899,0.047100476920604706,0.04607734829187393,0.0466291718184948
arctic,spatial,74,17,0.8107986450195312,0.05934681103103923,0.8107986192445498,0.7141398450434208,0.8682287552820362,0.8196177595370525,0.7063160305586127,0.8803591275071089,0.8014411185238812,0.7091392347308306,0.8581593904655713,0.8260375245197399,0.729358532276606,0.8790536633796936,0.8222474367231936,0.7163496734923537,0.8802489207133851,0.9043352901935577,0.7704907827914597,0.9725585304397357,0.8698726658885544,0.7453238938613371,0.9567267700427944,1.0410837571363192,0.7950103440183275,1.1721404683145775,0.9873471074813122,0.7692010524900839,1.1087405262836094,3.1330863857591473,2.623968832820286,3.739563390025587,3.363765774546443,2.7434286087284607,4.087945744085025,3.6842730770239958,3.0164047832988956,4.472214071609471,5.299570347811724,4.5908922798931595,6.135759374199837,3.6866978551890397,3.057232309835298,4.360831855077681,4.9073888240633785,3.7840856834497463,5.603077784506081,5.063430717668018,3.916202914954039,5.699166845053296,6.439126899113527,4.969932960271835,7.277843413817971,6.512737419154193,5.039619487901404,7.371407863543074,0.03062243014574051,0.02667864039540291,0.026899002492427826,0.025171205401420593,0.026922129094600677,0.019546696916222572,0.018945423886179924,0.02090373821556568,0.02020244300365448
arctic,near_zero,1,1,0.593975305557251,0.00038589812868832,0.593975305557251,0.593975305557251,0.593975305557251,0.588178813457489,0.588178813457489,0.588178813457489,0.5919874310493469,0.5919874310493469,0.5919874310493469,0.5919874310493469,0.5919874310493469,0.5919874310493469,0.5920961499214172,0.5920961499214172,0.5920961499214172,0.6847458481788635,0.6847458481788635,0.6847458481788635,0.5900700092315674,0.5900700092315674,0.5900700092315674,0.6810500025749207,0.6810500025749207,0.6810500025749207,0.5864172577857971,0.5864172577857971,0.5864172577857971,0.6606575846672058,0.6606575846672058,0.6606575846672058,0.5530068874359131,0.5530068874359131,0.5530068874359131,0.5844258666038513,0.5844258666038513,0.5844258666038513,0.5844258666038513,0.5844258666038513,0.5844258666038513,0.5490843653678894,0.5490843653678894,0.5490843653678894,0.4556240439414978,0.4556240439414978,0.4556240439414978,0.588164210319519,0.588164210319519,0.588164210319519,0.5995292663574219,0.5995292663574219,0.5995292663574219,0.7311676144599915,0.7311676144599915,0.7311676144599915,0.0003031539963558316,0.00025871998514048755,0.00026850064750760794,0.00024377267982345074,0.0002619795559439808,0.00020000533550046384,0.00017366827523801476,0.0001847929961513728,0.0001621470582904294
arctic,onset,49,8,1.0292445421218872,0.07221420602198725,1.0292446041593746,0.8058348508694997,1.1834920790503378,0.941796787539307,0.6750507441114145,1.1347574852980098,0.9369337613485298,0.6785318335367724,1.1278786420183522,0.9854490690085352,0.7210449569581732,1.1544414906541054,0.9526755444857539,0.6994159995493564,1.14498080683477,1.0235461285527871,0.7646577327064686,1.1887579081567297,1.009122898992227,0.7691907028130749,1.176861288081878,1.0611361566246773,0.7930931041283267,1.2389850333198316,1.033763052857652,0.7893095876193709,1.1999845356313568,3.1393921198893566,1.9043232510934447,4.212865117739658,2.846901370554554,1.5244909890718532,3.9592615900913755,2.3933770753899397,1.45929317295033,3.1445206900312472,3.4081399574571725,2.3817653326893393,4.434943218258294,3.104102986199515,1.7843226593256525,4.445101801028522,3.680225057261331,2.694559311370958,4.538606013743217,3.6542035779174493,2.6380575064800005,4.551427040259043,4.5209514158112665,3.2457309259192364,6.228487841010094,4.490765050965912,3.1957059259887215,6.167303931750948,0.025740060955286026,0.020298965275287628,0.020822737365961075,0.019883958622813225,0.020654572173953056,0.01464925892651081,0.01455315388739109,0.014108267612755299,0.014006170444190502
arctic,onset+release,17,2,0.992355227470398,0.02018990099633875,0.9923551994211534,0.9181011120478312,1.0758910477161407,1.035615738700418,0.9113802976078458,1.1753806099295616,0.9962476597112768,0.9111312164200677,1.092003658413887,1.0400711297988892,0.9086573587523566,1.1879116222262383,1.001487721415127,0.9079722033606635,1.1066926792263985,0.9596509758163901,0.8419105807940165,1.0921089202165604,0.9762297307743746,0.8982756866349114,1.0639280304312706,0.9834996461868286,0.8681775199042426,1.1132370382547379,0.9998663032756132,0.9255171683099535,1.0835090801119804,2.1947827409295475,1.9859810173511505,2.3803842729992337,3.373628490111407,3.289556622505188,3.448359039094713,3.5282639615675984,3.4371357758839927,3.6307831704616547,3.08718381208532,2.7440256774425507,3.3922132651011148,3.2841680330388687,3.1040711402893066,3.486777037382126,2.6215329661088833,2.4790125687917075,2.781868413090706,2.756912862553316,2.469622400071886,3.080114632844925,3.446082627072054,3.0321274250745773,3.814042806625366,3.5172759154263664,3.1474661082029343,3.8459957440694175,0.008610155433416367,0.0077440510503947735,0.0076815541833639145,0.007280890829861164,0.007533031050115824,0.004765126388520002,0.004884474910795689,0.004536591004580259,0.004699949640780687
arctic,transient,35,8,0.8111332654953003,0.027221469253507668,0.8111332041876657,0.7220406294047262,0.8563370133493398,0.7366481159414564,0.6868279304132502,0.8070140963047743,0.7476369304316385,0.6844009785056114,0.8268475436170896,0.7895650242056166,0.7117993969729072,0.8552068048401883,0.7473102620669774,0.6968726259449508,0.8350785658272922,0.8858293320451464,0.7747364216867615,1.0301025063307447,0.8705870262214116,0.7346836469322443,1.0634773636317771,0.9900279002530235,0.8364502170495689,1.3099079042673107,0.9759733387402125,0.7934684960738473,1.3392825731635085,2.8653924005372184,2.097035326125721,4.063001968681812,2.010295501777104,1.6653898218981784,2.594003691333503,2.4499262162617277,1.7545830158568803,3.87164777671314,4.932255775587899,3.068600241508749,8.341551666063408,2.4137999398367747,1.7356301829463145,3.8177612505529233,4.139250281027385,3.038734428538911,5.8114419384389855,4.135771285636085,3.039774302132428,5.836469647028142,5.196787990842547,3.886501010037868,7.247586144675378,5.15828310762133,3.860803942647494,7.19571755036231,0.014489558525383472,0.011340931057929993,0.011868385598063469,0.011379639618098736,0.011572951450943947,0.00905587151646614,0.008968033827841282,0.009402038529515266,0.009445139206945896
arctic,all,11718,44,0.16720589995384216,1.0,0.1672059017706551,0.14173441182579968,0.19269678084201372,0.1940108008811005,0.16813865648821474,0.2214482567557085,0.1881540806815893,0.1619878281197273,0.21279310677684007,0.20724018155168764,0.1802453895662192,0.23513588235423802,0.19287297348147708,0.16763109006200227,0.21841747687291352,0.2921691397889931,0.24273499841797824,0.3492527267737608,0.28995432030946416,0.23729065286011458,0.3475699518560138,0.31451401566642007,0.25773187594230246,0.37812690677654004,0.30863430545121745,0.24948111151650998,0.3770795883935905,2.2005306212118656,1.9292478208762667,2.473125796240155,2.1247692147012653,1.8498084536588226,2.416713400526454,2.4702311607949112,2.1630660843842997,2.8161517460118284,3.6962179017364014,3.3443343409667876,4.177192217640419,2.61195479360614,2.267172030498772,2.995474443526441,2.897781817655776,2.517967974397395,3.327607482319814,3.0143620575003296,2.6253924314230845,3.471223244981239,3.996836791364176,3.4970102030168877,4.553785363192784,4.065345872019456,3.5657681737768896,4.637418010212073,1.0,1.0,1.0,1.0,1.0,1.0,1.0,1.0,1.0
