group,metric,ratio,stat,value,lo,hi
bowl__target__L,raw,time/take,mean,0.8319200873374939,0.7544226645945417,0.9207054450576535
bowl__target__L,raw,time/take,median,0.8672310709953308,0.7633940117164141,0.998494665617762
bowl__target__L,raw,time/mesh,mean,0.6814437508583069,0.6370863295740482,0.7268492310764996
bowl__target__L,raw,time/mesh,median,0.6809754371643066,0.6220055469304732,0.7465681746116528
bowl__target__L,raw,mesh/take,mean,1.2208199501037598,1.1410985584761337,1.320155496914048
bowl__target__L,raw,mesh/take,median,1.2735129594802856,1.1507632699695214,1.4174053525590633
bowl__target__L,raw,action/take,mean,1.0637109279632568,0.9965784562388501,1.141218787364868
bowl__target__L,raw,action/take,median,1.0842756032943726,0.990577120393824,1.1921071101336294
bowl__target__L,raw,time/floor,mean,4.4345173835754395,4.033875275204191,4.9460708480323206
bowl__target__L,raw,time/floor,median,6.323686599731445,5.557417831303795,7.4543074664199365
bowl__target__L,raw_L1,time/take,mean,0.7707331776618958,0.6878797814667329,0.876108500257823
bowl__target__L,raw_L1,time/take,median,0.767405092716217,0.6410054501792422,0.908391208811354
bowl__target__L,raw_L1,time/mesh,mean,0.5976134538650513,0.5480064962837513,0.6498826331556715
bowl__target__L,raw_L1,time/mesh,median,0.5555135607719421,0.49822271778465765,0.6172108655518499
bowl__target__L,raw_L1,mesh/take,mean,1.2896851301193237,1.1770794525284012,1.4376901644221893
bowl__target__L,raw_L1,mesh/take,median,1.3814336061477661,1.1892597968284753,1.5736169551472547
bowl__target__L,raw_L1,action/take,mean,1.073805332183838,0.9874843216655078,1.163166310310722
bowl__target__L,raw_L1,action/take,median,1.09578537940979,0.9587719387507219,1.2347368119146722
bowl__target__L,raw_L1,time/floor,mean,4.820383071899414,4.303649605907592,5.406476055987163
bowl__target__L,raw_L1,time/floor,median,6.644572734832764,5.622728154346984,7.59994956924211
bowl__target__L,mass_abs,time/take,mean,1.8151665925979614,1.619473536891493,2.0437754583505985
bowl__target__L,mass_abs,time/take,median,2.2609591484069824,1.8617914856919293,2.7107496711868224
bowl__target__L,mass_abs,time/mesh,mean,1.1929508447647095,1.081227678271907,1.3328635272488625
bowl__target__L,mass_abs,time/mesh,median,1.258647084236145,1.0262543074789579,1.4918644666694816
bowl__target__L,mass_abs,mesh/take,mean,1.521577000617981,1.3542243089980355,1.7066479532494292
bowl__target__L,mass_abs,mesh/take,median,1.796340823173523,1.4809194268517236,2.1467307825793327
bowl__target__L,mass_abs,action/take,mean,1.1466574668884277,1.0338314384428726,1.2819056426926048
bowl__target__L,mass_abs,action/take,median,1.1479452848434448,0.9740753525898697,1.329113744654665
bowl__target__L,mass_abs,time/floor,mean,6.838818550109863,5.883436959240535,8.057052293166189
bowl__target__L,mass_abs,time/floor,median,13.70788860321045,11.195210565356073,16.764910213695796
bowl__target__L,mass_log,time/take,mean,2.1695711612701416,1.9358465726401919,2.4769998531994353
bowl__target__L,mass_log,time/take,median,3.294081449508667,2.627852984567516,4.250574856526974
bowl__target__L,mass_log,time/mesh,mean,1.6234495639801025,1.4549066306448044,1.8024622728308957
bowl__target__L,mass_log,time/mesh,median,1.8542697429656982,1.504549071915089,2.3049076069530057
bowl__target__L,mass_log,mesh/take,mean,1.3363958597183228,1.203267320319587,1.488282900764643
bowl__target__L,mass_log,mesh/take,median,1.776484489440918,1.4873494399032041,2.1055358787664558
bowl__target__L,mass_log,action/take,mean,1.1515613794326782,1.0264047457026337,1.3225924760081205
bowl__target__L,mass_log,action/take,median,1.074859380722046,0.9066431833885362,1.2881578700068166
bowl__target__L,mass_log,time/floor,mean,7.744852066040039,6.405005599036421,9.420530025119158
bowl__target__L,mass_log,time/floor,median,21.233625411987305,16.375929871185196,27.772115107201905
bowl__target__L,pattern_L2,time/take,mean,0.5854860544204712,0.5239286942257578,0.6601421635440241
bowl__target__L,pattern_L2,time/take,median,0.5228148698806763,0.44130329696991044,0.6237576593971845
bowl__target__L,pattern_L2,time/mesh,mean,0.4945676922798157,0.45705391461146544,0.5396612190214921
bowl__target__L,pattern_L2,time/mesh,median,0.40179646015167236,0.36097739026601017,0.4454512426171663
bowl__target__L,pattern_L2,mesh/take,mean,1.1838339567184448,1.0906727224521815,1.2931342002845208
bowl__target__L,pattern_L2,mesh/take,median,1.301193356513977,1.119235747821301,1.5334533971423563
bowl__target__L,pattern_L2,action/take,mean,1.0242308378219604,0.9529155684482075,1.1092128477912435
bowl__target__L,pattern_L2,action/take,median,1.0738732814788818,0.9245967690522495,1.2521968326444237
bowl__target__L,pattern_L2,time/floor,mean,3.263444423675537,2.9339727488480096,3.6172122014624417
bowl__target__L,pattern_L2,time/floor,median,4.137185096740723,3.626928172698852,4.728557058401996
bowl__target__L,pattern_L1,time/take,mean,0.5212809443473816,0.4610773188218009,0.5939934016328985
bowl__target__L,pattern_L1,time/take,median,0.4679836630821228,0.39006465293681863,0.5572094642524972
bowl__target__L,pattern_L1,time/mesh,mean,0.4228404462337494,0.3864715643772735,0.46688280971640667
bowl__target__L,pattern_L1,time/mesh,median,0.3383718430995941,0.3022005037274032,0.3836031084928896
bowl__target__L,pattern_L1,mesh/take,mean,1.2328076362609863,1.124278634050554,1.3603472589288244
bowl__target__L,pattern_L1,mesh/take,median,1.3830455541610718,1.1775759573743805,1.611240704898931
bowl__target__L,pattern_L1,action/take,mean,1.0297012329101562,0.9470274108781601,1.122357070241276
bowl__target__L,pattern_L1,action/take,median,1.0804945230484009,0.9287693226066137,1.2480311867668217
bowl__target__L,pattern_L1,time/floor,mean,3.6247220039367676,3.267863251300995,4.04056954237748
bowl__target__L,pattern_L1,time/floor,median,4.171224594116211,3.6915874113947464,4.876347809096867
bowl__target__L,pattern_cos,time/take,mean,0.3851781487464905,0.31826533567567256,0.47007763661919005
bowl__target__L,pattern_cos,time/take,median,0.26259058713912964,0.2037860790686494,0.3642405072401112
bowl__target__L,pattern_cos,time/mesh,mean,0.2990025281906128,0.2556139206509052,0.3497151321501617
bowl__target__L,pattern_cos,time/mesh,median,0.16331474483013153,0.13195331403360314,0.1985773078729038
bowl__target__L,pattern_cos,mesh/take,mean,1.288210391998291,1.1385366304873432,1.4898609021108036
bowl__target__L,pattern_cos,mesh/take,median,1.6078804731369019,1.306592831352062,2.1486977569714787
bowl__target__L,pattern_cos,action/take,mean,1.0393879413604736,0.9290311261775689,1.1707687414437873
bowl__target__L,pattern_cos,action/take,median,1.119662880897522,0.9152121141023756,1.4614143221984852
bowl__target__L,pattern_cos,time/floor,mean,7.208772659301758,5.745789820987415,9.159118544142666
bowl__target__L,pattern_cos,time/floor,median,15.367465019226074,12.035259136347014,20.52621016381605
bowl__target__L,centroid,time/take,mean,0.4041078023848393,0.33666837652255865,0.4862447736084449
bowl__target__L,centroid,time/take,median,0.3514803527558478,0.2761297954119187,0.4620857498171143
bowl__target__L,centroid,time/mesh,mean,0.3231240343560957,0.28464279653833585,0.37018335304383826
bowl__target__L,centroid,time/mesh,median,0.23935460056273905,0.20398257155025162,0.28617073123114134
bowl__target__L,centroid,mesh/take,mean,1.250627497239949,1.0974825530151306,1.4433910486811081
bowl__target__L,centroid,mesh/take,median,1.4684503741707635,1.2129101941137792,1.8461440198690802
bowl__target__L,centroid,action/take,mean,1.0279950542921699,0.9193217465851823,1.1554654902471202
bowl__target__L,centroid,action/take,median,1.091084078532238,0.9126931554915705,1.3417128859967726
bowl__target__L,centroid,time/floor,mean,4.629341130654926,4.028421527862115,5.340360155700907
bowl__target__L,centroid,time/floor,median,5.4347286332910345,4.6317373659025405,6.582978536725834
bowl__tool__R,raw,time/take,mean,1.074436902999878,0.9618453704890477,1.2020138934337072
bowl__tool__R,raw,time/take,median,1.236433744430542,1.0461324909281007,1.4397859245386677
bowl__tool__R,raw,time/mesh,mean,0.7470083236694336,0.6919279766461566,0.8044906419530236
bowl__tool__R,raw,time/mesh,median,0.8077858090400696,0.7293713410609104,0.8858611774138883
bowl__tool__R,raw,mesh/take,mean,1.4383199214935303,1.3113720073141175,1.588693302576933
bowl__tool__R,raw,mesh/take,median,1.5306456089019775,1.3471593824888843,1.7600239901194696
bowl__tool__R,raw,action/take,mean,1.044630527496338,0.955959388056594,1.1653298584255531
bowl__tool__R,raw,action/take,median,1.073937177658081,0.9516773375552426,1.2353285446618705
bowl__tool__R,raw,time/floor,mean,4.69421911239624,4.134807982246208,5.3604797114582015
bowl__tool__R,raw,time/floor,median,6.967511177062988,5.911251922899884,8.458309875370794
bowl__tool__R,raw_L1,time/take,mean,1.0221022367477417,0.894433265444204,1.165134652739671
bowl__tool__R,raw_L1,time/take,median,1.1455466747283936,0.9564605324341741,1.3361376878316407
bowl__tool__R,raw_L1,time/mesh,mean,0.6415106058120728,0.5784872639222332,0.7094004780131161
bowl__tool__R,raw_L1,time/mesh,median,0.6670610308647156,0.5975564579522876,0.7506253612340376
bowl__tool__R,raw_L1,mesh/take,mean,1.5932739973068237,1.4288237978186829,1.800541393297318
bowl__tool__R,raw_L1,mesh/take,median,1.717303991317749,1.4727575227082448,1.9777534746945724
bowl__tool__R,raw_L1,action/take,mean,1.055762767791748,0.9603835254205149,1.191349726418188
bowl__tool__R,raw_L1,action/take,median,1.0933290719985962,0.9354103335496857,1.2534759712204604
bowl__tool__R,raw_L1,time/floor,mean,5.237977504730225,4.566067172839193,6.074211563281314
bowl__tool__R,raw_L1,time/floor,median,7.649598121643066,6.407561325637413,9.332175207442694
bowl__tool__R,mass_abs,time/take,mean,2.3056178092956543,1.9079133796402958,2.6751408292902767
bowl__tool__R,mass_abs,time/take,median,3.569690465927124,2.8019929151644978,4.640017476734952
bowl__tool__R,mass_abs,time/mesh,mean,1.4484094381332397,1.3157494817502753,1.5913543640240053
bowl__tool__R,mass_abs,time/mesh,median,1.7785923480987549,1.5558637079064441,2.038955179104098
bowl__tool__R,mass_abs,mesh/take,mean,1.591827392578125,1.3444046916994874,1.8661699289371672
bowl__tool__R,mass_abs,mesh/take,median,2.007031202316284,1.6092208774956167,2.558313957925282
bowl__tool__R,mass_abs,action/take,mean,1.077283501625061,0.9195189069352815,1.2162298369009084
bowl__tool__R,mass_abs,action/take,median,1.0787898302078247,0.874041558170608,1.3230442841071872
bowl__tool__R,mass_abs,time/floor,mean,7.408262252807617,6.230183185889081,8.894569207783386
bowl__tool__R,mass_abs,time/floor,median,17.11445426940918,14.048579574182023,21.288701811125254
bowl__tool__R,mass_log,time/take,mean,2.684509515762329,2.2741446110603896,3.1227930424496813
bowl__tool__R,mass_log,time/take,median,6.024250030517578,4.374142889128738,7.542148731483141
bowl__tool__R,mass_log,time/mesh,mean,1.9378334283828735,1.713034357907068,2.167081243946808
bowl__tool__R,mass_log,time/mesh,median,2.8325722217559814,2.3512202956854797,3.3044242944790363
bowl__tool__R,mass_log,mesh/take,mean,1.3853148221969604,1.160408547055884,1.6113927405506245
bowl__tool__R,mass_log,mesh/take,median,2.126777172088623,1.6325112769517176,2.655782834325395
bowl__tool__R,mass_log,action/take,mean,1.0697154998779297,0.9184810875195216,1.2359119894214308
bowl__tool__R,mass_log,action/take,median,1.097995400428772,0.886959091703348,1.3391524054831374
bowl__tool__R,mass_log,time/floor,mean,7.877369403839111,6.412475219054623,9.85151790842833
bowl__tool__R,mass_log,time/floor,median,28.077009201049805,20.34656984327266,36.265811581600744
bowl__tool__R,pattern_L2,time/take,mean,0.9219514727592468,0.8061470750523414,1.0430404541267817
bowl__tool__R,pattern_L2,time/take,median,0.8354890942573547,0.6776546037869925,1.018988963321745
bowl__tool__R,pattern_L2,time/mesh,mean,0.6179887056350708,0.5646595175668205,0.6643747010312713
bowl__tool__R,pattern_L2,time/mesh,median,0.5148970484733582,0.4320051426058065,0.6012461284679295
bowl__tool__R,pattern_L2,mesh/take,mean,1.4918581247329712,1.3400036469753125,1.677560872514538
bowl__tool__R,pattern_L2,mesh/take,median,1.6226332187652588,1.4066814737462885,1.9352148890552907
bowl__tool__R,pattern_L2,action/take,mean,1.061158299446106,0.9675899376049227,1.1980859963632484
bowl__tool__R,pattern_L2,action/take,median,1.0425777435302734,0.9153984936772941,1.2103064026619061
bowl__tool__R,pattern_L2,time/floor,mean,3.4574520587921143,2.9865923444540132,3.9979911034262963
bowl__tool__R,pattern_L2,time/floor,median,4.828231334686279,3.9906711609831347,6.144961250611249
bowl__tool__R,pattern_L1,time/take,mean,0.8633849024772644,0.739825312988312,0.994543365433092
bowl__tool__R,pattern_L1,time/take,median,0.7612224221229553,0.6107187107530209,0.9580461988557494
bowl__tool__R,pattern_L1,time/mesh,mean,0.5266416072845459,0.47305130135294077,0.5755905772153651
bowl__tool__R,pattern_L1,time/mesh,median,0.4307991564273834,0.3541367355238141,0.5091341000514737
bowl__tool__R,pattern_L1,mesh/take,mean,1.6394164562225342,1.457004452878944,1.863355124476515
bowl__tool__R,pattern_L1,mesh/take,median,1.767000675201416,1.5186991004281953,2.1721837234579935
bowl__tool__R,pattern_L1,action/take,mean,1.0661325454711914,0.9596355244900894,1.2184694091489578
bowl__tool__R,pattern_L1,action/take,median,1.047907829284668,0.9056557111498778,1.2487552517900278
bowl__tool__R,pattern_L1,time/floor,mean,3.9536139965057373,3.4048143905808974,4.572566759573804
bowl__tool__R,pattern_L1,time/floor,median,5.308318138122559,4.394846071998218,6.538940623906719
bowl__tool__R,pattern_cos,time/take,mean,0.8386719822883606,0.6630431081121964,1.0298564213711585
bowl__tool__R,pattern_cos,time/take,median,0.6374185085296631,0.45353529663783126,0.9489617497305893
bowl__tool__R,pattern_cos,time/mesh,mean,0.4262326657772064,0.3630291058874289,0.48539360348266264
bowl__tool__R,pattern_cos,time/mesh,median,0.25259074568748474,0.18367044639858393,0.3361813923776682
bowl__tool__R,pattern_cos,mesh/take,mean,1.9676389694213867,1.65649165849681,2.386072281116335
bowl__tool__R,pattern_cos,mesh/take,median,2.5235226154327393,1.9321739209162792,3.607849421320268
bowl__tool__R,pattern_cos,action/take,mean,1.1128411293029785,0.9484458706477781,1.3689763660205068
bowl__tool__R,pattern_cos,action/take,median,1.0997297763824463,0.8653089444150098,1.51085307239853
bowl__tool__R,pattern_cos,time/floor,mean,7.150557994842529,5.264846467093213,9.546036005508887
bowl__tool__R,pattern_cos,time/floor,median,21.925151824951172,15.801875209577375,32.306618392990295
bowl__tool__R,centroid,time/take,mean,0.785287793773373,0.6407455332224162,0.9361100752962659
bowl__tool__R,centroid,time/take,median,0.6346774485640825,0.4808036783771965,0.8560693114231978
bowl__tool__R,centroid,time/mesh,mean,0.4229204444930558,0.36581189156465466,0.4807670100460447
bowl__tool__R,centroid,time/mesh,median,0.32704876332250843,0.24600282350131455,0.41198176807590253
bowl__tool__R,centroid,mesh/take,mean,1.8568215464605355,1.5903474113049616,2.162935813846323
bowl__tool__R,centroid,mesh/take,median,1.9406202369223338,1.600775836593889,2.5207052934286063
bowl__tool__R,centroid,action/take,mean,1.0884560616459906,0.9421343677546423,1.3074779399722913
bowl__tool__R,centroid,action/take,median,1.0171646581865732,0.867738441140113,1.2766815548198092
bowl__tool__R,centroid,time/floor,mean,5.129575901710796,4.189164589215337,6.246127672789675
bowl__tool__R,centroid,time/floor,median,8.134715519695273,6.331828437649439,10.266374596371485
knife__tool__R,raw,time/take,mean,1.8000768423080444,1.6674611714025298,1.9470018847418804
knife__tool__R,raw,time/take,median,1.9816467761993408,1.7206894661598648,2.3660722547685045
knife__tool__R,raw,time/mesh,mean,1.2491451501846313,1.1539092024062192,1.349347944255603
knife__tool__R,raw,time/mesh,median,1.221878170967102,1.0705682650326673,1.4549934347651274
knife__tool__R,raw,mesh/take,mean,1.441046953201294,1.357756112246601,1.5408587460988412
knife__tool__R,raw,mesh/take,median,1.6218039989471436,1.4862121552685381,1.7673853485677014
knife__tool__R,raw,action/take,mean,1.0940651893615723,1.0244323833412772,1.1737729658560012
knife__tool__R,raw,action/take,median,1.1140391826629639,1.0274368066324604,1.207665185006564
knife__tool__R,raw,time/floor,mean,6.214108467102051,5.526986362791827,7.029640658373169
knife__tool__R,raw,time/floor,median,8.944969177246094,7.557839021979822,11.291592890190222
knife__tool__R,raw_L1,time/take,mean,1.9040592908859253,1.7512271303330953,2.079552961714135
knife__tool__R,raw_L1,time/take,median,2.0978758335113525,1.785615898973898,2.5134129363015236
knife__tool__R,raw_L1,time/mesh,mean,1.2646796703338623,1.1640666189266566,1.3768630629988838
knife__tool__R,raw_L1,time/mesh,median,1.2622706890106201,1.0678401974228584,1.514079574220156
knife__tool__R,raw_L1,mesh/take,mean,1.5055664777755737,1.4110920612847913,1.620156566407006
knife__tool__R,raw_L1,mesh/take,median,1.6619856357574463,1.5150453928770702,1.8355657685374265
knife__tool__R,raw_L1,action/take,mean,1.103305697441101,1.0247599578723507,1.1887437165713903
knife__tool__R,raw_L1,action/take,median,1.1121251583099365,1.026424161989202,1.2197180685655455
knife__tool__R,raw_L1,time/floor,mean,6.8666672706604,6.082829554238831,7.833855145429316
knife__tool__R,raw_L1,time/floor,median,9.980594635009766,8.341382580045428,12.567177722839224
knife__tool__R,mass_abs,time/take,mean,2.4740021228790283,2.2351695712692803,2.747150507110744
knife__tool__R,mass_abs,time/take,median,3.3988852500915527,2.830385452769309,4.165593542193261
knife__tool__R,mass_abs,time/mesh,mean,1.9532949924468994,1.7680717826856978,2.1596384379592224
knife__tool__R,mass_abs,time/mesh,median,2.3375155925750732,1.9612403307448734,2.8786642883269473
knife__tool__R,mass_abs,mesh/take,mean,1.2665787935256958,1.1533907592897188,1.4059927565213688
knife__tool__R,mass_abs,mesh/take,median,1.4540587663650513,1.2761078036807014,1.6925942211526968
knife__tool__R,mass_abs,action/take,mean,1.1004918813705444,0.9973211464734524,1.2146265443766178
knife__tool__R,mass_abs,action/take,median,1.0348925590515137,0.9194164765535735,1.195999375901051
knife__tool__R,mass_abs,time/floor,mean,9.754720687866211,8.313517047004138,11.486776325307954
knife__tool__R,mass_abs,time/floor,median,22.428884506225586,18.154988281868434,28.600376251073722
knife__tool__R,mass_log,time/take,mean,2.619633674621582,2.294386514111073,2.9494523989675785
knife__tool__R,mass_log,time/take,median,3.900439977645874,3.0369205140377207,5.114557956416773
knife__tool__R,mass_log,time/mesh,mean,2.2899227142333984,2.0224227636568197,2.5674925330953884
knife__tool__R,mass_log,time/mesh,median,2.71439790725708,2.1088964720250405,3.646487695876937
knife__tool__R,mass_log,mesh/take,mean,1.1439834833145142,1.0078085050324117,1.3036726902077298
knife__tool__R,mass_log,mesh/take,median,1.436944842338562,1.2421571978140755,1.7043070243567897
knife__tool__R,mass_log,action/take,mean,1.0749555826187134,0.9133748725348874,1.2223611537070682
knife__tool__R,mass_log,action/take,median,1.0210175514221191,0.8928412652938977,1.2072894491121247
knife__tool__R,mass_log,time/floor,mean,9.98154067993164,8.144176438792867,12.441667916467791
knife__tool__R,mass_log,time/floor,median,25.13262367248535,19.3335914690453,34.278865884171076
knife__tool__R,pattern_L2,time/take,mean,1.3094464540481567,1.1998118649168357,1.421002383596256
knife__tool__R,pattern_L2,time/take,median,1.4263111352920532,1.2503867766280814,1.6088665292065112
knife__tool__R,pattern_L2,time/mesh,mean,0.8955894112586975,0.8241425480308305,0.9765570352410685
knife__tool__R,pattern_L2,time/mesh,median,0.8351138234138489,0.7364625049145428,0.9542027614516376
knife__tool__R,pattern_L2,mesh/take,mean,1.462105631828308,1.356896605565035,1.5724321817489584
knife__tool__R,pattern_L2,mesh/take,median,1.7079241275787354,1.551627383586829,1.8690971308346973
knife__tool__R,pattern_L2,action/take,mean,1.0519585609436035,0.9756872112928083,1.1289106168304892
knife__tool__R,pattern_L2,action/take,median,1.0915007591247559,1.0001480960012405,1.1900096787642767
knife__tool__R,pattern_L2,time/floor,mean,4.208697319030762,3.7351015820805595,4.765617572412094
knife__tool__R,pattern_L2,time/floor,median,6.3088788986206055,5.390793716152569,7.577326407691896
knife__tool__R,pattern_L1,time/take,mean,1.2827744483947754,1.1699957869582036,1.3986513667821507
knife__tool__R,pattern_L1,time/take,median,1.3836286067962646,1.2196993395633784,1.6033497212029562
knife__tool__R,pattern_L1,time/mesh,mean,0.8280184864997864,0.7584063659887034,0.911093051925461
knife__tool__R,pattern_L1,time/mesh,median,0.788689136505127,0.690996405901792,0.9131565655263216
knife__tool__R,pattern_L1,mesh/take,mean,1.5492099523544312,1.4323133148548044,1.6743647514888342
knife__tool__R,pattern_L1,mesh/take,median,1.7543396949768066,1.5838295898903114,1.9346341123224304
knife__tool__R,pattern_L1,action/take,mean,1.0540263652801514,0.9766333957235286,1.1303786590758838
knife__tool__R,pattern_L1,action/take,median,1.094075083732605,1.0049523899969048,1.1947965191079744
knife__tool__R,pattern_L1,time/floor,mean,4.303069591522217,3.8115587746231934,4.849758390842793
knife__tool__R,pattern_L1,time/floor,median,6.532546520233154,5.575884863491062,7.802203668009918
knife__tool__R,pattern_cos,time/take,mean,1.57494056224823,1.363286949942017,1.816242618481612
knife__tool__R,pattern_cos,time/take,median,2.0054821968078613,1.5495946931925981,2.5927360311728656
knife__tool__R,pattern_cos,time/mesh,mean,0.8458834290504456,0.7398069054645402,0.9783851013394503
knife__tool__R,pattern_cos,time/mesh,median,0.6911529898643494,0.5328967388592494,0.9039163829716063
knife__tool__R,pattern_cos,mesh/take,mean,1.8618884086608887,1.6331558186377269,2.1414326926497234
knife__tool__R,pattern_cos,mesh/take,median,2.9016473293304443,2.388861617317552,3.5218677010838375
knife__tool__R,pattern_cos,action/take,mean,1.047784447669983,0.9097481804164196,1.191444965639856
knife__tool__R,pattern_cos,action/take,median,1.177205204963684,1.0029617448519996,1.4015987015386793
knife__tool__R,pattern_cos,time/floor,mean,9.894564628601074,7.680341451607245,13.189794689896827
knife__tool__R,pattern_cos,time/floor,median,38.97592544555664,29.310446952998767,56.51457020399341
knife__tool__R,centroid,time/take,mean,1.226141063629943,1.0535888143755816,1.4008247818093087
knife__tool__R,centroid,time/take,median,1.0882467716460216,0.8927330111865939,1.326447958341862
knife__tool__R,centroid,time/mesh,mean,0.6601444647446932,0.5826479373133073,0.7644034621376818
knife__tool__R,centroid,time/mesh,median,0.5176222529285758,0.42778501585909756,0.6415713293410575
knife__tool__R,centroid,mesh/take,mean,1.8573829352703057,1.6723999887829648,2.0717262246484167
knife__tool__R,centroid,mesh/take,median,2.1023956475769667,1.7972967726158873,2.46061376874454
knife__tool__R,centroid,action/take,mean,1.0705618326500284,0.9774753574572975,1.156262667239094
knife__tool__R,centroid,action/take,median,1.1070255666308497,0.9804421886569518,1.25451389467985
knife__tool__R,centroid,time/floor,mean,5.070493392590289,4.316366736033652,5.990851129640922
knife__tool__R,centroid,time/floor,median,7.644417453215944,6.110354164286064,9.382608575452771
pan__target__L,raw,time/take,mean,1.3487088680267334,1.218845359492948,1.4804002268987393
pan__target__L,raw,time/take,median,1.6048368215560913,1.2113609457649128,1.976680006916398
pan__target__L,raw,time/mesh,mean,0.8877530694007874,0.7997665020229593,0.9836691939688447
pan__target__L,raw,time/mesh,median,0.8802699446678162,0.6496599945880452,1.115939738816069
pan__target__L,raw,mesh/take,mean,1.5192387104034424,1.382901163355258,1.655910008455414
pan__target__L,raw,mesh/take,median,1.8231189250946045,1.6053300594749795,2.0701890298916044
pan__target__L,raw,action/take,mean,1.0438264608383179,0.9613066297758691,1.118367926768838
pan__target__L,raw,action/take,median,1.0640782117843628,0.9599832347711452,1.163214586877882
pan__target__L,raw,time/floor,mean,5.135432243347168,4.584436104368219,5.6951068380005205
pan__target__L,raw,time/floor,median,7.690089225769043,6.032691516167077,9.661728350880116
pan__target__L,raw_L1,time/take,mean,1.2815494537353516,1.1372636878355524,1.4267973068966355
pan__target__L,raw_L1,time/take,median,1.5875282287597656,1.2084352550645625,1.9138671659143112
pan__target__L,raw_L1,time/mesh,mean,0.8124308586120605,0.7235455788977804,0.9114195220187258
pan__target__L,raw_L1,time/mesh,median,0.8228828310966492,0.6212111522941794,1.0227277734973375
pan__target__L,raw_L1,mesh/take,mean,1.5774258375167847,1.4154352215037054,1.7344241557325293
pan__target__L,raw_L1,mesh/take,median,1.929227590560913,1.7161098620691475,2.1361125044839704
pan__target__L,raw_L1,action/take,mean,1.0436923503875732,0.9493632718204043,1.1372028783524228
pan__target__L,raw_L1,action/take,median,1.0598130226135254,0.9427214471924034,1.1688074208184063
pan__target__L,raw_L1,time/floor,mean,5.371504783630371,4.744256220389033,5.985570174325982
pan__target__L,raw_L1,time/floor,median,8.047568321228027,6.375908580912625,10.112240645393603
pan__target__L,mass_abs,time/take,mean,1.8514988422393799,1.6676010436908908,2.061852603328969
pan__target__L,mass_abs,time/take,median,2.5615549087524414,1.8914714947086164,3.3272627573055193
pan__target__L,mass_abs,time/mesh,mean,1.186623454093933,1.0670980379037704,1.3192280305199398
pan__target__L,mass_abs,time/mesh,median,1.1335115432739258,0.8497803948964509,1.5056395922178518
pan__target__L,mass_abs,mesh/take,mean,1.560308575630188,1.3739837340678727,1.744900250345164
pan__target__L,mass_abs,mesh/take,median,2.259840250015259,1.9083052145374155,2.607365391419216
pan__target__L,mass_abs,action/take,mean,1.0710723400115967,0.9571119305141061,1.18429532384604
pan__target__L,mass_abs,action/take,median,1.134114384651184,0.9871997800008604,1.2922532968334275
pan__target__L,mass_abs,time/floor,mean,7.064887523651123,6.0690872149441715,8.076521930528505
pan__target__L,mass_abs,time/floor,median,14.851792335510254,11.31573289760199,19.782530733493015
pan__target__L,mass_log,time/take,mean,2.0337634086608887,1.7828306236464595,2.3019185526420625
pan__target__L,mass_log,time/take,median,4.121021747589111,2.7098776671544615,5.638352977171895
pan__target__L,mass_log,time/mesh,mean,1.508812665939331,1.3402501363659447,1.6940327390822767
pan__target__L,mass_log,time/mesh,median,1.9300950765609741,1.4127499330965003,2.5065341294582164
pan__target__L,mass_log,mesh/take,mean,1.3479230403900146,1.1921936439085004,1.5038192332499782
pan__target__L,mass_log,mesh/take,median,2.135139226913452,1.717228805622959,2.6706305543390787
pan__target__L,mass_log,action/take,mean,0.9770692586898804,0.861705244436395,1.111263987799164
pan__target__L,mass_log,action/take,median,0.9938852190971375,0.7975858183994037,1.175663423499632
pan__target__L,mass_log,time/floor,mean,7.453202247619629,6.307205992172808,8.766800158690504
pan__target__L,mass_log,time/floor,median,24.820512771606445,18.293912818878095,31.564941143378917
pan__target__L,pattern_L2,time/take,mean,0.9759782552719116,0.8454440880643949,1.1251158933063836
pan__target__L,pattern_L2,time/take,median,1.149538278579712,0.8953858474065758,1.4134055334437083
pan__target__L,pattern_L2,time/mesh,mean,0.668632447719574,0.6021238928079496,0.7428847424382095
pan__target__L,pattern_L2,time/mesh,median,0.6083129048347473,0.49876052456800757,0.7289610438014171
pan__target__L,pattern_L2,mesh/take,mean,1.4596632719039917,1.3224117801314252,1.590104186103816
pan__target__L,pattern_L2,mesh/take,median,1.889715552330017,1.5885670318260183,2.2481924554396793
pan__target__L,pattern_L2,action/take,mean,0.971213698387146,0.8717969842771188,1.0722642704047982
pan__target__L,pattern_L2,action/take,median,0.9536208510398865,0.8117864252339904,1.09995631771697
pan__target__L,pattern_L2,time/floor,mean,3.582237958908081,3.1667503896850078,4.042103805610977
pan__target__L,pattern_L2,time/floor,median,5.529293060302734,4.69694581124671,6.469732918859952
pan__target__L,pattern_L1,time/take,mean,0.953957200050354,0.8079244756667505,1.1259674973693523
pan__target__L,pattern_L1,time/take,median,1.0916694402694702,0.8539890762211625,1.3404680791577677
pan__target__L,pattern_L1,time/mesh,mean,0.6158839464187622,0.5453969686880313,0.6972176453973831
pan__target__L,pattern_L1,time/mesh,median,0.550397515296936,0.4404779058910204,0.6578032353681786
pan__target__L,pattern_L1,mesh/take,mean,1.5489236116409302,1.3753837202075065,1.7254394202882244
pan__target__L,pattern_L1,mesh/take,median,1.9834200143814087,1.6880225286420467,2.3681700590502563
pan__target__L,pattern_L1,action/take,mean,0.9696353673934937,0.8565503351426895,1.088895224431714
pan__target__L,pattern_L1,action/take,median,0.9625913500785828,0.8159282733479227,1.1029105626925297
pan__target__L,pattern_L1,time/floor,mean,4.025993824005127,3.5416236403220553,4.582691972260179
pan__target__L,pattern_L1,time/floor,median,5.544398307800293,4.646778413585243,6.729751351290444
pan__target__L,pattern_cos,time/take,mean,0.939640462398529,0.729025712191551,1.2237824251087488
pan__target__L,pattern_cos,time/take,median,1.2679860591888428,0.8408766133162422,1.8478451614754898
pan__target__L,pattern_cos,time/mesh,mean,0.5742899179458618,0.47806953834988863,0.6969607272656348
pan__target__L,pattern_cos,time/mesh,median,0.4142639636993408,0.26926922387867147,0.5889027439862057
pan__target__L,pattern_cos,mesh/take,mean,1.636177897453308,1.3686436779454565,1.9744474315378775
pan__target__L,pattern_cos,mesh/take,median,3.060816526412964,2.2802768226994927,4.30785858090314
pan__target__L,pattern_cos,action/take,mean,0.9491217732429504,0.7787602755042643,1.1487437853800215
pan__target__L,pattern_cos,action/take,median,0.9090585112571716,0.686224981301777,1.156323607591016
pan__target__L,pattern_cos,time/floor,mean,8.24294662475586,6.43425510121872,10.533145849131474
pan__target__L,pattern_cos,time/floor,median,27.890132904052734,20.273956857084414,41.151807833119754
pan__target__L,centroid,time/take,mean,0.8422980624625568,0.6753325301844816,1.062408132322718
pan__target__L,centroid,time/take,median,0.8505073587532661,0.6218817728528887,1.1069388269306744
pan__target__L,centroid,time/mesh,mean,0.5211457644227322,0.4252568928767017,0.6454806176756892
pan__target__L,centroid,time/mesh,median,0.448959047702449,0.3648945313507297,0.5607634588640518
pan__target__L,centroid,mesh/take,mean,1.6162427481216541,1.3550188007770154,1.8939470446222337
pan__target__L,centroid,mesh/take,median,1.8943985272281367,1.5559472211758278,2.2138871563251965
pan__target__L,centroid,action/take,mean,0.9484617185984336,0.7998965386903288,1.115541935044095
pan__target__L,centroid,action/take,median,0.9295497311245572,0.7718160333000122,1.1086448718545916
pan__target__L,centroid,time/floor,mean,4.983055494566758,4.183635448069674,5.998455726304472
pan__target__L,centroid,time/floor,median,5.967995314582539,4.965109076427832,7.5117620300599075
plate__target__L,raw,time/take,mean,0.6446155309677124,0.5942823708924264,0.6976322822257449
plate__target__L,raw,time/take,median,0.5878405570983887,0.5164139469160124,0.6844585940577043
plate__target__L,raw,time/mesh,mean,0.48168298602104187,0.4568321380147058,0.5044832222273774
plate__target__L,raw,time/mesh,median,0.411405086517334,0.38002348673303155,0.44154080578930843
plate__target__L,raw,mesh/take,mean,1.3382567167282104,1.2442032376855279,1.4422610134252603
plate__target__L,raw,mesh/take,median,1.4288607835769653,1.303433805713569,1.6618172033234828
plate__target__L,raw,action/take,mean,1.0433177947998047,0.9726212096543676,1.1201399956481088
plate__target__L,raw,action/take,median,1.0725833177566528,0.9596934377429533,1.2231681806531642
plate__target__L,raw,time/floor,mean,4.8281097412109375,4.49831781457187,5.148334819711279
plate__target__L,raw,time/floor,median,6.622416019439697,5.999622587204838,7.2662882671815705
plate__target__L,raw_L1,time/take,mean,0.5466835498809814,0.4924778800794736,0.6004832045595928
plate__target__L,raw_L1,time/take,median,0.5260214805603027,0.4499696579660381,0.6346737521047711
plate__target__L,raw_L1,time/mesh,mean,0.3899363875389099,0.36684177979914884,0.41355306306509326
plate__target__L,raw_L1,time/mesh,median,0.3213692307472229,0.29460785425955194,0.3474225606858145
plate__target__L,raw_L1,mesh/take,mean,1.4019813537597656,1.2782628261599396,1.5442954732829475
plate__target__L,raw_L1,mesh/take,median,1.6368134021759033,1.4332500588496664,1.9763902080661495
plate__target__L,raw_L1,action/take,mean,1.0365538597106934,0.9432391872792276,1.1388394667391977
plate__target__L,raw_L1,action/take,median,1.0586479902267456,0.9249497243730045,1.2545940437800664
plate__target__L,raw_L1,time/floor,mean,5.196524620056152,4.807633885992162,5.629721621646119
plate__target__L,raw_L1,time/floor,median,6.950192451477051,6.246245543006921,7.728558795957289
plate__target__L,mass_abs,time/take,mean,1.110275149345398,0.9945061170775384,1.2487658826147359
plate__target__L,mass_abs,time/take,median,1.07265305519104,0.9196873124264505,1.2297596442873258
plate__target__L,mass_abs,time/mesh,mean,0.7660317420959473,0.6994003731624215,0.8274465772376765
plate__target__L,mass_abs,time/mesh,median,0.6908670663833618,0.6030758718779045,0.7839218876515855
plate__target__L,mass_abs,mesh/take,mean,1.4493852853775024,1.3031359657217456,1.6321051061400231
plate__target__L,mass_abs,mesh/take,median,1.5526185035705566,1.3538440729148127,1.760727828848924
plate__target__L,mass_abs,action/take,mean,1.1405887603759766,1.023700859824835,1.2824281644936155
plate__target__L,mass_abs,action/take,median,1.1548668146133423,1.0065360761351514,1.308410119808778
plate__target__L,mass_abs,time/floor,mean,6.071446895599365,5.538448266752752,6.682329261855386
plate__target__L,mass_abs,time/floor,median,9.902040481567383,8.777413083086673,11.134119408377464
plate__target__L,mass_log,time/take,mean,1.378766417503357,1.2449599922555732,1.524842446586905
plate__target__L,mass_log,time/take,median,1.2543227672576904,1.0734650249798454,1.4504286761171066
plate__target__L,mass_log,time/mesh,mean,1.093334436416626,0.9964451054121607,1.1897267241717344
plate__target__L,mass_log,time/mesh,median,0.8219236731529236,0.7164451613645343,0.9456653911789147
plate__target__L,mass_log,mesh/take,mean,1.2610656023025513,1.1545384907184393,1.391437933584084
plate__target__L,mass_log,mesh/take,median,1.526081919670105,1.3091538795072113,1.7384512651701223
plate__target__L,mass_log,action/take,mean,1.1127512454986572,1.0129469719483604,1.2334142395921441
plate__target__L,mass_log,action/take,median,1.228975534439087,1.0493942474413018,1.399984840607572
plate__target__L,mass_log,time/floor,mean,6.614662170410156,5.949998670012017,7.346978297207899
plate__target__L,mass_log,time/floor,median,11.799114227294922,10.491580575325466,13.415339702958606
plate__target__L,pattern_L2,time/take,mean,0.588533341884613,0.5433988381685613,0.6397983672543274
plate__target__L,pattern_L2,time/take,median,0.4088852107524872,0.3585270797547663,0.46748972274405204
plate__target__L,pattern_L2,time/mesh,mean,0.43527698516845703,0.4091594058082075,0.46235747584394926
plate__target__L,pattern_L2,time/mesh,median,0.29889070987701416,0.27479812901557926,0.3240994997600541
plate__target__L,pattern_L2,mesh/take,mean,1.352089285850525,1.2690969912008605,1.4613047497002154
plate__target__L,pattern_L2,mesh/take,median,1.368009090423584,1.2169707562319803,1.577551782328689
plate__target__L,pattern_L2,action/take,mean,1.0452792644500732,0.9912146731689032,1.108113857703955
plate__target__L,pattern_L2,action/take,median,1.0568253993988037,0.9501600217402684,1.1750475285711794
plate__target__L,pattern_L2,time/floor,mean,4.409993648529053,4.046846810492752,4.793266733864184
plate__target__L,pattern_L2,time/floor,median,5.824915885925293,5.3201986289759144,6.395690171000232
plate__target__L,pattern_L1,time/take,mean,0.5136714577674866,0.4681348858475182,0.5626435257327717
plate__target__L,pattern_L1,time/take,median,0.3357347846031189,0.28567079298693127,0.41080521714014007
plate__target__L,pattern_L1,time/mesh,mean,0.360446035861969,0.33787812423340907,0.3838213357639919
plate__target__L,pattern_L1,time/mesh,median,0.21698720753192902,0.19729984396200165,0.23575906154820422
plate__target__L,pattern_L1,mesh/take,mean,1.4250993728637695,1.32691047888906,1.5604552584464702
plate__target__L,pattern_L1,mesh/take,median,1.5472561120986938,1.348134553974969,1.9338276315117724
plate__target__L,pattern_L1,action/take,mean,1.0459108352661133,0.9831518000956057,1.123730369383175
plate__target__L,pattern_L1,action/take,median,1.0636072158813477,0.923312879537428,1.2593707769943197
plate__target__L,pattern_L1,time/floor,mean,4.784553527832031,4.378493292695931,5.217487634007132
plate__target__L,pattern_L1,time/floor,median,6.040565490722656,5.477704226433318,6.639246544752499
plate__target__L,pattern_cos,time/take,mean,0.40757858753204346,0.358500371753631,0.46291630423920843
plate__target__L,pattern_cos,time/take,median,0.1435030698776245,0.10820526482741703,0.19177916799806488
plate__target__L,pattern_cos,time/mesh,mean,0.2644108533859253,0.23935465322818764,0.2899984365512171
plate__target__L,pattern_cos,time/mesh,median,0.07667642086744308,0.06475259509094053,0.08846119712794062
plate__target__L,pattern_cos,mesh/take,mean,1.5414594411849976,1.4048215791230787,1.7280520315444328
plate__target__L,pattern_cos,mesh/take,median,1.8715410232543945,1.4725152084072104,2.6364149028693653
plate__target__L,pattern_cos,action/take,mean,1.0536701679229736,0.971194572747627,1.1562862036675976
plate__target__L,pattern_cos,action/take,median,1.128170371055603,0.8701268193049482,1.4521905278731873
plate__target__L,pattern_cos,time/floor,mean,10.289379119873047,8.52009871285095,12.323011735553736
plate__target__L,pattern_cos,time/floor,median,32.409610748291016,26.874909350019216,38.63886429103146
plate__target__L,centroid,time/take,mean,0.3630051659266952,0.3191709391638271,0.4121969092920162
plate__target__L,centroid,time/take,median,0.2409783197214886,0.1896156670428155,0.29899257165555815
plate__target__L,centroid,time/mesh,mean,0.24138286975453654,0.21889979227435583,0.2641416572278811
plate__target__L,centroid,time/mesh,median,0.11692504311989399,0.10270918224816628,0.1335018907637966
plate__target__L,centroid,mesh/take,mean,1.5038563684980504,1.3586805591528406,1.7085354030976536
plate__target__L,centroid,mesh/take,median,2.0609641295953285,1.6583003590653431,2.630914276913169
plate__target__L,centroid,action/take,mean,1.063159254303294,0.9692361328297134,1.1716874950785878
plate__target__L,centroid,action/take,median,1.1029107428031615,0.8967695243662133,1.3415636416411305
plate__target__L,centroid,time/floor,mean,6.135622057517586,5.480672041410716,6.854611124560681
plate__target__L,centroid,time/floor,median,7.641179857949195,6.674668421103847,8.565776601533374
roller__tool__R,raw,time/take,mean,1.6997429132461548,1.5800760973541208,1.8133740436151822
roller__tool__R,raw,time/take,median,2.0687103271484375,1.8712331803480144,2.2664070823154643
roller__tool__R,raw,time/mesh,mean,0.9982634782791138,0.9425253266856326,1.0550457395088924
roller__tool__R,raw,time/mesh,median,1.0321648120880127,0.9516170878007599,1.1298170123016356
roller__tool__R,raw,mesh/take,mean,1.7026997804641724,1.603095165267995,1.7989370126782025
roller__tool__R,raw,mesh/take,median,2.004244089126587,1.8833345536003852,2.11498689304329
roller__tool__R,raw,action/take,mean,1.0299614667892456,0.9770729473446966,1.0765915240505572
roller__tool__R,raw,action/take,median,1.011730670928955,0.9637575398027957,1.0575672313804738
roller__tool__R,raw,time/floor,mean,4.731140613555908,4.33601284696355,5.139454624242091
roller__tool__R,raw,time/floor,median,6.1199116706848145,5.422763975025249,6.93600001918076
roller__tool__R,raw_L1,time/take,mean,1.741300106048584,1.604534233902776,1.8739058459910647
roller__tool__R,raw_L1,time/take,median,2.0768396854400635,1.8746021277265181,2.2979449225709088
roller__tool__R,raw_L1,time/mesh,mean,1.0222135782241821,0.9585173857263624,1.0848134533448843
roller__tool__R,raw_L1,time/mesh,median,1.0425633192062378,0.9493391402848481,1.1538594696675128
roller__tool__R,raw_L1,mesh/take,mean,1.7034600973129272,1.5898906658103011,1.8121971601155575
roller__tool__R,raw_L1,mesh/take,median,1.992051362991333,1.856107873445184,2.1178738354169426
roller__tool__R,raw_L1,action/take,mean,1.0320569276809692,0.9785481916647423,1.085681296964467
roller__tool__R,raw_L1,action/take,median,1.0251351594924927,0.9719864251320027,1.0771820744253497
roller__tool__R,raw_L1,time/floor,mean,5.153841495513916,4.672110763223391,5.659431769736989
roller__tool__R,raw_L1,time/floor,median,6.595993518829346,5.838914642667433,7.532010930078325
roller__tool__R,mass_abs,time/take,mean,2.509275436401367,2.2441601627193117,2.805734886719274
roller__tool__R,mass_abs,time/take,median,3.828518867492676,3.1489977099530306,4.494163393141862
roller__tool__R,mass_abs,time/mesh,mean,1.3845549821853638,1.2529988939432595,1.5149110741341492
roller__tool__R,mass_abs,time/mesh,median,1.5369926691055298,1.2446651355643503,1.8254936937933088
roller__tool__R,mass_abs,mesh/take,mean,1.8123334646224976,1.6440883068356176,1.9945939457494355
roller__tool__R,mass_abs,mesh/take,median,2.490915536880493,2.189834355638248,2.8132103628287424
roller__tool__R,mass_abs,action/take,mean,1.060880422592163,0.9686821036104867,1.148141883448675
roller__tool__R,mass_abs,action/take,median,1.0727208852767944,0.9609340936642795,1.204633030669247
roller__tool__R,mass_abs,time/floor,mean,8.016140937805176,7.042851660057376,9.232357449226482
roller__tool__R,mass_abs,time/floor,median,14.25049877166748,11.411173292241001,17.141512371702973
roller__tool__R,mass_log,time/take,mean,2.7336196899414062,2.385121302566677,3.1775214077544454
roller__tool__R,mass_log,time/take,median,5.1314215660095215,3.8854479617736066,6.338371180025291
roller__tool__R,mass_log,time/mesh,mean,1.937105417251587,1.729306460432075,2.1687735335129186
roller__tool__R,mass_log,time/mesh,median,1.9719135761260986,1.4777999709510439,2.4494463606010908
roller__tool__R,mass_log,mesh/take,mean,1.4111878871917725,1.2357677446491102,1.6104397882956063
roller__tool__R,mass_log,mesh/take,median,2.602254867553711,2.3071588467296835,2.925558893083945
roller__tool__R,mass_log,action/take,mean,1.0819132328033447,0.9395265876579992,1.2509714903091573
roller__tool__R,mass_log,action/take,median,1.0581896305084229,0.9746833893648202,1.176020073891457
roller__tool__R,mass_log,time/floor,mean,9.302350997924805,7.647059661545897,11.19372924850695
roller__tool__R,mass_log,time/floor,median,18.5297908782959,13.914639053236572,24.18438644988794
roller__tool__R,pattern_L2,time/take,mean,1.4797219038009644,1.3592923423810577,1.5950439213440932
roller__tool__R,pattern_L2,time/take,median,1.5868608951568604,1.3901306237454363,1.7517604093126873
roller__tool__R,pattern_L2,time/mesh,mean,0.8524619340896606,0.7977579351464068,0.9083148385008344
roller__tool__R,pattern_L2,time/mesh,median,0.7541547417640686,0.6643372750719332,0.8376172318200663
roller__tool__R,pattern_L2,mesh/take,mean,1.7358217239379883,1.6404177780961633,1.8345904805150257
roller__tool__R,pattern_L2,mesh/take,median,2.1041581630706787,2.0045975444273623,2.2093113916454823
roller__tool__R,pattern_L2,action/take,mean,1.0179486274719238,0.9655956577078705,1.0760851043292297
roller__tool__R,pattern_L2,action/take,median,1.0060124397277832,0.9672142189856775,1.0637805513954948
roller__tool__R,pattern_L2,time/floor,mean,3.8705649375915527,3.486278373020327,4.286737886876829
roller__tool__R,pattern_L2,time/floor,median,4.601376533508301,3.9706969815882043,5.260972621307077
roller__tool__R,pattern_L1,time/take,mean,1.455923318862915,1.343128059587938,1.5623405099527623
roller__tool__R,pattern_L1,time/take,median,1.573232889175415,1.368862983021217,1.7794528796166884
roller__tool__R,pattern_L1,time/mesh,mean,0.8100690245628357,0.7578454613961167,0.8610295655128123
roller__tool__R,pattern_L1,time/mesh,median,0.7382851839065552,0.6497124905563335,0.8377854875383953
roller__tool__R,pattern_L1,mesh/take,mean,1.7972830533981323,1.6959956677985049,1.899609198529083
roller__tool__R,pattern_L1,mesh/take,median,2.1309285163879395,2.0076843344165107,2.2378844605376367
roller__tool__R,pattern_L1,action/take,mean,1.0200562477111816,0.9681488880809334,1.074021324067354
roller__tool__R,pattern_L1,action/take,median,1.019426703453064,0.9745106841163707,1.0751880185459948
roller__tool__R,pattern_L1,time/floor,mean,4.062601566314697,3.704826126526782,4.452939013937636
roller__tool__R,pattern_L1,time/floor,median,4.822997093200684,4.189209221825715,5.691094166882616
roller__tool__R,pattern_cos,time/take,mean,1.9299639463424683,1.6844707067745632,2.172761049767775
roller__tool__R,pattern_cos,time/take,median,2.358673572540283,1.8719326057181929,2.8809124339358974
roller__tool__R,pattern_cos,time/mesh,mean,0.7732067704200745,0.7019991817936213,0.8585212689601315
roller__tool__R,pattern_cos,time/mesh,median,0.5269450545310974,0.41842931050315724,0.6518797049370776
roller__tool__R,pattern_cos,mesh/take,mean,2.496051549911499,2.2009396412356743,2.8223529452160094
roller__tool__R,pattern_cos,mesh/take,median,4.476128101348877,4.023792298736132,4.878263028720051
roller__tool__R,pattern_cos,action/take,mean,1.0343009233474731,0.926531479344537,1.151638264490613
roller__tool__R,pattern_cos,action/take,median,1.0288758277893066,0.9518067463995836,1.1183399554913198
roller__tool__R,pattern_cos,time/floor,mean,9.19461441040039,7.216732960972237,11.279542672582544
roller__tool__R,pattern_cos,time/floor,median,19.243791580200195,14.420662132376298,25.13389043575513
roller__tool__R,centroid,time/take,mean,1.4080703540094108,1.2573101848951864,1.5605255259233175
roller__tool__R,centroid,time/take,median,1.4149111318982497,1.1625276009022816,1.6729059664132617
roller__tool__R,centroid,time/mesh,mean,0.9365863619080089,0.8405427444679725,1.0285088906126465
roller__tool__R,centroid,time/mesh,median,0.8367337930137547,0.6900016349849262,0.9907772036424835
roller__tool__R,centroid,mesh/take,mean,1.5034068520289972,1.3750957568148197,1.6442743122782333
roller__tool__R,centroid,mesh/take,median,1.6909931733508827,1.5217681630383058,1.8915335924599588
roller__tool__R,centroid,action/take,mean,1.0245710167376878,0.9544054041372597,1.1011880791552964
roller__tool__R,centroid,action/take,median,1.0282165942349681,0.9423202629574426,1.1149669097070616
roller__tool__R,centroid,time/floor,mean,4.6796842102533205,4.080419246182093,5.354519524824903
roller__tool__R,centroid,time/floor,median,5.567423897259177,4.689248390943585,6.830332455119724
spatula__tool__R,raw,time/take,mean,1.4465572834014893,1.3245058293433882,1.6093656863930312
spatula__tool__R,raw,time/take,median,1.5606210231781006,1.3406318129321064,1.8302112466064795
spatula__tool__R,raw,time/mesh,mean,0.8879024982452393,0.8296965233002315,0.9517859053248955
spatula__tool__R,raw,time/mesh,median,0.8436366319656372,0.7448934899415598,0.9411645958857894
spatula__tool__R,raw,mesh/take,mean,1.6291849613189697,1.4871553861136146,1.7970274171420118
spatula__tool__R,raw,mesh/take,median,1.8498735427856445,1.6381352083541012,2.11485777846365
spatula__tool__R,raw,action/take,mean,1.0163477659225464,0.9451455459804582,1.0943316725949017
spatula__tool__R,raw,action/take,median,1.04387629032135,0.9451487398440817,1.169372311815624
spatula__tool__R,raw,time/floor,mean,5.097055435180664,4.565922769893754,5.614482071495017
spatula__tool__R,raw,time/floor,median,6.937933921813965,5.983341253666563,8.121034193986107
spatula__tool__R,raw_L1,time/take,mean,1.4792882204055786,1.3319855419380582,1.6746026973075117
spatula__tool__R,raw_L1,time/take,median,1.6182358264923096,1.3408800561416143,1.8900333478453535
spatula__tool__R,raw_L1,time/mesh,mean,0.8296763896942139,0.7685029459658798,0.9037282796385775
spatula__tool__R,raw_L1,time/mesh,median,0.7898632884025574,0.6810133499691868,0.8950974198845645
spatula__tool__R,raw_L1,mesh/take,mean,1.7829701900482178,1.6092838558831977,2.0035461789914604
spatula__tool__R,raw_L1,mesh/take,median,2.0487542152404785,1.75995194930656,2.390903728714041
spatula__tool__R,raw_L1,action/take,mean,1.0201849937438965,0.9407626254562875,1.1067731585513603
spatula__tool__R,raw_L1,action/take,median,1.070777177810669,0.9582618149740811,1.2099849825020825
spatula__tool__R,raw_L1,time/floor,mean,5.520477294921875,4.84698315834437,6.204586580357371
spatula__tool__R,raw_L1,time/floor,median,7.489242076873779,6.228883385037238,8.617656202565716
spatula__tool__R,mass_abs,time/take,mean,2.1566920280456543,1.9107968442447505,2.4411262616398726
spatula__tool__R,mass_abs,time/take,median,2.976595878601074,2.40162468468546,3.640527218987828
spatula__tool__R,mass_abs,time/mesh,mean,1.1127525568008423,1.0170781103845223,1.2231998220251188
spatula__tool__R,mass_abs,time/mesh,median,1.1790812015533447,0.9896237579740231,1.3635889006409303
spatula__tool__R,mass_abs,mesh/take,mean,1.938159704208374,1.7167891967658038,2.208784943170435
spatula__tool__R,mass_abs,mesh/take,median,2.5245046615600586,2.082723995718508,3.03269963422658
spatula__tool__R,mass_abs,action/take,mean,1.0393877029418945,0.9441680750593067,1.1571348698720283
spatula__tool__R,mass_abs,action/take,median,1.1039050817489624,0.9348711095992777,1.2933825670564982
spatula__tool__R,mass_abs,time/floor,mean,7.0976409912109375,6.034708534023404,8.199398938041243
spatula__tool__R,mass_abs,time/floor,median,13.52419662475586,10.531362772444671,16.18337707161654
spatula__tool__R,mass_log,time/take,mean,2.5778346061706543,2.28104974577961,2.911146735147167
spatula__tool__R,mass_log,time/take,median,3.332601308822632,2.682744881015142,4.210901600775867
spatula__tool__R,mass_log,time/mesh,mean,1.5889462232589722,1.4406296699630878,1.7498069852264075
spatula__tool__R,mass_log,time/mesh,median,1.380103349685669,1.1178725894061314,1.6664673403083703
spatula__tool__R,mass_log,mesh/take,mean,1.6223547458648682,1.4545372986810468,1.825625050625246
spatula__tool__R,mass_log,mesh/take,median,2.414747714996338,2.0270256176702923,2.87265271122615
spatula__tool__R,mass_log,action/take,mean,1.065195083618164,0.9417874563468345,1.2105956547116967
spatula__tool__R,mass_log,action/take,median,1.0890766382217407,0.9077614275007322,1.2951247689940601
spatula__tool__R,mass_log,time/floor,mean,7.3942551612854,6.078869121356498,8.76241115957042
spatula__tool__R,mass_log,time/floor,median,15.825150489807129,12.566476659269556,20.091371749990167
spatula__tool__R,pattern_L2,time/take,mean,0.9932196140289307,0.8853874501068894,1.1293168871395476
spatula__tool__R,pattern_L2,time/take,median,0.988271176815033,0.8540838318505855,1.150906797287628
spatula__tool__R,pattern_L2,time/mesh,mean,0.5934796929359436,0.5417968093135853,0.6469855486356821
spatula__tool__R,pattern_L2,time/mesh,median,0.5279711484909058,0.478362519807448,0.581167056208114
spatula__tool__R,pattern_L2,mesh/take,mean,1.6735528707504272,1.501917868720035,1.8635157029911034
spatula__tool__R,pattern_L2,mesh/take,median,1.8718280792236328,1.6337375737938042,2.1322701254500704
spatula__tool__R,pattern_L2,action/take,mean,1.0111827850341797,0.933010808374511,1.115008640252682
spatula__tool__R,pattern_L2,action/take,median,1.0479716062545776,0.9384925950250838,1.1837164047685038
spatula__tool__R,pattern_L2,time/floor,mean,3.6483006477355957,3.24844941234068,4.097318430452952
spatula__tool__R,pattern_L2,time/floor,median,4.9010748863220215,4.2931556723217,5.540286715476305
spatula__tool__R,pattern_L1,time/take,mean,0.9369322657585144,0.8231580563174108,1.0745068535620201
spatula__tool__R,pattern_L1,time/take,median,0.9559289216995239,0.8209114545438408,1.1215052195160324
spatula__tool__R,pattern_L1,time/mesh,mean,0.5092278122901917,0.46250104969927563,0.5586905752358883
spatula__tool__R,pattern_L1,time/mesh,median,0.4505951404571533,0.40093934745950094,0.5056317241723016
spatula__tool__R,pattern_L1,mesh/take,mean,1.8399080038070679,1.6346901312048137,2.067758718024497
spatula__tool__R,pattern_L1,mesh/take,median,2.121480703353882,1.8390616920944285,2.476944072798837
spatula__tool__R,pattern_L1,action/take,mean,1.0040756464004517,0.9184725384175373,1.1099523494621726
spatula__tool__R,pattern_L1,action/take,median,1.0391370058059692,0.9284425127412134,1.1817641917032067
spatula__tool__R,pattern_L1,time/floor,mean,3.714108467102051,3.331649940303252,4.18372788943783
spatula__tool__R,pattern_L1,time/floor,median,4.959943771362305,4.273995704979527,5.720839242010757
spatula__tool__R,pattern_cos,time/take,mean,0.9377434253692627,0.7564278913667273,1.1598368029148354
spatula__tool__R,pattern_cos,time/take,median,0.994369626045227,0.7562262937781875,1.3467314583359098
spatula__tool__R,pattern_cos,time/mesh,mean,0.40240752696990967,0.34562478907164784,0.46832432561401266
spatula__tool__R,pattern_cos,time/mesh,median,0.2923518717288971,0.24233749203041624,0.35540559987871995
spatula__tool__R,pattern_cos,mesh/take,mean,2.3303327560424805,1.9446820351142,2.8270388334933445
spatula__tool__R,pattern_cos,mesh/take,median,3.4012768268585205,2.676293635740485,4.470291816712053
spatula__tool__R,pattern_cos,action/take,mean,0.9911773204803467,0.8523067153239208,1.183815689258045
spatula__tool__R,pattern_cos,action/take,median,1.0873608589172363,0.870105922008969,1.335190560780555
spatula__tool__R,pattern_cos,time/floor,mean,7.921576499938965,6.3538118871210285,9.996450441988378
spatula__tool__R,pattern_cos,time/floor,median,23.275772094726562,17.191603215203067,30.704991807907355
spatula__tool__R,centroid,time/take,mean,0.8283533551911162,0.6958979674440621,1.0060688023502615
spatula__tool__R,centroid,time/take,median,0.7607687434578532,0.6048421277461042,0.9516211677749001
spatula__tool__R,centroid,time/mesh,mean,0.38975495395291937,0.33851689176000255,0.4536693464873217
spatula__tool__R,centroid,time/mesh,median,0.28195316879826177,0.2390614021046923,0.33852540147847027
spatula__tool__R,centroid,mesh/take,mean,2.125318348849461,1.8467791781410308,2.5049447900661206
spatula__tool__R,centroid,mesh/take,median,2.6982095881397425,2.206363596116905,3.332995514784043
spatula__tool__R,centroid,action/take,mean,1.0001017192392003,0.8972084572215735,1.1330434875658066
spatula__tool__R,centroid,action/take,median,1.0557329636302244,0.8941912117495843,1.2350912007056394
spatula__tool__R,centroid,time/floor,mean,4.236319940592493,3.6577914645142706,5.022603202410805
spatula__tool__R,centroid,time/floor,median,5.614297677106713,4.718399173223231,7.0819819728812385
spoon__tool__R,raw,time/take,mean,1.8938939571380615,1.7173163246209444,2.05052415244801
spoon__tool__R,raw,time/take,median,2.1422719955444336,1.834848023259535,2.4451687674187994
spoon__tool__R,raw,time/mesh,mean,1.1384599208831787,1.0734752430082097,1.2067263876377758
spoon__tool__R,raw,time/mesh,median,1.1120905876159668,0.9887962888853381,1.2578832734482075
spoon__tool__R,raw,mesh/take,mean,1.663557767868042,1.5183950658744785,1.7814921227812386
spoon__tool__R,raw,mesh/take,median,1.926346778869629,1.7087660292311042,2.1479694977360886
spoon__tool__R,raw,action/take,mean,1.0764936208724976,0.9918848040977514,1.159626252470191
spoon__tool__R,raw,action/take,median,1.0951967239379883,0.9883720466603281,1.2284345431742207
spoon__tool__R,raw,time/floor,mean,5.454752445220947,4.86574610057675,6.0871886800933845
spoon__tool__R,raw,time/floor,median,8.257081985473633,7.031512192832107,9.595355690723597
spoon__tool__R,raw_L1,time/take,mean,2.0228140354156494,1.821453924717602,2.210147133916599
spoon__tool__R,raw_L1,time/take,median,2.220003366470337,1.8722477342181931,2.514546900910243
spoon__tool__R,raw_L1,time/mesh,mean,1.1263811588287354,1.055650121595837,1.1962954395878378
spoon__tool__R,raw_L1,time/mesh,median,1.0812840461730957,0.943259313913892,1.2312528168945085
spoon__tool__R,raw_L1,mesh/take,mean,1.7958520650863647,1.6141444307752848,1.944917192601892
spoon__tool__R,raw_L1,mesh/take,median,2.0531177520751953,1.806292788243342,2.2959300704048147
spoon__tool__R,raw_L1,action/take,mean,1.0843408107757568,0.9964417228258713,1.1741439443092738
spoon__tool__R,raw_L1,action/take,median,1.1138666868209839,0.9881749771667478,1.2475928354686368
spoon__tool__R,raw_L1,time/floor,mean,5.885189533233643,5.2334800157776815,6.598787964700127
spoon__tool__R,raw_L1,time/floor,median,8.790812492370605,7.2287526819752115,10.103695046398542
spoon__tool__R,mass_abs,time/take,mean,2.765807628631592,2.469486047685704,3.066143506542853
spoon__tool__R,mass_abs,time/take,median,3.9649617671966553,3.3290302467397463,4.651265707726515
spoon__tool__R,mass_abs,time/mesh,mean,1.5144585371017456,1.4069358523522169,1.6239770170891135
spoon__tool__R,mass_abs,time/mesh,median,1.6454343795776367,1.4106545112003845,1.8615965743239693
spoon__tool__R,mass_abs,mesh/take,mean,1.8262683153152466,1.6409725403740847,2.0074030939456136
spoon__tool__R,mass_abs,mesh/take,median,2.409674882888794,2.1331061044118784,2.747852366208472
spoon__tool__R,mass_abs,action/take,mean,1.0558167695999146,0.9634849553019856,1.1697646947764646
spoon__tool__R,mass_abs,action/take,median,1.152906894683838,1.0014755950055214,1.3150468741581032
spoon__tool__R,mass_abs,time/floor,mean,7.442305088043213,6.378574746155897,8.537329175699114
spoon__tool__R,mass_abs,time/floor,median,14.759201049804688,12.007223821064343,17.41164002274533
spoon__tool__R,mass_log,time/take,mean,2.9879825115203857,2.6132520789056746,3.3820209465061564
spoon__tool__R,mass_log,time/take,median,4.8454976081848145,3.8111509522820586,6.217765960968976
spoon__tool__R,mass_log,time/mesh,mean,1.990837574005127,1.8133826676503362,2.189464717473762
spoon__tool__R,mass_log,time/mesh,median,2.1408495903015137,1.7577126027235201,2.676065206436345
spoon__tool__R,mass_log,mesh/take,mean,1.5008670091629028,1.3298265769328614,1.6858398473180514
spoon__tool__R,mass_log,mesh/take,median,2.263352870941162,1.883732661098514,2.5949422942334546
spoon__tool__R,mass_log,action/take,mean,1.0336990356445312,0.907061988144184,1.1787379134520282
spoon__tool__R,mass_log,action/take,median,1.1317367553710938,0.951421605455123,1.309410329022644
spoon__tool__R,mass_log,time/floor,mean,7.8086700439453125,6.62866502095022,9.46739136912921
spoon__tool__R,mass_log,time/floor,median,18.279245376586914,14.297096548733075,23.718449824697366
spoon__tool__R,pattern_L2,time/take,mean,1.433416724205017,1.2815980056728438,1.598351073769668
spoon__tool__R,pattern_L2,time/take,median,1.3053747415542603,1.1285148924450383,1.4898968913821873
spoon__tool__R,pattern_L2,time/mesh,mean,0.9528491497039795,0.873472727029165,1.0634895569102307
spoon__tool__R,pattern_L2,time/mesh,median,0.7152196764945984,0.6519247329225111,0.7895491281848857
spoon__tool__R,pattern_L2,mesh/take,mean,1.5043480396270752,1.3719286002645188,1.6436569968064545
spoon__tool__R,pattern_L2,mesh/take,median,1.8251382112503052,1.6080212504212494,2.0524957721524024
spoon__tool__R,pattern_L2,action/take,mean,1.076805591583252,0.9725328375778851,1.1836027273858296
spoon__tool__R,pattern_L2,action/take,median,1.0866016149520874,0.9462228362012658,1.231318975934274
spoon__tool__R,pattern_L2,time/floor,mean,4.282388687133789,3.67457919803844,5.015780859809546
spoon__tool__R,pattern_L2,time/floor,median,5.982590675354004,5.058200949462908,6.769472802885122
spoon__tool__R,pattern_L1,time/take,mean,1.4528446197509766,1.2876621173892056,1.6231742022094298
spoon__tool__R,pattern_L1,time/take,median,1.2796331644058228,1.09714467397283,1.476829823539535
spoon__tool__R,pattern_L1,time/mesh,mean,0.864082932472229,0.790204993900838,0.9543954657848416
spoon__tool__R,pattern_L1,time/mesh,median,0.6424177289009094,0.5811457880821304,0.7068201077656567
spoon__tool__R,pattern_L1,mesh/take,mean,1.681371808052063,1.523159521816576,1.8375913107595165
spoon__tool__R,pattern_L1,mesh/take,median,1.9919019937515259,1.73789164048788,2.26424280988062
spoon__tool__R,pattern_L1,action/take,mean,1.0969328880310059,0.9932361842987318,1.2105126141511886
spoon__tool__R,pattern_L1,action/take,median,1.1154365539550781,0.9665340719776817,1.2732827030414129
spoon__tool__R,pattern_L1,time/floor,mean,4.333413124084473,3.704512064675817,5.091213016806071
spoon__tool__R,pattern_L1,time/floor,median,5.841283798217773,5.042973799371398,6.918150381677573
spoon__tool__R,pattern_cos,time/take,mean,1.9155899286270142,1.5733261386024169,2.3080587316268018
spoon__tool__R,pattern_cos,time/take,median,1.7149399518966675,1.2993853498498285,2.222853454403721
spoon__tool__R,pattern_cos,time/mesh,mean,0.9589767456054688,0.8377537371694557,1.1197249562792033
spoon__tool__R,pattern_cos,time/mesh,median,0.504803478717804,0.42442991856636086,0.6046080153822282
spoon__tool__R,pattern_cos,mesh/take,mean,1.9975353479385376,1.6666538306462089,2.3619549637996715
spoon__tool__R,pattern_cos,mesh/take,median,3.397242784500122,2.6565973017334192,4.212425666471975
spoon__tool__R,pattern_cos,action/take,mean,1.1429128646850586,0.9567929753697972,1.3587996260269062
spoon__tool__R,pattern_cos,action/take,median,1.197542428970337,0.9315656385231167,1.5390159979571538
spoon__tool__R,pattern_cos,time/floor,mean,8.354928970336914,6.1688429147592005,11.659216851143437
spoon__tool__R,pattern_cos,time/floor,median,32.09212875366211,23.69585837192483,42.620542812012054
spoon__tool__R,centroid,time/take,mean,1.6239226803423028,1.3820717054769365,1.8767938150225165
spoon__tool__R,centroid,time/take,median,1.148299839152536,0.9385666357952426,1.402392426534242
spoon__tool__R,centroid,time/mesh,mean,0.762829787270581,0.6818197347213264,0.8640883181027282
spoon__tool__R,centroid,time/mesh,median,0.4682236073577796,0.39571906384728955,0.5620220776940476
spoon__tool__R,centroid,mesh/take,mean,2.1288139339088055,1.859102982811127,2.3876545776803897
spoon__tool__R,centroid,mesh/take,median,2.452460365320913,2.066097858452845,2.931189220188832
spoon__tool__R,centroid,action/take,mean,1.160630631918797,1.0196395283520412,1.3132688600294191
spoon__tool__R,centroid,action/take,median,1.1587062810349653,0.9477632730854665,1.3875009816335053
spoon__tool__R,centroid,time/floor,mean,5.016407223685784,4.173873780965452,6.0594744422792335
spoon__tool__R,centroid,time/floor,median,7.0363126753262275,5.771758268292711,8.735095496484574
