config,metric,stat,variant,tol,backend,windows,n_groups,time_gt_take,time_gt_subject,subject_gt_take,action_near_take,macro_time_over_take,macro_time_over_subject,macro_subject_over_take,macro_action_over_take
raw|mean|all|tol0.10,raw,mean,all,0.1,normalized,touching,22,3,2,14,16,0.9521262104820245,0.9456814022179821,1.006929662033887,1.2016315357296132
raw|mean|both_nonzero|tol0.10,raw,mean,both_nonzero,0.1,normalized,touching,22,3,2,14,14,0.9210167617219619,0.9127995668802381,1.0091556297589597,1.2477573539377262
raw|mean|high_contact|tol0.10,raw,mean,high_contact,0.1,normalized,touching,22,2,2,16,15,0.8413149316558024,0.8336742170829342,1.0104388563777458,1.1244918801490293
raw|mean|both_hard|tol0.10,raw,mean,both_hard,0.1,normalized,touching,22,3,3,15,14,0.9128117202350954,0.9044906932582769,1.0093109049396836,1.2654497754401504
raw|median|all|tol0.10,raw,median,all,0.1,normalized,touching,22,3,3,19,16,0.9692508966916993,0.959771330387968,1.0099874798952104,1.29833782962192
raw|median|both_nonzero|tol0.10,raw,median,both_nonzero,0.1,normalized,touching,22,4,3,15,14,0.90691486172591,0.8932157116445432,1.0161199990551883,1.3341671011027338
raw|median|high_contact|tol0.10,raw,median,high_contact,0.1,normalized,touching,22,4,3,12,15,0.8204656429520419,0.81607579686363,1.0090655556069066,1.1721974496531842
raw|median|both_hard|tol0.10,raw,median,both_hard,0.1,normalized,touching,22,3,2,14,14,0.8973025945911902,0.8769377448479971,1.0258611794314432,1.3729436714512422
raw|mean|all|tol0.05,raw,mean,all,0.05,normalized,touching,22,4,3,17,16,0.9750231746604048,0.9627343495938373,1.011468743649252,1.2085341553476867
raw|mean|all|tol0.20,raw,mean,all,0.2,normalized,touching,22,2,2,18,17,0.9404360445854576,0.9332314199347741,1.0075054130863574,1.1949083185688103
raw_L1|mean|all|tol0.10,raw_L1,mean,all,0.1,normalized,touching,22,2,2,13,15,0.9200406433268481,0.9131691348417356,1.0074742343545382,1.227548830006764
raw_L1|mean|both_nonzero|tol0.10,raw_L1,mean,both_nonzero,0.1,normalized,touching,22,2,2,14,14,0.9004867672599072,0.8915801234612438,1.0100516799885215,1.2812727676439417
raw_L1|mean|high_contact|tol0.10,raw_L1,mean,high_contact,0.1,normalized,touching,22,2,2,15,15,0.8140432829615812,0.8071681447674155,1.010002308441797,1.1275861207764037
raw_L1|mean|both_hard|tol0.10,raw_L1,mean,both_hard,0.1,normalized,touching,22,3,2,14,13,0.8932433120656774,0.8846142131934868,1.0097648024502999,1.299708766883221
raw_L1|median|all|tol0.10,raw_L1,median,all,0.1,normalized,touching,22,3,2,16,14,0.9316469461749063,0.9167448320512754,1.0157585811270704,1.4577646406851783
raw_L1|median|both_nonzero|tol0.10,raw_L1,median,both_nonzero,0.1,normalized,touching,22,2,1,15,13,0.8733708903207333,0.8572534966690349,1.0196828786481396,1.4580364493569697
raw_L1|median|high_contact|tol0.10,raw_L1,median,high_contact,0.1,normalized,touching,22,1,1,12,14,0.7764183384311956,0.7711870286228837,1.0104406151322864,1.2042158743328286
raw_L1|median|both_hard|tol0.10,raw_L1,median,both_hard,0.1,normalized,touching,22,1,1,14,13,0.8586523824261119,0.8394192880587472,1.0251192130677156,1.4789992086349015
raw_L1|mean|all|tol0.05,raw_L1,mean,all,0.05,normalized,touching,22,3,2,16,15,0.9430500874510563,0.9298064477358724,1.0123843369692316,1.235967567646632
raw_L1|mean|all|tol0.20,raw_L1,mean,all,0.2,normalized,touching,22,2,2,17,16,0.9079898612449047,0.8997676616825528,1.0086739575638786,1.2203618399151472
mass_abs|mean|all|tol0.10,mass_abs,mean,all,0.1,normalized,touching,22,14,14,16,14,1.0987825111698464,1.0825081900377072,1.0152129594107056,1.2632004351858528
mass_abs|mean|both_nonzero|tol0.10,mass_abs,mean,both_nonzero,0.1,normalized,touching,22,3,1,18,17,0.9041445794425265,0.8894173753511727,1.0169279188595706,1.2560127532268444
mass_abs|mean|high_contact|tol0.10,mass_abs,mean,high_contact,0.1,normalized,touching,22,2,4,13,17,0.8059293735924679,0.7990707771357587,1.0100145554133433,1.0247825990263277
mass_abs|mean|both_hard|tol0.10,mass_abs,mean,both_hard,0.1,normalized,touching,22,2,2,17,15,0.8616423838419106,0.8468270107405956,1.017955030767253,1.253044716882558
mass_abs|median|all|tol0.10,mass_abs,median,all,0.1,normalized,touching,22,12,14,13,12,1.1196571729413376,1.09885670150593,1.0173281956667315,1.5307725995017323
mass_abs|median|both_nonzero|tol0.10,mass_abs,median,both_nonzero,0.1,normalized,touching,22,1,1,14,12,0.8428774591079832,0.8205535354136052,1.027474102754262,1.5729177151681255
mass_abs|median|high_contact|tol0.10,mass_abs,median,high_contact,0.1,normalized,touching,22,2,2,14,13,0.7452707838310091,0.7325732443859704,1.0213197682745194,1.0564875843096286
mass_abs|median|both_hard|tol0.10,mass_abs,median,both_hard,0.1,normalized,touching,22,1,1,17,11,0.7813683473344544,0.7564719596821903,1.0341142298824286,1.5624570819338757
mass_abs|mean|all|tol0.05,mass_abs,mean,all,0.05,normalized,touching,22,16,15,18,14,1.1377269839192585,1.111587644951119,1.0203486247307365,1.2708801840455073
mass_abs|mean|all|tol0.20,mass_abs,mean,all,0.2,normalized,touching,22,13,11,15,15,1.0677326635965334,1.058839706909912,1.0089079372595926,1.2492166009897967
mass_log|mean|all|tol0.10,mass_log,mean,all,0.1,normalized,touching,22,22,22,17,4,1.5712847334080726,1.5433606828719035,1.0194939965638623,1.3531993660800026
mass_log|mean|both_nonzero|tol0.10,mass_log,mean,both_nonzero,0.1,normalized,touching,22,4,4,17,18,0.9762238595102162,0.9608539089848729,1.01739020415856,1.2257516761723837
mass_log|mean|high_contact|tol0.10,mass_log,mean,high_contact,0.1,normalized,touching,22,2,3,12,16,0.8145828417555567,0.8075273405286414,1.0105585959902126,1.0265750957914783
mass_log|mean|both_hard|tol0.10,mass_log,mean,both_hard,0.1,normalized,touching,22,2,2,16,13,0.8788714363211056,0.8621219664810649,1.0209414563719454,1.206373072143039
mass_log|median|all|tol0.10,mass_log,median,all,0.1,normalized,touching,22,21,21,17,10,1.4832970712316225,1.4341095952524714,1.0337130532535423,1.5727587768966593
mass_log|median|both_nonzero|tol0.10,mass_log,median,both_nonzero,0.1,normalized,touching,22,1,1,16,16,0.8874098498293267,0.8674699028711693,1.0253105002902763,1.4679493773930183
mass_log|median|high_contact|tol0.10,mass_log,median,high_contact,0.1,normalized,touching,22,2,4,13,14,0.7808675094351591,0.770907240096862,1.020753224009746,1.0790627002461821
mass_log|median|both_hard|tol0.10,mass_log,median,both_hard,0.1,normalized,touching,22,2,1,15,14,0.8118932909113652,0.7921948806703731,1.0271268877860813,1.4251442917705697
mass_log|mean|all|tol0.05,mass_log,mean,all,0.05,normalized,touching,22,22,22,19,6,1.6589396351407202,1.6136849533421667,1.025011995205991,1.3663651176594682
mass_log|mean|all|tol0.20,mass_log,mean,all,0.2,normalized,touching,22,22,22,12,7,1.50056160753506,1.4968534849780655,1.0031836838654626,1.3355186927685665
pattern_L2|mean|all|tol0.10,pattern_L2,mean,all,0.1,normalized,touching,22,6,6,16,17,0.9405823644820082,0.9310801494296531,1.0110327517782915,1.1798041077911796
pattern_L2|mean|both_nonzero|tol0.10,pattern_L2,mean,both_nonzero,0.1,normalized,touching,22,6,6,16,17,0.9405823644820082,0.9310801494296531,1.0110327517782915,1.1798041077911796
pattern_L2|mean|high_contact|tol0.10,pattern_L2,mean,high_contact,0.1,normalized,touching,22,3,3,16,11,0.8590077456110702,0.8490639285047411,1.0134460242226433,1.1455777570919163
pattern_L2|mean|both_hard|tol0.10,pattern_L2,mean,both_hard,0.1,normalized,touching,22,4,3,15,16,0.9257377741929596,0.9150343831815331,1.012807948626311,1.1931948824257437
pattern_L2|median|all|tol0.10,pattern_L2,median,all,0.1,normalized,touching,22,6,6,16,16,0.9078587388934491,0.8970264672267221,1.013674140096466,1.261438898010924
pattern_L2|median|both_nonzero|tol0.10,pattern_L2,median,both_nonzero,0.1,normalized,touching,22,6,6,16,16,0.9078587388934491,0.8970264672267221,1.013674140096466,1.261438898010924
pattern_L2|median|high_contact|tol0.10,pattern_L2,median,high_contact,0.1,normalized,touching,22,3,3,14,13,0.8404915211698193,0.83634577668136,1.0086661698029784,1.1682852071063945
pattern_L2|median|both_hard|tol0.10,pattern_L2,median,both_hard,0.1,normalized,touching,22,5,4,16,16,0.8914157524645467,0.877275709552605,1.0180340658331573,1.2746957194087347
pattern_L2|mean|all|tol0.05,pattern_L2,mean,all,0.05,normalized,touching,22,6,6,18,17,0.9409168922275118,0.9317709315171308,1.0092480481407904,1.1795184895984354
pattern_L2|mean|all|tol0.20,pattern_L2,mean,all,0.2,normalized,touching,22,6,5,16,17,0.938010925184154,0.9301591953975127,1.0085940533879942,1.176994798263059
pattern_L1|mean|all|tol0.10,pattern_L1,mean,all,0.1,normalized,touching,22,4,4,16,18,0.9250037429024416,0.9156085620270923,1.0108834302254588,1.225384130821472
pattern_L1|mean|both_nonzero|tol0.10,pattern_L1,mean,both_nonzero,0.1,normalized,touching,22,4,4,16,18,0.9250037429024416,0.9156085620270923,1.0108834302254588,1.225384130821472
pattern_L1|mean|high_contact|tol0.10,pattern_L1,mean,high_contact,0.1,normalized,touching,22,3,3,16,13,0.8317578225997116,0.8233710209503294,1.012264380508241,1.1525399596061223
pattern_L1|mean|both_hard|tol0.10,pattern_L1,mean,both_hard,0.1,normalized,touching,22,4,4,15,17,0.9146611870350589,0.9045357879409615,1.012022014071845,1.2387799872338854
pattern_L1|median|all|tol0.10,pattern_L1,median,all,0.1,normalized,touching,22,3,3,13,15,0.8652150538691061,0.8533106813567733,1.0162730746818527,1.3196313480436654
pattern_L1|median|both_nonzero|tol0.10,pattern_L1,median,both_nonzero,0.1,normalized,touching,22,3,3,13,15,0.8652150538691061,0.8533106813567733,1.0162730746818527,1.3196313480436654
pattern_L1|median|high_contact|tol0.10,pattern_L1,median,high_contact,0.1,normalized,touching,22,4,3,14,12,0.7947610084781062,0.7909017904354958,1.0090529957445038,1.2040722278457352
pattern_L1|median|both_hard|tol0.10,pattern_L1,median,both_hard,0.1,normalized,touching,22,3,3,15,15,0.8586420818051476,0.8438006005959043,1.0200623924901597,1.3416067164874743
pattern_L1|mean|all|tol0.05,pattern_L1,mean,all,0.05,normalized,touching,22,4,5,19,17,0.927681036088762,0.9178105230183893,1.0101744813718225,1.226702259501536
pattern_L1|mean|all|tol0.20,pattern_L1,mean,all,0.2,normalized,touching,22,4,4,18,18,0.9221841108513253,0.9134685228476037,1.009531343332286,1.2223705378137029
pattern_cos|mean|all|tol0.10,pattern_cos,mean,all,0.1,normalized,touching,22,4,5,16,14,0.9189686985642163,0.9061925948322418,1.014929962633756,1.3431437618436948
pattern_cos|mean|both_nonzero|tol0.10,pattern_cos,mean,both_nonzero,0.1,normalized,touching,22,4,5,16,14,0.9189686985642163,0.9061925948322418,1.014929962633756,1.3431437618436948
pattern_cos|mean|high_contact|tol0.10,pattern_cos,mean,high_contact,0.1,normalized,touching,22,3,3,16,10,0.7908967959538569,0.7808781704920927,1.0164396250177539,1.2177839235451746
pattern_cos|mean|both_hard|tol0.10,pattern_cos,mean,both_hard,0.1,normalized,touching,22,4,4,15,14,0.9074232348543151,0.8948388560259837,1.0158118313341586,1.375415865888337
pattern_cos|median|all|tol0.10,pattern_cos,median,all,0.1,normalized,touching,22,3,4,15,13,0.806892009270937,0.7881484251268168,1.0330169167041077,1.889312131167002
pattern_cos|median|both_nonzero|tol0.10,pattern_cos,median,both_nonzero,0.1,normalized,touching,22,3,4,15,13,0.806892009270937,0.7881484251268168,1.0330169167041077,1.889312131167002
pattern_cos|median|high_contact|tol0.10,pattern_cos,median,high_contact,0.1,normalized,touching,22,3,3,13,10,0.7067442665910728,0.6993259331570858,1.020757142166344,1.433042469935993
pattern_cos|median|both_hard|tol0.10,pattern_cos,median,both_hard,0.1,normalized,touching,22,3,3,17,14,0.8044311049498117,0.7721174261034885,1.0567283131384786,2.0694077509535735
pattern_cos|mean|all|tol0.05,pattern_cos,mean,all,0.05,normalized,touching,22,5,5,19,14,0.9231379665808856,0.9091542841271271,1.0137844676711982,1.346897697888103
pattern_cos|mean|all|tol0.20,pattern_cos,mean,all,0.2,normalized,touching,22,5,4,18,14,0.9166738969567748,0.9047329475486308,1.0131082346692848,1.3413310048475626
centroid|mean|all|tol0.10,centroid,mean,all,0.1,normalized,touching,22,3,4,16,9,0.9092242241678655,0.8969065680736326,1.0146439828543412,1.2989320311089254
centroid|mean|both_nonzero|tol0.10,centroid,mean,both_nonzero,0.1,normalized,touching,22,3,4,16,9,0.9092242241678655,0.8969065680736326,1.0146439828543412,1.2989320311089254
centroid|mean|high_contact|tol0.10,centroid,mean,high_contact,0.1,normalized,touching,22,3,3,12,9,0.7895171005318748,0.7847777988573091,1.009846206069724,1.197598333663662
centroid|mean|both_hard|tol0.10,centroid,mean,both_hard,0.1,normalized,touching,22,5,3,16,8,0.8960018255558327,0.8837179610921416,1.0153126565722692,1.3171488891434553
centroid|median|all|tol0.10,centroid,median,all,0.1,normalized,touching,22,2,2,15,8,0.7801980282457346,0.7632503087692813,1.0257656659067094,1.473660601412477
centroid|median|both_nonzero|tol0.10,centroid,median,both_nonzero,0.1,normalized,touching,22,2,2,15,8,0.7801980282457346,0.7632503087692813,1.0257656659067094,1.473660601412477
centroid|median|high_contact|tol0.10,centroid,median,high_contact,0.1,normalized,touching,22,3,3,14,10,0.6918664483715795,0.6862098369109586,1.0176432894752256,1.2639794837670386
centroid|median|both_hard|tol0.10,centroid,median,both_hard,0.1,normalized,touching,22,2,2,15,8,0.7738378736633174,0.7528577285106514,1.0313825897883193,1.5149853172763488
centroid|mean|all|tol0.05,centroid,mean,all,0.05,normalized,touching,22,3,3,17,9,0.9120455413693772,0.9011717830102814,1.011746764451113,1.3007564093182937
centroid|mean|all|tol0.20,centroid,mean,all,0.2,normalized,touching,22,3,3,17,8,0.9047748389974596,0.8949015083643832,1.010647130655841,1.2946303868747957
raw|mean|all|tol0.10|ALLWINDOWS,raw,mean,all,0.1,normalized,all,22,4,4,16,16,0.941486304813236,0.9354798675550431,1.0063777272283856,1.174255068306473
mass_abs|mean|all|tol0.10|ALLWINDOWS,mass_abs,mean,all,0.1,normalized,all,22,17,16,14,13,1.1101267610979126,1.1026675720475598,1.0067462395400113,1.2633315641769889
pattern_L2|mean|all|tol0.10|ALLWINDOWS,pattern_L2,mean,all,0.1,normalized,all,22,6,6,19,17,0.929208908034003,0.9214972097279298,1.00970304958724,1.1629105484301476
centroid|mean|all|tol0.10|ALLWINDOWS,centroid,mean,all,0.1,normalized,all,22,4,4,18,9,0.9023658963543698,0.8934042255464018,1.011874472870742,1.2790370557917492
