dataset,source,protocol,model,metric,value,ci_lo,ci_hi,seed_std,n_seeds
taco,"future (fixed s_0, stochastic futures)",A,S0,D_C,1.2508388988045982,1.2339281357275966,1.2661790326999838,0.036157100970873726,3
taco,"future (fixed s_0, stochastic futures)",A,S0,D_part,0.033727524459026006,0.031031204697661754,0.036275211306289294,0.0005686660378345109,3
taco,"future (fixed s_0, stochastic futures)",A,S0,D_amount,0.10504574607716595,0.10100973661901141,0.10899169399326561,0.000825682610204482,3
taco,"future (fixed s_0, stochastic futures)",A,S0,D_centroid,0.02497057630036592,0.02259850164631335,0.027265973348101467,0.00035972678293049815,3
taco,"future (fixed s_0, stochastic futures)",A,S0,D_normal,5.8261806807948116,5.397620527622567,6.278498403878219,0.21556306896208796,3
taco,"future (fixed s_0, stochastic futures)",A,S0,D_q,0.10723692571806757,0.09393027746775189,0.12086685549021728,0.002813838771936699,3
taco,"future (fixed s_0, stochastic futures)",A,S0,D_Z,0.8167840026373611,0.7826796289491084,0.8510034511584601,0.0070451326151578526,3
taco,"future (fixed s_0, stochastic futures)",A,S1,D_C,1.3469111299340106,1.3338955109471022,1.3603163111932748,0.027014039982726074,3
taco,"future (fixed s_0, stochastic futures)",A,S1,D_part,0.04089008651531153,0.03848112126471137,0.043250857374775645,0.0011761223141873618,3
taco,"future (fixed s_0, stochastic futures)",A,S1,D_amount,0.09742633832768696,0.0936403245470415,0.10104477434415413,0.0024097236735035324,3
taco,"future (fixed s_0, stochastic futures)",A,S1,D_centroid,0.026430640163581525,0.024259857699687436,0.028573928623572383,0.0013727247089888952,3
taco,"future (fixed s_0, stochastic futures)",A,S1,D_normal,6.463088596707053,5.9611662762449455,6.9692383483065665,0.16915714583877126,3
taco,"future (fixed s_0, stochastic futures)",A,S1,D_q,0.12980221674199058,0.11822331753601223,0.14170939000273886,0.0043251776461534315,3
taco,"future (fixed s_0, stochastic futures)",A,S1,D_Z,0.8706161292617792,0.8412373491874284,0.9003461261534824,0.018399499908903383,3
taco,"future (fixed s_0, stochastic futures)",A,S2,D_C,2.175537449754638,2.1697529324200535,2.1814058559115574,0.013807324222298183,3
taco,"future (fixed s_0, stochastic futures)",A,S2,D_part,0.03442599305372614,0.032281463669465854,0.036811767601535816,0.0009683127744626811,3
taco,"future (fixed s_0, stochastic futures)",A,S2,D_amount,0.07945912184821434,0.07658915741133324,0.08225013277098787,0.0010594169744799155,3
taco,"future (fixed s_0, stochastic futures)",A,S2,D_centroid,0.027712871128225854,0.02535217828132306,0.030217750732346227,0.00040147284761210566,3
taco,"future (fixed s_0, stochastic futures)",A,S2,D_normal,7.217508493803251,6.597254458133901,7.897312417474385,0.18997245210598213,3
taco,"future (fixed s_0, stochastic futures)",A,S2,D_q,0.11182278334508064,0.10021808740959225,0.12402832172015256,0.0019902602039797122,3
taco,"future (fixed s_0, stochastic futures)",A,S2,D_Z,0.8012652205091801,0.770069408238282,0.8333900181560456,0.013454363279092137,3
taco,"initial, no evolution (sampled s_0 held)",B,PERSIST,D_C,1.952363595366478,1.8734131503318037,2.0372520247141925,0.0,1
taco,"initial, no evolution (sampled s_0 held)",B,PERSIST,D_part,0.20913303097976105,0.2009090998974953,0.21800347618887508,0.0,1
taco,"initial, no evolution (sampled s_0 held)",B,PERSIST,D_amount,0.24817618629434607,0.23566125777436692,0.2630555224644168,0.0,1
taco,"initial, no evolution (sampled s_0 held)",B,PERSIST,D_centroid,0.09103826736515787,0.07893795864948672,0.10459049941162599,0.0,1
taco,"initial, no evolution (sampled s_0 held)",B,PERSIST,D_normal,11.765986729147178,10.766944374789386,12.919014678322224,0.0,1
taco,"initial, no evolution (sampled s_0 held)",B,PERSIST,D_q,0.42746431352915587,0.4012305846540665,0.4530942122372829,0.0,1
taco,"initial, no evolution (sampled s_0 held)",B,PERSIST,D_Z,2.3742602820416074,2.2916567177970264,2.4630584187028086,0.0,1
taco,"initial (sampled s_0, one future each)",B,D0,D_C,1.6478485369802396,1.559333850665779,1.7386211953699775,0.005009205683975118,3
taco,"initial (sampled s_0, one future each)",B,D0,D_part,0.10785908595063544,0.09932935540845535,0.11612511668300042,0.0006417806352074356,3
taco,"initial (sampled s_0, one future each)",B,D0,D_amount,0.21652945362017814,0.20180972607617098,0.23207554565964353,0.0008095423774434414,3
taco,"initial (sampled s_0, one future each)",B,D0,D_centroid,0.11127209764532255,0.09694926552638009,0.1272809454542779,0.0011040245121750974,3
taco,"initial (sampled s_0, one future each)",B,D0,D_normal,12.119152213982394,10.881855279700849,13.453222636747126,0.05209618944948172,3
taco,"initial (sampled s_0, one future each)",B,D0,D_q,0.2732643526535304,0.2539530126814903,0.2906245011474667,0.0023492049558401606,3
taco,"initial (sampled s_0, one future each)",B,D0,D_Z,1.6284383936843154,1.5351277625565987,1.7233437118014758,0.008035137503265354,3
taco,"initial (sampled s_0, one future each)",B,D1,D_C,1.6081758124051075,1.5242820478503794,1.6964494837345656,0.01670657042052173,3
taco,"initial (sampled s_0, one future each)",B,D1,D_part,0.10799862157306957,0.09998509797455404,0.11608807655835214,0.0006350085963363839,3
taco,"initial (sampled s_0, one future each)",B,D1,D_amount,0.21083603184431407,0.19666743902287737,0.22572877387102702,0.0016201762788042267,3
taco,"initial (sampled s_0, one future each)",B,D1,D_centroid,0.1097007651829506,0.09527049625646522,0.12613192566805112,0.003855747347898415,3
taco,"initial (sampled s_0, one future each)",B,D1,D_normal,12.318440277433883,11.132181348758186,13.519549632682041,0.27749569226042237,3
taco,"initial (sampled s_0, one future each)",B,D1,D_q,0.29311535605251937,0.27405258208302835,0.3122719450135163,0.00044389152390619774,3
taco,"initial (sampled s_0, one future each)",B,D1,D_Z,1.6162005716272978,1.5234732972926384,1.7120279596037735,0.006858722499972395,3
taco,"initial (sampled s_0, one future each)",B,D2,D_C,1.5813774076246079,1.503430476017781,1.6636166997896236,0.004044132091155744,3
taco,"initial (sampled s_0, one future each)",B,D2,D_part,0.11110019884739607,0.10235691455712732,0.11987282153907536,0.0008624976287551156,3
taco,"initial (sampled s_0, one future each)",B,D2,D_amount,0.20503130370252956,0.1919886678289563,0.21896600320041068,0.0010446168586553785,3
taco,"initial (sampled s_0, one future each)",B,D2,D_centroid,0.10379926782754258,0.08873952913375187,0.1203821134050446,0.0023000823027842536,3
taco,"initial (sampled s_0, one future each)",B,D2,D_normal,12.307850599249708,11.04026067661205,13.573904366693514,0.23261363625858691,3
taco,"initial (sampled s_0, one future each)",B,D2,D_q,0.31481156568112856,0.29279769822238794,0.3343728704728269,0.004742243446242299,3
taco,"initial (sampled s_0, one future each)",B,D2,D_Z,1.6351240354525303,1.541112391985926,1.7303842859204213,0.011433223523800818,3
taco,"initial + future (sampled s_0, one stochastic future each)",B,S0,D_C,2.306708192541486,2.2182865436699886,2.4022277587822343,0.01140440095192541,3
taco,"initial + future (sampled s_0, one stochastic future each)",B,S0,D_part,0.12042114355954454,0.11230273757980794,0.12891594271493417,0.0011056865117569422,3
taco,"initial + future (sampled s_0, one stochastic future each)",B,S0,D_amount,0.26765287827168194,0.2519481100409208,0.28454145877335146,0.003875014944459801,3
taco,"initial + future (sampled s_0, one stochastic future each)",B,S0,D_centroid,0.13531327630228393,0.11846263950562597,0.15266187247289068,0.005573228455843859,3
taco,"initial + future (sampled s_0, one stochastic future each)",B,S0,D_normal,14.15639614599037,12.911253684459862,15.504397816432945,0.3023793513437779,3
taco,"initial + future (sampled s_0, one stochastic future each)",B,S0,D_q,0.278379836408303,0.2585487159401365,0.2962005975192884,0.0033844431315044774,3
taco,"initial + future (sampled s_0, one stochastic future each)",B,S0,D_Z,1.878266079412712,1.786434138686444,1.974705939623968,0.016402612103352178,3
taco,"initial + future (sampled s_0, one stochastic future each)",B,S1,D_C,2.260256482895477,2.1840794404138806,2.3396809422246627,0.007101623400337115,3
taco,"initial + future (sampled s_0, one stochastic future each)",B,S1,D_part,0.12691444402770394,0.11928597886817564,0.13518480102513317,0.00040268888112083423,3
taco,"initial + future (sampled s_0, one stochastic future each)",B,S1,D_amount,0.2484487333154176,0.23477781289201038,0.26318576635042207,0.001169090591134644,3
taco,"initial + future (sampled s_0, one stochastic future each)",B,S1,D_centroid,0.12735302796699924,0.11214171197975487,0.14418610541571464,0.002729340630192701,3
taco,"initial + future (sampled s_0, one stochastic future each)",B,S1,D_normal,14.204093549639367,13.045164698802996,15.541609942952851,0.10404526249162797,3
taco,"initial + future (sampled s_0, one stochastic future each)",B,S1,D_q,0.33524437421909553,0.31394014186220537,0.3545711539886338,0.004452110334996211,3
taco,"initial + future (sampled s_0, one stochastic future each)",B,S1,D_Z,1.8839956628015408,1.7979452940927407,1.9706666801408168,0.008132816535976908,3
taco,"initial + future (sampled s_0, one stochastic future each)",B,S2,D_C,2.806013455321064,2.7482861289124676,2.86629078096195,0.009270104093726087,3
taco,"initial + future (sampled s_0, one stochastic future each)",B,S2,D_part,0.11735184079303913,0.10969706737400985,0.12557844119422437,0.000866814783650732,3
taco,"initial + future (sampled s_0, one stochastic future each)",B,S2,D_amount,0.21484963585632844,0.2031070065210406,0.2279918522594234,0.0009122471576337578,3
taco,"initial + future (sampled s_0, one stochastic future each)",B,S2,D_centroid,0.134741199752237,0.11777571583553909,0.15259906070383247,0.0015727990996459698,3
taco,"initial + future (sampled s_0, one stochastic future each)",B,S2,D_normal,15.430155841490397,14.114875830766314,16.822403712071075,0.2065100161020023,3
taco,"initial + future (sampled s_0, one stochastic future each)",B,S2,D_q,0.2907061984095677,0.27313911332054097,0.30850227268465963,0.004979945471265679,3
taco,"initial + future (sampled s_0, one stochastic future each)",B,S2,D_Z,1.7831012266841564,1.6998494653075311,1.8717766455936862,0.012772208615629055,3
arctic,"future (fixed s_0, stochastic futures)",A,S0,D_C,1.796772906216242,1.7244106540300328,1.8726281048163798,0.02822867627985292,3
arctic,"future (fixed s_0, stochastic futures)",A,S0,D_part,0.06179414447540948,0.05397611671237446,0.07117777034620355,0.002479583647239406,3
arctic,"future (fixed s_0, stochastic futures)",A,S0,D_amount,0.17846837343387706,0.1503925082184653,0.20495537409697903,0.00596387146863303,3
arctic,"future (fixed s_0, stochastic futures)",A,S0,D_centroid,0.05552861519860134,0.04731265644470697,0.06468464535714467,0.0013202116770496869,3
arctic,"future (fixed s_0, stochastic futures)",A,S0,D_normal,9.107409542740244,7.867863148042392,10.241001791411856,0.19416268173942938,3
arctic,"future (fixed s_0, stochastic futures)",A,S0,D_q,0.1755378953893197,0.14366111085417682,0.20777242864060955,0.004699583629485874,3
arctic,"future (fixed s_0, stochastic futures)",A,S0,D_Z,1.1516761897819443,1.0622553794993748,1.2499582338619184,0.024985407416087346,3
arctic,"future (fixed s_0, stochastic futures)",A,S1,D_C,1.8466656037128955,1.7791255419092882,1.9201068618886836,0.011460637822541066,3
arctic,"future (fixed s_0, stochastic futures)",A,S1,D_part,0.06503501778902857,0.05644898222562423,0.07448049769954716,0.0022803100451244526,3
arctic,"future (fixed s_0, stochastic futures)",A,S1,D_amount,0.17012043831048793,0.14363564669756787,0.19680083121279685,0.004473310740144572,3
arctic,"future (fixed s_0, stochastic futures)",A,S1,D_centroid,0.05767190278971762,0.04946232678181656,0.06672199304937425,0.0008308620736018207,3
arctic,"future (fixed s_0, stochastic futures)",A,S1,D_normal,9.93749555098861,8.68864712341855,11.120102630445754,0.0844495857546933,3
arctic,"future (fixed s_0, stochastic futures)",A,S1,D_q,0.21899999922016583,0.1730446919323891,0.26758126854053227,0.009367060122134821,3
arctic,"future (fixed s_0, stochastic futures)",A,S1,D_Z,1.170422362837954,1.0680874847032207,1.284733849962446,0.01926444566363127,3
arctic,"future (fixed s_0, stochastic futures)",A,S2,D_C,2.781976927138571,2.7218123674144348,2.850106187024537,0.13008792082615864,3
arctic,"future (fixed s_0, stochastic futures)",A,S2,D_part,0.05413293144640623,0.04655879972393611,0.06351502173205793,0.0007537691109731689,3
arctic,"future (fixed s_0, stochastic futures)",A,S2,D_amount,0.13949691864084385,0.11878775824167724,0.1606166198813426,0.0065351723754667225,3
arctic,"future (fixed s_0, stochastic futures)",A,S2,D_centroid,0.06505024500565075,0.056172731578406354,0.07429801045599324,0.00218746759219525,3
arctic,"future (fixed s_0, stochastic futures)",A,S2,D_normal,10.844232116335181,9.302169808206243,12.310473965315875,0.28166904714561497,3
arctic,"future (fixed s_0, stochastic futures)",A,S2,D_q,0.16062644799785303,0.13134625751597348,0.19202929800791246,0.004021835567176414,3
arctic,"future (fixed s_0, stochastic futures)",A,S2,D_Z,1.095714718797728,0.9839854642985795,1.2079881622295452,0.023823549878041007,3
arctic,"initial, no evolution (sampled s_0 held)",B,PERSIST,D_C,2.039817617144636,1.7485445376608324,2.297632376991373,0.0,1
arctic,"initial, no evolution (sampled s_0 held)",B,PERSIST,D_part,0.11235999205820663,0.08796310407259707,0.13646362061931555,0.0,1
arctic,"initial, no evolution (sampled s_0 held)",B,PERSIST,D_amount,0.3438840718959929,0.2704450379012859,0.4052773546129942,0.0,1
arctic,"initial, no evolution (sampled s_0 held)",B,PERSIST,D_centroid,0.13521744262771956,0.08327433201163591,0.19622855383957236,0.0,1
arctic,"initial, no evolution (sampled s_0 held)",B,PERSIST,D_normal,9.70015972582323,5.949011405621644,13.954057111155281,0.0,1
arctic,"initial, no evolution (sampled s_0 held)",B,PERSIST,D_q,0.44000771418213847,0.3904209624281661,0.49538628145224517,0.0,1
arctic,"initial, no evolution (sampled s_0 held)",B,PERSIST,D_Z,1.7541954679995455,1.4396704589210556,2.054115904185429,0.0,1
arctic,"initial (sampled s_0, one future each)",B,D0,D_C,2.7281750326835983,2.3998349203994107,3.067296259242669,0.03991536531516143,3
arctic,"initial (sampled s_0, one future each)",B,D0,D_part,0.1936729496935763,0.16670408206904885,0.21869322077946823,0.002696526363410396,3
arctic,"initial (sampled s_0, one future each)",B,D0,D_amount,0.45907841720301196,0.3816174148089116,0.5318756660385674,0.006671203753821575,3
arctic,"initial (sampled s_0, one future each)",B,D0,D_centroid,0.307751409264238,0.24481221285905938,0.37558264106928735,0.013552784265436461,3
arctic,"initial (sampled s_0, one future each)",B,D0,D_normal,23.650509197708875,19.071006520548764,28.297111226125747,1.2888721787295914,3
arctic,"initial (sampled s_0, one future each)",B,D0,D_q,0.5535802838149115,0.5093117209860134,0.6019465471649734,0.0034610194723852915,3
arctic,"initial (sampled s_0, one future each)",B,D0,D_Z,2.4830610616980486,2.2504268272173626,2.736657364471512,0.029472506470253197,3
arctic,"initial (sampled s_0, one future each)",B,D1,D_C,2.6539572614068203,2.3348701856546707,2.9844129874836414,0.046645005328254864,3
arctic,"initial (sampled s_0, one future each)",B,D1,D_part,0.19170473485360567,0.16462875741982225,0.21703421342446105,0.0031822177045015988,3
arctic,"initial (sampled s_0, one future each)",B,D1,D_amount,0.4487972303483916,0.3741390473002264,0.5210557453261999,0.008747638311092399,3
arctic,"initial (sampled s_0, one future each)",B,D1,D_centroid,0.30159294253255253,0.23862099000714282,0.3709490564208981,0.01653563484665556,3
arctic,"initial (sampled s_0, one future each)",B,D1,D_normal,23.35156445543692,19.007439749132093,27.80684475695308,1.4254451659096568,3
arctic,"initial (sampled s_0, one future each)",B,D1,D_q,0.5730123538158687,0.5348877538557406,0.6161228400936986,0.005227051970746266,3
arctic,"initial (sampled s_0, one future each)",B,D1,D_Z,2.4524607669869205,2.225537208256356,2.702952591381195,0.03670195748636714,3
arctic,"initial (sampled s_0, one future each)",B,D2,D_C,2.4027011617751106,2.1115854029087378,2.70400384026192,0.0073829483924478245,3
arctic,"initial (sampled s_0, one future each)",B,D2,D_part,0.1793291865185397,0.15137399149260175,0.20636886905357882,0.0010426855971442412,3
arctic,"initial (sampled s_0, one future each)",B,D2,D_amount,0.4009016292456765,0.3345027306677685,0.46328154471149774,0.0004929423020023666,3
arctic,"initial (sampled s_0, one future each)",B,D2,D_centroid,0.24966820513854987,0.18282288337182476,0.326083244142895,0.002116692393852373,3
arctic,"initial (sampled s_0, one future each)",B,D2,D_normal,18.898718404523546,14.498577400564493,23.549525322903843,0.2930788883761902,3
arctic,"initial (sampled s_0, one future each)",B,D2,D_q,0.548095771111548,0.5097059481219041,0.5866667094413763,0.0073595311541858185,3
arctic,"initial (sampled s_0, one future each)",B,D2,D_Z,2.3166425798528936,2.069755143860036,2.5839667708561356,0.01047781235640952,3
arctic,"initial + future (sampled s_0, one stochastic future each)",B,S0,D_C,3.5985399676907446,3.248420788365289,3.9439685513330125,0.014672927204085601,3
arctic,"initial + future (sampled s_0, one stochastic future each)",B,S0,D_part,0.22022124256197645,0.1932609450585391,0.2463257231418279,0.0008230668369651768,3
arctic,"initial + future (sampled s_0, one stochastic future each)",B,S0,D_amount,0.5605452805356954,0.46395153376881243,0.6504028253402215,0.005160497492920345,3
arctic,"initial + future (sampled s_0, one stochastic future each)",B,S0,D_centroid,0.32788545626305765,0.26804529871474647,0.38923439563319634,0.0015252407019493667,3
arctic,"initial + future (sampled s_0, one stochastic future each)",B,S0,D_normal,25.732374220979686,21.219749191318765,30.223816424529627,0.08317626328910564,3
arctic,"initial + future (sampled s_0, one stochastic future each)",B,S0,D_q,0.5576570545302496,0.5216476098006292,0.5977226564086469,0.005642312481556591,3
arctic,"initial + future (sampled s_0, one stochastic future each)",B,S0,D_Z,2.829104045092205,2.61687196682241,3.047666813095669,0.020444732247087986,3
arctic,"initial + future (sampled s_0, one stochastic future each)",B,S1,D_C,3.442960039475486,3.131310849588068,3.761493366388783,0.007481102760419313,3
arctic,"initial + future (sampled s_0, one stochastic future each)",B,S1,D_part,0.21116992259918843,0.18216785762170085,0.237811453511853,0.001490920840375713,3
arctic,"initial + future (sampled s_0, one stochastic future each)",B,S1,D_amount,0.5188407666620708,0.43329587702594646,0.6015461275888737,0.0027311792952121744,3
arctic,"initial + future (sampled s_0, one stochastic future each)",B,S1,D_centroid,0.3182903103225599,0.2581425276058539,0.3808271493004529,0.001140723051291914,3
arctic,"initial + future (sampled s_0, one stochastic future each)",B,S1,D_normal,25.33377680834049,20.688237530386804,29.871656717773885,0.30256103939370815,3
arctic,"initial + future (sampled s_0, one stochastic future each)",B,S1,D_q,0.5947775892949335,0.5577335962915505,0.6296065215707696,0.002403920565215858,3
arctic,"initial + future (sampled s_0, one stochastic future each)",B,S1,D_Z,2.6885244298365807,2.462625740059428,2.9210884091415537,0.010662476399163463,3
arctic,"initial + future (sampled s_0, one stochastic future each)",B,S2,D_C,4.116459449986831,3.8259961562919838,4.421431045419737,0.10077732845388795,3
arctic,"initial + future (sampled s_0, one stochastic future each)",B,S2,D_part,0.2156790419344834,0.18816593928444467,0.24148248801386843,0.0010412577276212428,3
arctic,"initial + future (sampled s_0, one stochastic future each)",B,S2,D_amount,0.48535061004074237,0.4014890011838459,0.5635536559514993,0.004430722980119878,3
arctic,"initial + future (sampled s_0, one stochastic future each)",B,S2,D_centroid,0.3555112656265978,0.2960842501873301,0.41678265637874123,0.006301892821113533,3
arctic,"initial + future (sampled s_0, one stochastic future each)",B,S2,D_normal,28.701229482141443,23.491434060294317,33.49322917794726,0.4813997697133474,3
arctic,"initial + future (sampled s_0, one stochastic future each)",B,S2,D_q,0.5498151578385421,0.5136791310792903,0.5833771988379396,0.006672816635111546,3
arctic,"initial + future (sampled s_0, one stochastic future each)",B,S2,D_Z,2.721026349959621,2.4941325492159563,2.9543426631146437,0.02710511316205066,3
