dataset,class_report,metric,spearman_with_dC,n
arctic,persistent_mixed,rel_change_Q,0.517920662629922,118
arctic,persistent_mixed,R_pre_to_post,-0.5419996895751639,118
arctic,persistent_mixed,l1_rel_distance,0.5476119174049915,118
arctic,persistent_mixed,cosine,-0.4709113352664908,118
arctic,persistent_mixed,strict_rel_change_Q,0.3367711534293169,118
arctic,persistent_spatial,rel_change_Q,0.5521367521367521,26
arctic,persistent_spatial,R_pre_to_post,-0.5952136752136752,26
arctic,persistent_spatial,l1_rel_distance,0.39965811965811965,26
arctic,persistent_spatial,cosine,-0.40786324786324785,26
arctic,persistent_spatial,strict_rel_change_Q,0.43360395174503275,26
taco,persistent_mixed,rel_change_Q,0.3989197983633331,435
taco,persistent_mixed,R_pre_to_post,-0.45313477563854226,435
taco,persistent_mixed,l1_rel_distance,0.47745167466242333,435
taco,persistent_mixed,cosine,-0.43582422140233773,435
taco,persistent_mixed,strict_rel_change_Q,0.26592328849847524,435
taco,persistent_spatial,rel_change_Q,0.18719978350585212,119
taco,persistent_spatial,R_pre_to_post,-0.2738045641809009,119
taco,persistent_spatial,l1_rel_distance,0.3091201720558755,119
taco,persistent_spatial,cosine,-0.3016283350959091,119
taco,persistent_spatial,strict_rel_change_Q,0.04117115491772444,119
