dataset,class_report,n_events,n_fingers_pre_mean,n_fingers_post_mean,n_patches_pre_mean,n_patches_post_mean,frac_same_finger_set,n_slid_mean,n_appeared_mean,n_disappeared_mean,palm_stable,palm_slid,palm_appeared,palm_disappeared,palm_absent,palm_present_pre,palm_present_post,thumb_stable,thumb_slid,thumb_appeared,thumb_disappeared,thumb_absent,thumb_present_pre,thumb_present_post,index_stable,index_slid,index_appeared,index_disappeared,index_absent,index_present_pre,index_present_post,middle_stable,middle_slid,middle_appeared,middle_disappeared,middle_absent,middle_present_pre,middle_present_post,ring_stable,ring_slid,ring_appeared,ring_disappeared,ring_absent,ring_present_pre,ring_present_post,little_stable,little_slid,little_appeared,little_disappeared,little_absent,little_present_pre,little_present_post,n_events_changed0,median_abs_rel_change_Q_changed0,median_retention_changed0,n_events_changed1,median_abs_rel_change_Q_changed1,median_retention_changed1,n_events_changed2plus,median_abs_rel_change_Q_changed2plus,median_retention_changed2plus
arctic,amount,40,1.45,2.275,1.525,2.775,0.225,0.225,0.85,0.025,0.0,0.05,0.075,0.0,0.875,0.05,0.125,0.125,0.1,0.2,0.0,0.575,0.225,0.425,0.5,0.075,0.1,0.025,0.3,0.6,0.675,0.3,0.0,0.275,0.0,0.425,0.3,0.575,0.175,0.0,0.125,0.0,0.7,0.175,0.3,0.1,0.0,0.075,0.0,0.825,0.1,0.175,17,0.0,0.8375707651691848,9,0.5167201921570276,0.6420705008974333,14,1.4897318587250934,0.43394091889086295
arctic,onset,19,0.42105263157894735,2.473684210526316,0.5789473684210527,2.789473684210526,0.0,0.3157894736842105,2.1578947368421053,0.10526315789473684,0.0,0.0,0.15789473684210525,0.05263157894736842,0.7894736842105263,0.05263157894736842,0.15789473684210525,0.0,0.0,0.7368421052631579,0.05263157894736842,0.21052631578947367,0.05263157894736842,0.7368421052631579,0.0,0.10526315789473684,0.631578947368421,0.0,0.2631578947368421,0.10526315789473684,0.7368421052631579,0.0,0.10526315789473684,0.3157894736842105,0.0,0.5789473684210527,0.10526315789473684,0.42105263157894735,0.0,0.05263157894736842,0.15789473684210525,0.0,0.7894736842105263,0.05263157894736842,0.21052631578947367,0.0,0.05263157894736842,0.15789473684210525,0.0,0.7894736842105263,0.05263157894736842,0.21052631578947367,0,,,8,414304229.6823267,0.0,11,977174399.0016252,0.0
arctic,persistent_mixed,118,2.610169491525424,3.3728813559322033,3.0084745762711864,3.8983050847457625,0.3728813559322034,0.8389830508474576,0.9576271186440678,0.19491525423728814,0.05084745762711865,0.059322033898305086,0.1016949152542373,0.00847457627118644,0.7796610169491526,0.11864406779661017,0.211864406779661,0.4661016949152542,0.22033898305084745,0.15254237288135594,0.01694915254237288,0.1440677966101695,0.7033898305084746,0.8389830508474576,0.4745762711864407,0.19491525423728814,0.17796610169491525,0.0423728813559322,0.11016949152542373,0.711864406779661,0.847457627118644,0.3135593220338983,0.2288135593220339,0.2288135593220339,0.06779661016949153,0.16101694915254236,0.6101694915254238,0.7711864406779662,0.19491525423728814,0.09322033898305085,0.17796610169491525,0.0423728813559322,0.4915254237288136,0.3305084745762712,0.4661016949152542,0.07627118644067797,0.0423728813559322,0.11864406779661017,0.01694915254237288,0.7457627118644068,0.13559322033898305,0.23728813559322035,21,0.0242185432790685,0.8878589940149425,29,0.269537863770298,0.8096786733157008,68,0.7255945604713097,0.5801452028717204
arctic,persistent_spatial,26,3.3846153846153846,3.3846153846153846,3.923076923076923,4.076923076923077,0.5769230769230769,1.5384615384615385,0.2692307692307692,0.2692307692307692,0.07692307692307693,0.07692307692307693,0.038461538461538464,0.0,0.8076923076923077,0.15384615384615385,0.19230769230769232,0.38461538461538464,0.34615384615384615,0.15384615384615385,0.07692307692307693,0.038461538461538464,0.8076923076923077,0.8846153846153846,0.5384615384615384,0.4230769230769231,0.038461538461538464,0.0,0.0,0.9615384615384616,1.0,0.38461538461538464,0.38461538461538464,0.0,0.07692307692307693,0.15384615384615385,0.8461538461538461,0.7692307692307693,0.15384615384615385,0.2692307692307692,0.038461538461538464,0.038461538461538464,0.5,0.46153846153846156,0.46153846153846156,0.038461538461538464,0.038461538461538464,0.0,0.07692307692307693,0.8461538461538461,0.15384615384615385,0.07692307692307693,5,0.0745753380360113,0.8987572067008979,6,0.17536313679381735,0.912657280781134,15,0.2471896535259491,0.8819545504778276
arctic,release,54,2.3518518518518516,0.0,2.611111111111111,0.0,0.0,0.0,0.0,2.3518518518518516,0.0,0.0,0.0,0.09259259259259259,0.9074074074074074,0.09259259259259259,0.0,0.0,0.0,0.0,0.7592592592592593,0.24074074074074073,0.7592592592592593,0.0,0.0,0.0,0.0,0.7777777777777778,0.2222222222222222,0.7777777777777778,0.0,0.0,0.0,0.0,0.4074074074074074,0.5925925925925926,0.4074074074074074,0.0,0.0,0.0,0.0,0.2777777777777778,0.7222222222222222,0.2777777777777778,0.0,0.0,0.0,0.0,0.037037037037037035,0.9629629629629629,0.037037037037037035,0.0,0,,,16,0.9999999973803406,1.0,38,0.9999999991366333,1.0
arctic,transient,12,3.1666666666666665,3.0833333333333335,3.3333333333333335,3.1666666666666665,0.8333333333333334,0.16666666666666666,0.0,0.08333333333333333,0.0,0.08333333333333333,0.0,0.0,0.9166666666666666,0.08333333333333333,0.08333333333333333,0.8333333333333334,0.08333333333333333,0.0,0.0,0.08333333333333333,0.9166666666666666,0.9166666666666666,0.9166666666666666,0.0,0.0,0.0,0.08333333333333333,0.9166666666666666,0.9166666666666666,0.8333333333333334,0.0,0.0,0.0,0.16666666666666666,0.8333333333333334,0.8333333333333334,0.3333333333333333,0.0,0.0,0.0,0.6666666666666666,0.3333333333333333,0.3333333333333333,0.0,0.0,0.0,0.08333333333333333,0.9166666666666666,0.08333333333333333,0.0,11,0.0237948917482285,0.9515331685958826,0,,,1,0.1710511546050058,0.8947223686379133
taco,amount,72,1.5833333333333333,2.638888888888889,1.875,3.0694444444444446,0.3055555555555556,0.3333333333333333,1.0694444444444444,0.013888888888888888,0.05555555555555555,0.0,0.05555555555555555,0.0,0.8888888888888888,0.05555555555555555,0.1111111111111111,0.2361111111111111,0.027777777777777776,0.18055555555555555,0.0,0.5555555555555556,0.2638888888888889,0.4444444444444444,0.4444444444444444,0.1111111111111111,0.125,0.0,0.3194444444444444,0.5555555555555556,0.6805555555555556,0.18055555555555555,0.05555555555555555,0.375,0.0,0.3888888888888889,0.2361111111111111,0.6111111111111112,0.18055555555555555,0.1111111111111111,0.20833333333333334,0.0,0.5,0.2916666666666667,0.5,0.1388888888888889,0.027777777777777776,0.125,0.013888888888888888,0.6944444444444444,0.18055555555555555,0.2916666666666667,19,0.021479079653553,0.8976353239300466,24,0.7342009075970276,0.5454673532681023,29,1.606461790708972,0.4028969187520885
taco,onset,77,0.16883116883116883,2.8051948051948052,0.23376623376623376,3.5324675324675323,0.012987012987012988,0.09090909090909091,2.7142857142857144,0.07792207792207792,0.0,0.012987012987012988,0.07792207792207792,0.0,0.9090909090909091,0.012987012987012988,0.09090909090909091,0.0,0.012987012987012988,0.4935064935064935,0.03896103896103896,0.45454545454545453,0.05194805194805195,0.5064935064935064,0.0,0.05194805194805195,0.6883116883116883,0.0,0.2597402597402597,0.05194805194805195,0.7402597402597403,0.0,0.0,0.6103896103896104,0.012987012987012988,0.37662337662337664,0.012987012987012988,0.6103896103896104,0.0,0.012987012987012988,0.5454545454545454,0.012987012987012988,0.42857142857142855,0.025974025974025976,0.5584415584415584,0.0,0.0,0.2987012987012987,0.012987012987012988,0.6883116883116883,0.012987012987012988,0.2987012987012987,0,,,17,406470610.0883221,0.0,60,1292225335.5575004,0.0
taco,persistent_mixed,435,3.2091954022988505,3.972413793103448,3.9448275862068964,5.105747126436782,0.3701149425287356,0.8942528735632184,0.8988505747126436,0.135632183908046,0.1425287356321839,0.04597701149425287,0.167816091954023,0.013793103448275862,0.6298850574712643,0.20229885057471264,0.3563218390804598,0.4298850574712644,0.09655172413793103,0.11264367816091954,0.041379310344827586,0.3195402298850575,0.5678160919540229,0.639080459770115,0.542528735632184,0.23218390804597702,0.11494252873563218,0.013793103448275862,0.09655172413793103,0.7885057471264367,0.8896551724137931,0.432183908045977,0.23908045977011494,0.15862068965517243,0.011494252873563218,0.15862068965517243,0.6827586206896552,0.8298850574712644,0.35172413793103446,0.18850574712643678,0.17471264367816092,0.03218390804597701,0.25287356321839083,0.5724137931034483,0.7149425287356321,0.28045977011494255,0.09195402298850575,0.17011494252873563,0.022988505747126436,0.43448275862068964,0.3954022988505747,0.542528735632184,87,0.0366260624280819,0.888694717427447,128,0.2496629608189579,0.7793801017536497,220,0.4726773103213199,0.6577371596011505
taco,persistent_spatial,119,4.184873949579832,4.445378151260504,5.680672268907563,6.117647058823529,0.5210084033613446,1.134453781512605,0.4957983193277311,0.23529411764705882,0.24369747899159663,0.058823529411764705,0.10084033613445378,0.025210084033613446,0.5714285714285714,0.3277310924369748,0.40336134453781514,0.5714285714285714,0.13445378151260504,0.07563025210084033,0.01680672268907563,0.20168067226890757,0.7226890756302521,0.7815126050420168,0.5462184873949579,0.24369747899159663,0.10084033613445378,0.0,0.1092436974789916,0.7899159663865546,0.8907563025210085,0.5378151260504201,0.2773109243697479,0.058823529411764705,0.03361344537815126,0.09243697478991597,0.8487394957983193,0.8739495798319328,0.5210084033613446,0.2605042016806723,0.05042016806722689,0.058823529411764705,0.1092436974789916,0.8403361344537815,0.8319327731092437,0.3949579831932773,0.15966386554621848,0.1092436974789916,0.10084033613445378,0.23529411764705882,0.6554621848739496,0.6638655462184874,29,0.032187254447634,0.8863835478554701,31,0.2045608227868109,0.8393153551657815,59,0.1796057455792454,0.8016916822714089
taco,release,32,1.9375,0.0,2.4375,0.0,0.0,0.0,0.0,1.9375,0.0,0.0,0.0,0.1875,0.8125,0.1875,0.0,0.0,0.0,0.0,0.40625,0.59375,0.40625,0.0,0.0,0.0,0.0,0.28125,0.71875,0.28125,0.0,0.0,0.0,0.0,0.28125,0.71875,0.28125,0.0,0.0,0.0,0.0,0.34375,0.65625,0.34375,0.0,0.0,0.0,0.0,0.4375,0.5625,0.4375,0.0,0,,,13,0.999999997762122,1.0,19,0.9999999990254712,1.0
taco,transient,150,5.013333333333334,5.066666666666666,7.3933333333333335,7.78,0.7466666666666667,1.12,0.18666666666666668,0.13333333333333333,0.4866666666666667,0.12666666666666668,0.06666666666666667,0.04,0.28,0.6533333333333333,0.68,0.6933333333333334,0.16666666666666666,0.02,0.03333333333333333,0.08666666666666667,0.8933333333333333,0.88,0.7333333333333333,0.20666666666666667,0.013333333333333334,0.0,0.04666666666666667,0.94,0.9533333333333334,0.7,0.22,0.02666666666666667,0.013333333333333334,0.04,0.9333333333333333,0.9466666666666667,0.64,0.2,0.02,0.006666666666666667,0.13333333333333333,0.8466666666666667,0.86,0.5066666666666667,0.2,0.04,0.04,0.21333333333333335,0.7466666666666667,0.7466666666666667,54,0.024993496085524952,0.9150015797194312,39,0.1340811552855802,0.8780165189564492,57,0.1068269456275069,0.8722654953128676
